subject,rd_accuracy,rd_balanced_accuracy,nodemean_accuracy,nodemean_balanced_accuracy,eegnet_demean_accuracy,eegnet_demean_balanced_accuracy
1,0.525,0.525,0.5183333333333334,0.5183333333333334,0.5299999999999999,0.5299999999999999
2,0.9500000000000001,0.9500000000000001,0.955,0.955,0.9199999999999999,0.9199999999999999
3,0.9483333333333333,0.9483333333333333,0.94,0.9400000000000001,0.7000000000000001,0.7000000000000001
4,0.9250000000000002,0.9249999999999999,0.93,0.93,0.81,0.81
5,0.8066666666666666,0.8066666666666666,0.805,0.805,0.545,0.545
6,0.7733333333333334,0.7733333333333333,0.7799999999999999,0.7800000000000001,0.735,0.735
7,0.9333333333333335,0.9333333333333332,0.9333333333333332,0.9333333333333332,0.785,0.785
8,0.565,0.565,0.565,0.5650000000000001,0.5733333333333334,0.5733333333333334
9,0.6766666666666666,0.6766666666666666,0.6733333333333333,0.6733333333333333,0.58,0.5800000000000001
10,0.7666666666666666,0.7666666666666666,0.7433333333333333,0.7433333333333335,0.6933333333333334,0.6933333333333334
11,0.5783333333333335,0.5783333333333335,0.5866666666666666,0.5866666666666666,0.5299999999999999,0.5299999999999999
12,0.7133333333333333,0.7133333333333334,0.695,0.695,0.68,0.68
