subject,test_accuracy,test_kappa,selected_pairs,selected_bands
1,0.815,0.63,"[2, 5, 12, 14]","[[12, 16], [24, 28], [16, 20], [24, 28]]"
2,0.775,0.55,"[2, 4, 5, 14]","[[12, 16], [20, 24], [24, 28], [24, 28]]"
3,0.91,0.8200000000000001,"[1, 2, 5, 11]","[[8, 12], [12, 16], [24, 28], [12, 16]]"
4,0.525,0.050000000000000044,"[2, 4, 15, 16]","[[12, 16], [20, 24], [28, 32], [32, 36]]"
5,0.835,0.6699999999999999,"[1, 4, 5, 10]","[[8, 12], [20, 24], [24, 28], [8, 12]]"
6,0.69,0.38,"[2, 5, 8, 16]","[[12, 16], [24, 28], [36, 40], [32, 36]]"
7,0.655,0.31000000000000005,"[1, 10, 16, 17]","[[8, 12], [8, 12], [32, 36], [36, 40]]"
8,0.5,0.0,"[0, 6, 8, 17]","[[4, 8], [28, 32], [36, 40], [36, 40]]"
9,0.505,0.010000000000000009,"[1, 3, 7, 10]","[[8, 12], [16, 20], [32, 36], [8, 12]]"
10,0.505,0.010000000000000009,"[3, 5, 6, 17]","[[16, 20], [24, 28], [28, 32], [36, 40]]"
11,0.49,-0.020000000000000018,"[3, 12, 13, 15]","[[16, 20], [16, 20], [20, 24], [28, 32]]"
12,0.58,0.16000000000000003,"[1, 2, 6, 15]","[[8, 12], [12, 16], [28, 32], [28, 32]]"
13,0.58,0.16000000000000003,"[2, 3, 6, 10]","[[12, 16], [16, 20], [28, 32], [8, 12]]"
14,0.52,0.040000000000000036,"[5, 11, 13, 14]","[[24, 28], [12, 16], [20, 24], [24, 28]]"
15,0.48,-0.040000000000000036,"[1, 9, 15, 16]","[[8, 12], [4, 8], [28, 32], [32, 36]]"
16,0.57,0.14,"[2, 11, 16, 17]","[[12, 16], [12, 16], [32, 36], [36, 40]]"
17,0.54,0.07999999999999996,"[3, 4, 5, 13]","[[16, 20], [20, 24], [24, 28], [20, 24]]"
18,0.8,0.6,"[1, 2, 4, 5]","[[8, 12], [12, 16], [20, 24], [24, 28]]"
19,0.775,0.55,"[1, 4, 10, 12]","[[8, 12], [20, 24], [8, 12], [16, 20]]"
20,0.545,0.08999999999999997,"[11, 13, 14, 15]","[[12, 16], [20, 24], [24, 28], [28, 32]]"
21,0.975,0.95,"[2, 5, 11, 14]","[[12, 16], [24, 28], [12, 16], [24, 28]]"
22,0.64,0.28,"[1, 4, 10, 13]","[[8, 12], [20, 24], [8, 12], [20, 24]]"
23,0.69,0.38,"[3, 4, 12, 13]","[[16, 20], [20, 24], [16, 20], [20, 24]]"
24,0.505,0.010000000000000009,"[4, 5, 14, 17]","[[20, 24], [24, 28], [24, 28], [36, 40]]"
25,0.62,0.24,"[2, 8, 11, 14]","[[12, 16], [36, 40], [12, 16], [24, 28]]"
26,0.515,0.030000000000000027,"[0, 5, 9, 10]","[[4, 8], [24, 28], [4, 8], [8, 12]]"
27,0.53,0.06000000000000005,"[1, 2, 8, 14]","[[8, 12], [12, 16], [36, 40], [24, 28]]"
28,0.89,0.78,"[1, 2, 11, 16]","[[8, 12], [12, 16], [12, 16], [32, 36]]"
29,0.975,0.95,"[5, 7, 8, 16]","[[24, 28], [32, 36], [36, 40], [32, 36]]"
30,0.68,0.36,"[2, 3, 5, 12]","[[12, 16], [16, 20], [24, 28], [16, 20]]"
31,0.665,0.32999999999999996,"[2, 5, 6, 15]","[[12, 16], [24, 28], [28, 32], [28, 32]]"
32,0.79,0.5800000000000001,"[2, 5, 11, 14]","[[12, 16], [24, 28], [12, 16], [24, 28]]"
33,0.895,0.79,"[2, 3, 5, 11]","[[12, 16], [16, 20], [24, 28], [12, 16]]"
34,0.485,-0.030000000000000027,"[0, 4, 9, 17]","[[4, 8], [20, 24], [4, 8], [36, 40]]"
35,0.56,0.12,"[2, 4, 12, 13]","[[12, 16], [20, 24], [16, 20], [20, 24]]"
36,0.985,0.97,"[1, 4, 6, 10]","[[8, 12], [20, 24], [28, 32], [8, 12]]"
37,0.88,0.76,"[2, 5, 11, 14]","[[12, 16], [24, 28], [12, 16], [24, 28]]"
38,0.55,0.09999999999999998,"[5, 12, 13, 15]","[[24, 28], [16, 20], [20, 24], [28, 32]]"
39,0.59,0.18000000000000005,"[5, 10, 11, 14]","[[24, 28], [8, 12], [12, 16], [24, 28]]"
40,0.5,0.0,"[1, 7, 9, 11]","[[8, 12], [32, 36], [4, 8], [12, 16]]"
41,0.605,0.20999999999999996,"[1, 2, 3, 12]","[[8, 12], [12, 16], [16, 20], [16, 20]]"
42,0.62,0.24,"[1, 2, 10, 14]","[[8, 12], [12, 16], [8, 12], [24, 28]]"
43,0.76,0.52,"[2, 5, 6, 11]","[[12, 16], [24, 28], [28, 32], [12, 16]]"
44,0.93,0.86,"[1, 2, 4, 13]","[[8, 12], [12, 16], [20, 24], [20, 24]]"
45,0.87,0.74,"[1, 4, 9, 10]","[[8, 12], [20, 24], [4, 8], [8, 12]]"
46,0.525,0.050000000000000044,"[2, 3, 4, 9]","[[12, 16], [16, 20], [20, 24], [4, 8]]"
47,0.5,0.0,"[6, 8, 11, 13]","[[28, 32], [36, 40], [12, 16], [20, 24]]"
48,0.525,0.050000000000000044,"[1, 3, 10, 12]","[[8, 12], [16, 20], [8, 12], [16, 20]]"
49,0.655,0.31000000000000005,"[1, 2, 10, 11]","[[8, 12], [12, 16], [8, 12], [12, 16]]"
50,0.555,0.10999999999999999,"[2, 7, 14, 17]","[[12, 16], [32, 36], [24, 28], [36, 40]]"
51,0.58,0.16000000000000003,"[0, 2, 11, 15]","[[4, 8], [12, 16], [12, 16], [28, 32]]"
52,0.755,0.51,"[2, 4, 5, 11]","[[12, 16], [20, 24], [24, 28], [12, 16]]"
53,0.525,0.050000000000000044,"[6, 8, 15, 16]","[[28, 32], [36, 40], [28, 32], [32, 36]]"
54,0.525,0.050000000000000044,"[3, 5, 10, 15]","[[16, 20], [24, 28], [8, 12], [28, 32]]"
