subject,test_accuracy,test_kappa,train_trials,test_trials
1,0.73,0.45999999999999996,200,200
2,0.55,0.09999999999999998,200,200
3,0.96,0.92,200,200
4,0.51,0.020000000000000018,200,200
5,0.725,0.44999999999999996,200,200
6,0.765,0.53,200,200
7,0.635,0.27,200,200
8,0.545,0.08999999999999997,200,200
9,0.575,0.15000000000000002,200,200
10,0.51,0.020000000000000018,200,200
11,0.505,0.010000000000000009,200,200
12,0.565,0.13,200,200
13,0.53,0.06000000000000005,200,200
14,0.54,0.07999999999999996,200,200
15,0.495,-0.010000000000000009,200,200
16,0.565,0.13,200,200
17,0.51,0.020000000000000018,200,200
18,0.82,0.64,200,200
19,0.79,0.5800000000000001,200,200
20,0.55,0.09999999999999998,200,200
21,0.96,0.92,200,200
22,0.545,0.08999999999999997,200,200
23,0.585,0.17000000000000004,200,200
24,0.49,-0.020000000000000018,200,200
25,0.595,0.18999999999999995,200,200
26,0.495,-0.010000000000000009,200,200
27,0.515,0.030000000000000027,200,200
28,0.84,0.6799999999999999,200,200
29,0.905,0.81,200,200
30,0.62,0.24,200,200
31,0.57,0.14,200,200
32,0.835,0.6699999999999999,200,200
33,0.785,0.5700000000000001,200,200
34,0.49,-0.020000000000000018,200,200
35,0.51,0.020000000000000018,200,200
36,0.98,0.96,200,200
37,0.83,0.6599999999999999,200,200
38,0.525,0.050000000000000044,200,200
39,0.7,0.4,200,200
40,0.535,0.06999999999999995,200,200
41,0.5,0.0,200,200
42,0.55,0.09999999999999998,200,200
43,0.61,0.21999999999999997,200,200
44,0.96,0.92,200,200
45,0.895,0.79,200,200
46,0.59,0.18000000000000005,200,200
47,0.52,0.040000000000000036,200,200
48,0.51,0.020000000000000018,200,200
49,0.595,0.18999999999999995,200,200
50,0.57,0.14,200,200
51,0.54,0.07999999999999996,200,200
52,0.675,0.35,200,200
53,0.56,0.12,200,200
54,0.545,0.08999999999999997,200,200
