method,subject,seed,retrain_epochs,accuracy,kappa,balanced_accuracy,nll,ece,class0_recall,class1_recall
FBCNet-AuthorFilter-Matched-Demean,1,0,49,0.64,0.28,0.64,0.6370278256980739,0.06110495358705521,0.76,0.52
FBCNet-AuthorFilter-Matched-Demean,1,1,170,0.81,0.62,0.81,0.45683154784901236,0.04794397234916682,0.89,0.73
FBCNet-AuthorFilter-Matched-Demean,1,2,127,0.805,0.61,0.8049999999999999,0.47924494480955926,0.05131684839725497,0.91,0.7
FBCNet-AuthorFilter-Matched-Demean,2,0,272,0.77,0.54,0.77,0.5334557824787355,0.06899107158184048,0.54,1.0
FBCNet-AuthorFilter-Matched-Demean,2,1,256,0.76,0.52,0.76,0.5688775553151647,0.12020517379045484,0.52,1.0
FBCNet-AuthorFilter-Matched-Demean,2,2,242,0.6,0.19999999999999996,0.6,0.8640603448896623,0.26932093679904945,0.2,1.0
FBCNet-AuthorFilter-Matched-Demean,3,0,193,0.935,0.87,0.935,0.18160871657355476,0.033714447319507596,0.92,0.95
FBCNet-AuthorFilter-Matched-Demean,3,1,161,0.94,0.88,0.94,0.16232939438877295,0.024713049829006198,0.94,0.94
FBCNet-AuthorFilter-Matched-Demean,3,2,167,0.95,0.9,0.95,0.15256374641452475,0.036686909198760984,0.96,0.94
FBCNet-AuthorFilter-Matched-Demean,4,0,64,0.745,0.49,0.7450000000000001,0.48060707677454045,0.07486293464899062,0.56,0.93
FBCNet-AuthorFilter-Matched-Demean,4,1,47,0.79,0.5800000000000001,0.79,0.4040862935802453,0.08049280315637589,0.83,0.75
FBCNet-AuthorFilter-Matched-Demean,4,2,68,0.765,0.53,0.765,0.424681941663983,0.04433574736118316,0.68,0.85
FBCNet-AuthorFilter-Matched-Demean,5,0,198,0.77,0.54,0.77,0.49123980181947025,0.07919270902872089,0.68,0.86
FBCNet-AuthorFilter-Matched-Demean,5,1,127,0.78,0.56,0.78,0.4760857650952144,0.024657634496688854,0.7,0.86
FBCNet-AuthorFilter-Matched-Demean,5,2,138,0.785,0.5700000000000001,0.785,0.47920083148763526,0.03529277563095092,0.68,0.89
FBCNet-AuthorFilter-Matched-Demean,6,0,40,0.68,0.36,0.6799999999999999,0.5324892015217317,0.07108070224523545,0.4,0.96
FBCNet-AuthorFilter-Matched-Demean,6,1,33,0.78,0.56,0.78,0.47417359812972926,0.06567986369132997,0.73,0.83
FBCNet-AuthorFilter-Matched-Demean,6,2,115,0.835,0.6699999999999999,0.835,0.3684797118607959,0.037801997959613795,0.73,0.94
FBCNet-AuthorFilter-Matched-Demean,7,0,32,0.565,0.13,0.565,0.7126246871497878,0.0799951681494713,0.42,0.71
FBCNet-AuthorFilter-Matched-Demean,7,1,62,0.615,0.22999999999999998,0.615,0.6479614955502345,0.07375116884708405,0.74,0.49
FBCNet-AuthorFilter-Matched-Demean,7,2,12,0.5,0.0,0.5,0.7276718621186328,0.1197278234362602,0.18,0.82
FBCNet-AuthorFilter-Matched-Demean,8,0,13,0.63,0.26,0.63,0.6515549661297397,0.03884857177734369,0.77,0.49
FBCNet-AuthorFilter-Matched-Demean,8,1,58,0.65,0.30000000000000004,0.6499999999999999,0.6367003033603988,0.054115579426288585,0.6,0.7
FBCNet-AuthorFilter-Matched-Demean,8,2,76,0.64,0.28,0.64,0.6727742514745187,0.06184011608362199,0.65,0.63
FBCNet-AuthorFilter-Matched-Demean,9,0,146,0.775,0.55,0.775,0.49914111308113107,0.047250331342220286,0.74,0.81
FBCNet-AuthorFilter-Matched-Demean,9,1,116,0.755,0.51,0.755,0.5365345584715112,0.06088671535253524,0.63,0.88
FBCNet-AuthorFilter-Matched-Demean,9,2,168,0.765,0.53,0.7649999999999999,0.4904437421994598,0.045438035428524017,0.69,0.84
FBCNet-AuthorFilter-Matched-Demean,10,0,56,0.635,0.27,0.635,0.6699299481084887,0.08567600220441822,0.69,0.58
FBCNet-AuthorFilter-Matched-Demean,10,1,31,0.64,0.28,0.64,0.6536289342630315,0.08485333710908889,0.76,0.52
FBCNet-AuthorFilter-Matched-Demean,10,2,46,0.585,0.17000000000000004,0.585,0.6778871923490959,0.1299881267547608,0.72,0.45
FBCNet-AuthorFilter-Matched-Demean,11,0,50,0.505,0.010000000000000009,0.505,0.8287160359719374,0.20311006546020513,0.56,0.45
FBCNet-AuthorFilter-Matched-Demean,11,1,26,0.505,0.010000000000000009,0.505,0.7832837135710116,0.1734645760059357,0.73,0.28
FBCNet-AuthorFilter-Matched-Demean,11,2,16,0.5,0.0,0.5,0.8292469276599631,0.2025134032964706,0.74,0.26
FBCNet-AuthorFilter-Matched-Demean,12,0,9,0.51,0.020000000000000018,0.51,0.7413922633672598,0.12295180916786191,0.32,0.7
FBCNet-AuthorFilter-Matched-Demean,12,1,6,0.495,-0.010000000000000009,0.495,0.8001945254316432,0.2095695039629936,0.21,0.78
FBCNet-AuthorFilter-Matched-Demean,12,2,14,0.54,0.07999999999999996,0.54,0.7310107979720111,0.12265518546104433,0.53,0.55
FBCNet-AuthorFilter-Matched-Demean,13,0,5,0.5,0.0,0.5,0.7964623325254095,0.19468410223722457,0.07,0.93
FBCNet-AuthorFilter-Matched-Demean,13,1,33,0.53,0.06000000000000005,0.53,0.7956047669293858,0.1560384157299996,0.76,0.3
FBCNet-AuthorFilter-Matched-Demean,13,2,8,0.505,0.010000000000000009,0.505,0.847277744144573,0.21246391773223877,0.06,0.95
FBCNet-AuthorFilter-Matched-Demean,14,0,61,0.51,0.020000000000000018,0.51,0.8013976050365783,0.19765463441610334,0.64,0.38
FBCNet-AuthorFilter-Matched-Demean,14,1,36,0.51,0.020000000000000018,0.51,0.7676302022863396,0.16833185851573942,0.6,0.42
FBCNet-AuthorFilter-Matched-Demean,14,2,36,0.54,0.07999999999999996,0.54,0.7980565390162238,0.14282320052385328,0.44,0.64
FBCNet-AuthorFilter-Matched-Demean,15,0,41,0.555,0.10999999999999999,0.555,0.7680536285174578,0.2067248672246933,0.9,0.21
FBCNet-AuthorFilter-Matched-Demean,15,1,127,0.67,0.33999999999999997,0.67,0.6461461563527287,0.0908726978302002,0.67,0.67
FBCNet-AuthorFilter-Matched-Demean,15,2,90,0.66,0.31999999999999995,0.66,0.6627932877865714,0.09231760919094081,0.78,0.54
FBCNet-AuthorFilter-Matched-Demean,16,0,40,0.59,0.18000000000000005,0.5900000000000001,0.7079031518293794,0.10483479976654053,0.66,0.52
FBCNet-AuthorFilter-Matched-Demean,16,1,70,0.61,0.21999999999999997,0.6100000000000001,0.7144256967396666,0.08472696453332901,0.55,0.67
FBCNet-AuthorFilter-Matched-Demean,16,2,20,0.58,0.16000000000000003,0.5800000000000001,0.7040757702108867,0.08759149134159087,0.54,0.62
FBCNet-AuthorFilter-Matched-Demean,17,0,130,0.61,0.21999999999999997,0.61,0.7700895209146307,0.15784355312585835,0.42,0.8
FBCNet-AuthorFilter-Matched-Demean,17,1,102,0.605,0.20999999999999996,0.605,0.7546183519189653,0.14305313706398007,0.7,0.51
FBCNet-AuthorFilter-Matched-Demean,17,2,222,0.595,0.18999999999999995,0.595,0.7256410849995373,0.15779321521520615,0.68,0.51
FBCNet-AuthorFilter-Matched-Demean,18,0,201,0.855,0.71,0.855,0.3331315430656211,0.04313724488019941,0.92,0.79
FBCNet-AuthorFilter-Matched-Demean,18,1,188,0.845,0.69,0.845,0.3508040784599987,0.04689362734556193,0.88,0.81
FBCNet-AuthorFilter-Matched-Demean,18,2,114,0.88,0.76,0.88,0.29526118591068623,0.06285334587097165,0.81,0.95
FBCNet-AuthorFilter-Matched-Demean,19,0,42,0.685,0.37,0.685,0.5610211385668861,0.043687864542007425,0.67,0.7
FBCNet-AuthorFilter-Matched-Demean,19,1,102,0.725,0.44999999999999996,0.725,0.5385880229881725,0.04432240605354311,0.6,0.85
FBCNet-AuthorFilter-Matched-Demean,19,2,38,0.625,0.25,0.625,0.7059910708327812,0.16022095471620562,0.28,0.97
FBCNet-AuthorFilter-Matched-Demean,20,0,25,0.555,0.10999999999999999,0.5549999999999999,0.704531263937607,0.10472107023000718,0.5,0.61
FBCNet-AuthorFilter-Matched-Demean,20,1,17,0.575,0.15000000000000002,0.575,0.6818760402227411,0.08359083384275434,0.58,0.57
FBCNet-AuthorFilter-Matched-Demean,20,2,72,0.57,0.14,0.5700000000000001,0.7453214284256316,0.14498356014490124,0.76,0.38
FBCNet-AuthorFilter-Matched-Demean,21,0,294,1.0,1.0,1.0,0.048275887801712714,0.04335742950439454,1.0,1.0
FBCNet-AuthorFilter-Matched-Demean,21,1,176,1.0,1.0,1.0,0.03664920155810533,0.033861492276191736,1.0,1.0
FBCNet-AuthorFilter-Matched-Demean,21,2,280,0.995,0.99,0.995,0.06203771425670298,0.04662493795156476,1.0,0.99
FBCNet-AuthorFilter-Matched-Demean,22,0,77,0.68,0.36,0.6799999999999999,0.6100800689284877,0.05765161991119387,0.86,0.5
FBCNet-AuthorFilter-Matched-Demean,22,1,57,0.74,0.48,0.74,0.5536519030618753,0.05061030805110932,0.67,0.81
FBCNet-AuthorFilter-Matched-Demean,22,2,88,0.725,0.44999999999999996,0.725,0.5558922513930044,0.04036196798086165,0.63,0.82
FBCNet-AuthorFilter-Matched-Demean,23,0,36,0.57,0.14,0.5700000000000001,0.7168429742122245,0.10097973346710203,0.62,0.52
FBCNet-AuthorFilter-Matched-Demean,23,1,14,0.575,0.15000000000000002,0.5750000000000001,0.7616374310535283,0.13231795847415923,0.92,0.23
FBCNet-AuthorFilter-Matched-Demean,23,2,50,0.555,0.10999999999999999,0.555,0.8019535713978803,0.16476563096046454,0.31,0.8
FBCNet-AuthorFilter-Matched-Demean,24,0,22,0.495,-0.010000000000000009,0.495,0.9127860188535979,0.22024100571870803,0.22,0.77
FBCNet-AuthorFilter-Matched-Demean,24,1,40,0.525,0.050000000000000044,0.525,0.9089040430143026,0.2088748612999916,0.37,0.68
FBCNet-AuthorFilter-Matched-Demean,24,2,15,0.49,-0.020000000000000018,0.49,0.8035015275507013,0.18126096814870835,0.58,0.4
FBCNet-AuthorFilter-Matched-Demean,25,0,34,0.65,0.30000000000000004,0.65,0.6372136374569396,0.0636999040842056,0.75,0.55
FBCNet-AuthorFilter-Matched-Demean,25,1,50,0.6,0.19999999999999996,0.6000000000000001,0.7413448153602968,0.1300719040632248,0.56,0.64
FBCNet-AuthorFilter-Matched-Demean,25,2,67,0.62,0.24,0.6200000000000001,0.7423812846305027,0.13904358923435212,0.56,0.68
FBCNet-AuthorFilter-Matched-Demean,26,0,86,0.605,0.20999999999999996,0.605,0.7442518947761636,0.1600266721844673,0.37,0.84
FBCNet-AuthorFilter-Matched-Demean,26,1,68,0.605,0.20999999999999996,0.605,0.7208601589714888,0.1184573420882225,0.47,0.74
FBCNet-AuthorFilter-Matched-Demean,26,2,70,0.6,0.19999999999999996,0.6000000000000001,0.6992672702253327,0.12732657998800279,0.65,0.55
FBCNet-AuthorFilter-Matched-Demean,27,0,14,0.51,0.020000000000000018,0.51,0.7803598002992024,0.16208222061395644,0.8,0.22
FBCNet-AuthorFilter-Matched-Demean,27,1,28,0.525,0.050000000000000044,0.525,0.827630532866717,0.20231496423482895,0.79,0.26
FBCNet-AuthorFilter-Matched-Demean,27,2,62,0.605,0.20999999999999996,0.605,0.7897583608369781,0.13812290579080583,0.68,0.53
FBCNet-AuthorFilter-Matched-Demean,28,0,156,0.93,0.86,0.9299999999999999,0.21424534387103975,0.052464081346988656,0.98,0.88
FBCNet-AuthorFilter-Matched-Demean,28,1,286,0.965,0.9299999999999999,0.965,0.16386319713964206,0.08398540496826168,0.96,0.97
FBCNet-AuthorFilter-Matched-Demean,28,2,206,0.95,0.9,0.95,0.15914546515642536,0.055076456069946315,0.97,0.93
FBCNet-AuthorFilter-Matched-Demean,29,0,102,0.88,0.76,0.88,0.2504503975028811,0.02694373190402988,0.78,0.98
FBCNet-AuthorFilter-Matched-Demean,29,1,92,0.95,0.9,0.95,0.1646203083147244,0.05749490261077876,0.95,0.95
FBCNet-AuthorFilter-Matched-Demean,29,2,64,0.925,0.85,0.925,0.19885109375067478,0.06798272639513014,0.91,0.94
FBCNet-AuthorFilter-Matched-Demean,30,0,122,0.625,0.25,0.625,0.7164648362182098,0.11443676918745041,0.67,0.58
FBCNet-AuthorFilter-Matched-Demean,30,1,64,0.645,0.29000000000000004,0.645,0.691226870784349,0.1177294519543648,0.59,0.7
FBCNet-AuthorFilter-Matched-Demean,30,2,50,0.605,0.20999999999999996,0.605,0.8180984830093903,0.11953711867332453,0.4,0.81
FBCNet-AuthorFilter-Matched-Demean,31,0,26,0.545,0.08999999999999997,0.545,0.728185640703893,0.09355119466781618,0.8,0.29
FBCNet-AuthorFilter-Matched-Demean,31,1,29,0.555,0.10999999999999999,0.5549999999999999,0.7097572047057602,0.08616680830717087,0.53,0.58
FBCNet-AuthorFilter-Matched-Demean,31,2,48,0.585,0.17000000000000004,0.585,0.7132307559375147,0.1478115898370743,0.52,0.65
FBCNet-AuthorFilter-Matched-Demean,32,0,18,0.58,0.16000000000000003,0.58,0.6765216726605898,0.16838461995124818,0.99,0.17
FBCNet-AuthorFilter-Matched-Demean,32,1,12,0.62,0.24,0.62,0.6604988941600121,0.0489825728535652,0.89,0.35
FBCNet-AuthorFilter-Matched-Demean,32,2,52,0.81,0.62,0.81,0.46701634950507176,0.08797263324260711,0.86,0.76
FBCNet-AuthorFilter-Matched-Demean,33,0,265,0.955,0.91,0.9550000000000001,0.14000829998490513,0.037086547315120684,0.91,1.0
FBCNet-AuthorFilter-Matched-Demean,33,1,236,0.95,0.9,0.95,0.15012408764006765,0.032803084552288066,0.9,1.0
FBCNet-AuthorFilter-Matched-Demean,33,2,246,0.96,0.92,0.96,0.11969441067082862,0.04194510906934736,0.92,1.0
FBCNet-AuthorFilter-Matched-Demean,34,0,18,0.55,0.09999999999999998,0.55,0.717177108357439,0.13512090623378753,0.97,0.13
FBCNet-AuthorFilter-Matched-Demean,34,1,14,0.625,0.25,0.625,0.6578962787767625,0.03421548962593074,0.86,0.39
FBCNet-AuthorFilter-Matched-Demean,34,2,21,0.595,0.18999999999999995,0.595,0.6749995210737606,0.04926010578870776,0.81,0.38
FBCNet-AuthorFilter-Matched-Demean,35,0,72,0.73,0.45999999999999996,0.73,0.5818095298883358,0.08382214874029163,0.6,0.86
FBCNet-AuthorFilter-Matched-Demean,35,1,254,0.69,0.38,0.69,0.6771226918018647,0.12112356096506122,0.53,0.85
FBCNet-AuthorFilter-Matched-Demean,35,2,70,0.655,0.31000000000000005,0.655,0.6350105030302101,0.08999005556106567,0.75,0.56
FBCNet-AuthorFilter-Matched-Demean,36,0,74,0.96,0.92,0.96,0.10747365597604233,0.011103666126728065,0.93,0.99
FBCNet-AuthorFilter-Matched-Demean,36,1,264,0.98,0.96,0.98,0.06797781938374656,0.01921372264623647,0.97,0.99
FBCNet-AuthorFilter-Matched-Demean,36,2,144,0.975,0.95,0.975,0.06084700968456022,0.01629679948091502,0.95,1.0
FBCNet-AuthorFilter-Matched-Demean,37,0,276,0.935,0.87,0.935,0.15292550892572365,0.05331767261028287,0.97,0.9
FBCNet-AuthorFilter-Matched-Demean,37,1,152,0.935,0.87,0.935,0.16651077928720487,0.04790435224771498,0.93,0.94
FBCNet-AuthorFilter-Matched-Demean,37,2,253,0.94,0.88,0.94,0.16076171313099927,0.04229562491178511,0.97,0.91
FBCNet-AuthorFilter-Matched-Demean,38,0,48,0.535,0.06999999999999995,0.535,0.739859283957059,0.11082105100154876,0.61,0.46
FBCNet-AuthorFilter-Matched-Demean,38,1,22,0.48,-0.040000000000000036,0.48,0.7333829482098104,0.1447521603107452,0.41,0.55
FBCNet-AuthorFilter-Matched-Demean,38,2,46,0.525,0.050000000000000044,0.525,0.7537592032128835,0.1226707383990288,0.63,0.42
FBCNet-AuthorFilter-Matched-Demean,39,0,35,0.51,0.020000000000000018,0.51,0.8379258433882574,0.23927452147006986,0.91,0.11
FBCNet-AuthorFilter-Matched-Demean,39,1,88,0.74,0.48,0.74,0.5618080664652726,0.03255543053150177,0.74,0.74
FBCNet-AuthorFilter-Matched-Demean,39,2,126,0.66,0.31999999999999995,0.6599999999999999,0.6302915790313228,0.12238939225673678,0.38,0.94
FBCNet-AuthorFilter-Matched-Demean,40,0,29,0.54,0.07999999999999996,0.54,0.7681821591720756,0.1771576750278473,0.94,0.14
FBCNet-AuthorFilter-Matched-Demean,40,1,29,0.52,0.040000000000000036,0.52,0.7891482802308946,0.1756372508406639,0.73,0.31
FBCNet-AuthorFilter-Matched-Demean,40,2,17,0.58,0.16000000000000003,0.58,0.6904939380062006,0.05254711031913755,0.72,0.44
FBCNet-AuthorFilter-Matched-Demean,41,0,30,0.485,-0.030000000000000027,0.485,0.8168771871686877,0.20158538937568662,0.39,0.58
FBCNet-AuthorFilter-Matched-Demean,41,1,44,0.51,0.020000000000000018,0.51,0.8426516776585173,0.17939498096704484,0.45,0.57
FBCNet-AuthorFilter-Matched-Demean,41,2,26,0.48,-0.040000000000000036,0.48,0.8065798500406717,0.18275802373886105,0.53,0.43
FBCNet-AuthorFilter-Matched-Demean,42,0,20,0.56,0.12,0.56,0.7092162903267152,0.08980642676353456,0.36,0.76
FBCNet-AuthorFilter-Matched-Demean,42,1,4,0.545,0.08999999999999997,0.545,0.7181673340121639,0.09582426220178604,0.45,0.64
FBCNet-AuthorFilter-Matched-Demean,42,2,10,0.565,0.13,0.565,0.7399757586607453,0.11754328876733779,0.31,0.82
FBCNet-AuthorFilter-Matched-Demean,43,0,87,0.765,0.53,0.765,0.5036375691813241,0.05178281038999557,0.6,0.93
FBCNet-AuthorFilter-Matched-Demean,43,1,95,0.78,0.56,0.78,0.46932494593045193,0.10749292254447936,0.72,0.84
FBCNet-AuthorFilter-Matched-Demean,43,2,106,0.825,0.65,0.825,0.45254442907015635,0.11910407632589336,0.78,0.87
FBCNet-AuthorFilter-Matched-Demean,44,0,192,0.97,0.94,0.97,0.09744516184326578,0.03287937581539156,0.98,0.96
FBCNet-AuthorFilter-Matched-Demean,44,1,182,0.985,0.97,0.985,0.07238085955592172,0.04003522068262099,0.98,0.99
FBCNet-AuthorFilter-Matched-Demean,44,2,208,0.98,0.96,0.98,0.08055502033468664,0.029354860484600027,0.99,0.97
FBCNet-AuthorFilter-Matched-Demean,45,0,74,0.84,0.6799999999999999,0.8400000000000001,0.35478351076148745,0.011465831100940646,0.79,0.89
FBCNet-AuthorFilter-Matched-Demean,45,1,131,0.86,0.72,0.8600000000000001,0.3118211038968298,0.03972986042499542,0.79,0.93
FBCNet-AuthorFilter-Matched-Demean,45,2,168,0.86,0.72,0.86,0.2894223196202534,0.03870775312185287,0.87,0.85
FBCNet-AuthorFilter-Matched-Demean,46,0,12,0.57,0.14,0.5700000000000001,0.7084505087747295,0.12747080922126772,0.25,0.89
FBCNet-AuthorFilter-Matched-Demean,46,1,12,0.525,0.050000000000000044,0.525,0.7242483308656498,0.18195132344961162,0.19,0.86
FBCNet-AuthorFilter-Matched-Demean,46,2,26,0.695,0.39,0.6950000000000001,0.6027730122312005,0.04817949622869492,0.67,0.72
FBCNet-AuthorFilter-Matched-Demean,47,0,4,0.495,-0.010000000000000009,0.495,1.0231179084541104,0.32072150975465774,0.98,0.01
FBCNet-AuthorFilter-Matched-Demean,47,1,26,0.525,0.050000000000000044,0.5249999999999999,0.7091030479731114,0.11701373547315597,0.57,0.48
FBCNet-AuthorFilter-Matched-Demean,47,2,10,0.555,0.10999999999999999,0.555,0.7307927413988685,0.1120821598172188,0.45,0.66
FBCNet-AuthorFilter-Matched-Demean,48,0,73,0.615,0.22999999999999998,0.615,0.7816809164742327,0.13790782064199447,0.61,0.62
FBCNet-AuthorFilter-Matched-Demean,48,1,70,0.595,0.18999999999999995,0.595,0.7989198282459846,0.16771756917238234,0.71,0.48
FBCNet-AuthorFilter-Matched-Demean,48,2,52,0.58,0.16000000000000003,0.5800000000000001,0.7675050148111796,0.15768235653638837,0.49,0.67
FBCNet-AuthorFilter-Matched-Demean,49,0,100,0.65,0.30000000000000004,0.6499999999999999,0.6216651257830434,0.08363609075546267,0.47,0.83
FBCNet-AuthorFilter-Matched-Demean,49,1,108,0.68,0.36,0.6799999999999999,0.6204181855324055,0.08048736751079562,0.69,0.67
FBCNet-AuthorFilter-Matched-Demean,49,2,20,0.6,0.19999999999999996,0.6,0.6751441931523064,0.03946632802486419,0.84,0.36
FBCNet-AuthorFilter-Matched-Demean,50,0,20,0.515,0.030000000000000027,0.515,0.8719481945711296,0.25186734259128574,0.05,0.98
FBCNet-AuthorFilter-Matched-Demean,50,1,96,0.55,0.09999999999999998,0.55,0.8264483202667825,0.1991847065091133,0.23,0.87
FBCNet-AuthorFilter-Matched-Demean,50,2,42,0.535,0.06999999999999995,0.535,0.8063400446875097,0.177471689581871,0.15,0.92
FBCNet-AuthorFilter-Matched-Demean,51,0,26,0.57,0.14,0.57,0.7235806695194172,0.10139483273029327,0.82,0.32
FBCNet-AuthorFilter-Matched-Demean,51,1,88,0.65,0.30000000000000004,0.65,0.6890898608881131,0.06716140598058701,0.67,0.63
FBCNet-AuthorFilter-Matched-Demean,51,2,82,0.665,0.32999999999999996,0.665,0.674546193511062,0.10185286968946457,0.71,0.62
FBCNet-AuthorFilter-Matched-Demean,52,0,72,0.665,0.32999999999999996,0.665,0.6321061137049746,0.07855164915323258,0.81,0.52
FBCNet-AuthorFilter-Matched-Demean,52,1,102,0.675,0.35,0.675,0.6108441104272496,0.05094729870557784,0.7,0.65
FBCNet-AuthorFilter-Matched-Demean,52,2,68,0.615,0.22999999999999998,0.615,0.731495546700107,0.1711886140704155,0.94,0.29
FBCNet-AuthorFilter-Matched-Demean,53,0,32,0.495,-0.010000000000000009,0.495,0.7952759337223605,0.17284024000167847,0.36,0.63
FBCNet-AuthorFilter-Matched-Demean,53,1,24,0.5,0.0,0.5,0.8078734610142427,0.16079310625791549,0.48,0.52
FBCNet-AuthorFilter-Matched-Demean,53,2,40,0.515,0.030000000000000027,0.515,0.9118223563229484,0.23279745101928712,0.17,0.86
FBCNet-AuthorFilter-Matched-Demean,54,0,39,0.51,0.020000000000000018,0.51,0.7666996783117235,0.1629244583845138,0.46,0.56
FBCNet-AuthorFilter-Matched-Demean,54,1,50,0.53,0.06000000000000005,0.53,0.8210763788038846,0.18294128835201262,0.26,0.8
FBCNet-AuthorFilter-Matched-Demean,54,2,43,0.5,0.0,0.5,0.7474537119649802,0.16644892811775208,0.58,0.42
