subject,condition,accuracy,nll,brier,correct_margin
1,beta_only_13_30,0.6633333365122477,0.6387575268745422,0.4357053339481354,0.6736635764439901
1,full,0.6766666571299235,0.6298500796159109,0.4249254862467448,0.710127592086792
1,non_smr_only_4_8_30_40,0.578333338101705,0.7703144947687784,0.5301011006037394,0.3486087918281555
1,only_13_20,0.6650000015894572,0.6385494867960612,0.4350682596365611,0.6753903329372406
1,only_20_30,0.621666669845581,0.7226478060086569,0.5025756657123566,0.3667951176563899
1,only_30_40,0.6083333293596903,0.7269582748413086,0.5062408248583475,0.35559222598870593
1,only_4_8,0.5833333333333334,0.7753122250239054,0.5308398405710856,0.3380289524793625
1,only_8_13,0.6866666674613953,0.6208557585875193,0.41428321599960327,0.7241168816884359
1,raw_only,0.5999999841054281,0.7297647396723429,0.5080955823262533,0.33575675388177234
1,remove_13_20,0.6516666611035665,0.6598366498947144,0.44581114252408344,0.6265500982602438
1,remove_20_30,0.6766666571299235,0.6313267350196838,0.42512112855911255,0.7080668012301127
1,remove_30_40,0.674999992052714,0.6311234335104624,0.4248511294523875,0.7081182599067688
1,remove_4_8,0.6866666674613953,0.6049064894517263,0.4080324172973633,0.7679561575253805
1,remove_8_13,0.6350000103314718,0.6699331005414327,0.4579320251941681,0.598770409822464
1,smr_only_8_30,0.6933333476384481,0.604659229516983,0.40742791692415875,0.7693051099777222
1,spectral_full,0.6966666777928671,1.0671311219533284,0.49498560031255084,2.688120722770691
2,beta_only_13_30,0.6783333222071329,1.1721542278925579,0.5505140771468481,2.0823526779810586
2,full,0.674999992052714,1.1844931145509083,0.557934840520223,2.0392030477523804
2,non_smr_only_4_8_30_40,0.6399999856948853,1.1629371643066406,0.5824278394381205,1.5252420504887898
2,only_13_20,0.6183333396911621,1.2152260939280193,0.6222227414449056,1.347728927930196
2,only_20_30,0.6850000023841858,1.1585886875788372,0.5461469342311224,2.1020216941833496
2,only_30_40,0.6583333412806193,1.0344746708869934,0.5376643439133962,1.4700206915537517
2,only_4_8,0.653333326180776,1.085904856522878,0.5522456665833791,1.54435133934021
2,only_8_13,0.6383333404858907,1.1232988437016804,0.5859468380610148,1.4228524367014568
2,raw_only,0.6883333126703898,0.6782672007878622,0.4249046941598256,1.3354009787241619
2,remove_13_20,0.6766666571299235,1.1727372606595357,0.5525905092557272,2.0743813117345176
2,remove_20_30,0.6133333444595337,1.293416937192281,0.6372237702210745,1.4329322576522827
2,remove_30_40,0.6783333222071329,1.1683423618475597,0.5493060102065405,2.071909467379252
2,remove_4_8,0.6766666571299235,1.1832016110420227,0.5551960120598475,2.0589863061904907
2,remove_8_13,0.6699999968210856,1.1898294985294342,0.5626015315453211,2.0280456940333047
2,smr_only_8_30,0.6833333373069763,1.1690733631451924,0.5479740152756373,2.091174046198527
2,spectral_full,0.621666669845581,7.723483959833781,0.7558226982752482,4.608241386711597
3,beta_only_13_30,0.7033333281675974,0.499940147002538,0.34616567691167194,1.184744529115657
3,full,0.7566666702429453,0.4068666299184163,0.27436191340287525,1.699058715486899
3,non_smr_only_4_8_30_40,0.6166666646798452,0.6636707584063212,0.46091629068056744,0.500141124551495
3,only_13_20,0.7183333337306976,0.47619909048080444,0.3252986818552017,1.2405884869707127
3,only_20_30,0.5933333337306976,0.6649367213249207,0.47179388006528217,0.5638153604231775
3,only_30_40,0.6266666750113169,0.6438121199607849,0.4488694171110789,0.442355506742994
3,only_4_8,0.6133333345254263,0.6749536991119385,0.4686613976955414,0.49959317563722533
3,only_8_13,0.77333332101504,0.3821855088075002,0.25366827348868054,1.7799380351789296
3,raw_only,0.6233333150545756,0.6332602898279825,0.44201338291168213,0.4298285286252697
3,remove_13_20,0.7600000003973643,0.40260015924771625,0.27099159856637317,1.7151853348671768
3,remove_20_30,0.7600000003973643,0.39715127646923065,0.265947458644708,1.7362962855938047
3,remove_30_40,0.7533333400885264,0.4089459031820297,0.2758154918750127,1.6930600603421528
3,remove_4_8,0.7649999956289927,0.39507972697416943,0.26414870470762253,1.7332024494729315
3,remove_8_13,0.6983333130677541,0.5197629928588867,0.35862478117148083,1.1278988290578127
3,smr_only_8_30,0.7633333305517832,0.3972558875878652,0.2657184725006421,1.723746861020724
3,spectral_full,0.7766666809717814,0.8474548061688741,0.30087046325206757,8.85384114831686
4,beta_only_13_30,0.8166666626930237,0.3952453633149465,0.2563712149858475,2.6600684324900308
4,full,0.824999988079071,0.37670756379763287,0.24421008427937826,3.0381420453389487
4,non_smr_only_4_8_30_40,0.824999988079071,0.3860648075739543,0.2472908099492391,2.9885079860687256
4,only_13_20,0.8116666674613953,0.39419782161712646,0.2568628291289012,2.68475333849589
4,only_20_30,0.8149999976158142,0.40503935019175213,0.260899156332016,2.594705661137899
4,only_30_40,0.8149999976158142,0.3912181854248047,0.25348280370235443,2.5664684772491455
4,only_4_8,0.8199999928474426,0.395358274380366,0.251006821791331,2.978086074193319
4,only_8_13,0.7916666666666666,0.4179631570974986,0.2679957648118337,2.788522958755493
4,raw_only,0.800000011920929,0.4250919322172801,0.2707882622877757,2.545381943384806
4,remove_13_20,0.824999988079071,0.3808363477389018,0.24539056420326233,3.0365978876749673
4,remove_20_30,0.8233333230018616,0.37956265608469647,0.24510855476061502,3.0447593530019126
4,remove_30_40,0.824999988079071,0.381334255139033,0.24604537089665732,3.0521620909372964
4,remove_4_8,0.8166666626930237,0.3878883918126424,0.252118984858195,2.753739913304647
4,remove_8_13,0.82833331823349,0.37696969509124756,0.24427132308483124,3.007805426915487
4,smr_only_8_30,0.8116666674613953,0.39315566420555115,0.25466784338156384,2.786781152089437
4,spectral_full,0.7916666666666666,0.9314079085985819,0.3636878232161204,3.869408210118612
5,beta_only_13_30,0.7099999984105428,0.6771028339862823,0.4125481645266215,1.2448566953341167
5,full,0.7516666849454244,0.5790902078151703,0.35437555114428204,1.6921804348627727
5,non_smr_only_4_8_30_40,0.6116666793823242,0.9647199908892313,0.5684753259023031,0.7753990491231283
5,only_13_20,0.6516666611035665,0.8629333774248759,0.5171347657839457,0.8575948278109232
5,only_20_30,0.699999988079071,0.7020579775174459,0.43627919753392536,1.0567092696825664
5,only_30_40,0.6299999952316284,0.8676637013753256,0.5382541418075562,0.622226337591807
5,only_4_8,0.6083333492279053,0.9668274919191996,0.5718015631039938,0.7729192773501078
5,only_8_13,0.7650000055631002,0.5462237000465393,0.338809609413147,1.7199314435323079
5,raw_only,0.625,0.8425582448641459,0.5303099751472473,0.5824232896169027
5,remove_13_20,0.7283333341280619,0.6196598410606384,0.3817894558111827,1.6020748615264893
5,remove_20_30,0.746666669845581,0.5989528695742289,0.3643891016642253,1.639620025952657
5,remove_30_40,0.75,0.5940161943435669,0.3644056220849355,1.663282076517741
5,remove_4_8,0.7900000015894572,0.4922279715538025,0.300879567861557,1.868065317471822
5,remove_8_13,0.6733333269755045,0.8220200339953104,0.4900208115577698,1.1017187039057414
5,smr_only_8_30,0.7900000015894572,0.5040177504221598,0.3077423522869746,1.8454179763793945
5,spectral_full,0.8166666626930237,1.3599263827006023,0.3413138786951701,7.8872749010721845
6,beta_only_13_30,0.8983333508173624,0.26044679681460065,0.15536517898241678,2.741167942682902
6,full,0.9166666865348816,0.22206659615039825,0.12596538414557776,3.134878079096476
6,non_smr_only_4_8_30_40,0.9183333516120911,0.221349169810613,0.12496289610862732,3.1579643090566
6,only_13_20,0.896666685740153,0.2612467408180237,0.15626736481984457,2.7525648276011148
6,only_20_30,0.8933333357175192,0.2586790819962819,0.15410248438517252,2.683351914087931
6,only_30_40,0.8950000007947286,0.2554595122734706,0.1509774774312973,2.687496026357015
6,only_4_8,0.9166666666666666,0.2235457201798757,0.12652337551116943,3.1561248302459717
6,only_8_13,0.8916666507720947,0.2409886916478475,0.14305468400319418,2.9049973487854004
6,raw_only,0.8866666754086813,0.2626725733280182,0.15867913762728372,2.688717842102051
6,remove_13_20,0.9200000166893005,0.22021416823069254,0.12440868467092514,3.1487850348154702
6,remove_20_30,0.9166666865348816,0.22217710812886557,0.12620137880245844,3.139458497365316
6,remove_30_40,0.9166666865348816,0.22296021382013956,0.12685525665680566,3.1369447708129883
6,remove_4_8,0.8983333508173624,0.24365150928497314,0.1434683303038279,2.8711721897125244
6,remove_8_13,0.9150000015894572,0.22368373473485312,0.12719489137331644,3.1417507330576577
6,smr_only_8_30,0.893333355585734,0.24480349818865457,0.14489136636257172,2.8798298835754395
6,spectral_full,0.8816666603088379,0.3468240300814311,0.18734441697597504,3.8398597240448
7,beta_only_13_30,0.7766666611035665,0.5134023328622183,0.32868032654126483,1.5505973100662231
7,full,0.7866666714350382,0.5017839968204498,0.3121570448080699,1.7174335320790608
7,non_smr_only_4_8_30_40,0.7700000007947286,0.5087285240491232,0.31910547614097595,1.6972225109736125
7,only_13_20,0.7733333309491476,0.5165682137012482,0.33131249745686847,1.550824522972107
7,only_20_30,0.7766666611035665,0.5026512940724691,0.32194193204243976,1.5371540387471516
7,only_30_40,0.7799999912579855,0.49953746795654297,0.32010777791341144,1.5486364761988323
7,only_4_8,0.7649999856948853,0.521925687789917,0.32652848958969116,1.6776202122370403
7,only_8_13,0.7883333166440328,0.5054000914096832,0.31756534179051715,1.6215646664301555
7,raw_only,0.774999996026357,0.5023316740989685,0.322841356197993,1.526438554128011
7,remove_13_20,0.7866666515668234,0.4995756546656291,0.3105341096719106,1.7234394947687786
7,remove_20_30,0.7833333412806193,0.5027004877726237,0.31231489777565,1.7244653304417927
7,remove_30_40,0.7849999864896139,0.5055483976999918,0.31412137548128766,1.7200242678324382
7,remove_4_8,0.7900000015894572,0.5052204926808676,0.3191848397254944,1.6122955083847046
7,remove_8_13,0.7733333110809326,0.5102060337861379,0.3200360635916392,1.6883164246877034
7,smr_only_8_30,0.7833333214124044,0.5082355936368307,0.32056358456611633,1.6156161228815715
7,spectral_full,0.675000011920929,1.128510316212972,0.5435669521490732,1.4998943010965984
8,beta_only_13_30,0.6666666666666666,0.9610551397005717,0.4968530734380086,1.4242912530899048
8,full,0.6666666666666666,0.9900424679120382,0.49768104155858356,1.6330532630284627
8,non_smr_only_4_8_30_40,0.6516666611035665,1.0235028266906738,0.516728401184082,1.5917222897211711
8,only_13_20,0.6666666865348816,0.9559680223464966,0.49449989199638367,1.4378418525060017
8,only_20_30,0.6600000063578287,0.973462700843811,0.5099185804526011,1.335482080777486
8,only_30_40,0.6483333309491476,0.9606916705767313,0.5058677196502686,1.3382380803426106
8,only_4_8,0.653333326180776,1.0280419985453289,0.5185497601826986,1.5797375043233235
8,only_8_13,0.67166668176651,0.9535297354062399,0.4904869596163432,1.4837255477905273
8,raw_only,0.6483333309491476,0.9676293730735779,0.5114276806513468,1.3230427900950115
8,remove_13_20,0.6566666762034098,0.9981726408004761,0.5021693905194601,1.6216161648432414
8,remove_20_30,0.6683333317438761,0.9913444916407267,0.49769026041030884,1.632752497990926
8,remove_30_40,0.6650000015894572,0.9934287269910177,0.4988514482975006,1.6304686864217122
8,remove_4_8,0.6766666571299235,0.9539430340131124,0.487541804711024,1.4912306467692058
8,remove_8_13,0.6599999864896139,1.0080143213272095,0.509462038675944,1.613542079925537
8,smr_only_8_30,0.6800000071525574,0.9553694725036621,0.48732349276542664,1.496088703473409
8,spectral_full,0.6983333428700765,1.2748555739720662,0.5300703446070353,2.430185079574585
9,beta_only_13_30,0.5533333420753479,0.8124054670333862,0.5620276133219401,0.21002709865570068
9,full,0.6799999872843424,0.6866117715835571,0.43909069895744324,0.8325380782286326
9,non_smr_only_4_8_30_40,0.5183333357175192,0.9725489417711893,0.644178549448649,0.0643101274035871
9,only_13_20,0.5716666777928671,0.8060006499290466,0.5518508553504944,0.2351425290107727
9,only_20_30,0.5116666654745737,0.8610265652338663,0.6063512563705444,0.029276609420776367
9,only_30_40,0.5266666611035665,0.8350940148035685,0.5917616287867228,0.030272203187147777
9,only_4_8,0.5266666611035665,0.9825224081675211,0.6482942303021749,0.07167632381121318
9,only_8_13,0.7183333237965902,0.6229780912399292,0.40038446585337323,0.9616934955120087
9,raw_only,0.5166666706403097,0.8203649918238322,0.5838897029558817,0.03594497467080752
9,remove_13_20,0.6783333222071329,0.6726865371068319,0.43044455846150714,0.8548424939314524
9,remove_20_30,0.6916666428248087,0.6804220080375671,0.43350959817568463,0.8417037129402161
9,remove_30_40,0.6933333277702332,0.6861306627591451,0.43937330444653827,0.8351308306058248
9,remove_4_8,0.700000007947286,0.6497150460879008,0.4159391721089681,0.9268509447574615
9,remove_8_13,0.5449999968210856,0.9173439741134644,0.6097743113835653,0.16133727133274078
9,smr_only_8_30,0.7016666730244955,0.6478393276532491,0.4150037268797557,0.9319244424502054
9,spectral_full,0.7366666595141093,1.9414214690526326,0.47830691933631897,5.194516023000081
10,beta_only_13_30,0.5416666666666666,0.7425047953923544,0.5313076774279276,0.14646962036689123
10,full,0.5800000031789144,0.724593997001648,0.5157225529352824,0.2101429452498754
10,non_smr_only_4_8_30_40,0.549999992052714,0.7481537262598673,0.5334358215332031,0.15737105160951614
10,only_13_20,0.546666661898295,0.740243673324585,0.5293890833854675,0.15483799825112024
10,only_20_30,0.5299999912579855,0.7581953605016073,0.5473552743593851,0.09161408028254907
10,only_30_40,0.550000011920929,0.7474931279818217,0.5357637604077657,0.14232930541038513
10,only_4_8,0.5266666611035665,0.7868916392326355,0.5653956135114034,0.08182060656448205
10,only_8_13,0.5550000071525574,0.7418277859687805,0.5289147694905599,0.14945553243160248
10,raw_only,0.5050000051657358,0.7650331854820251,0.5537486871083578,0.04548437551905712
10,remove_13_20,0.5849999984105428,0.7297701438268026,0.5208499431610107,0.19001386562983194
10,remove_20_30,0.5849999984105428,0.7262707153956095,0.5171541174252828,0.20926048358281454
10,remove_30_40,0.5600000023841858,0.7397266825040182,0.5285176038742065,0.1806848223010699
10,remove_4_8,0.575000007947286,0.7135788997014364,0.5077915191650391,0.21906142433484396
10,remove_8_13,0.5716666777928671,0.7365484237670898,0.524161716302236,0.18642273545265198
10,smr_only_8_30,0.5633333325386047,0.7242915431658427,0.5161261161168417,0.19782481590906778
10,spectral_full,0.6333333253860474,1.1922523975372314,0.6069466670354208,1.3221402963002522
11,beta_only_13_30,0.5083333154519399,0.8251753846804301,0.5947380860646566,0.11901393594841163
11,full,0.5116666555404663,0.8257214029630026,0.5937124888102213,0.1284665527443091
11,non_smr_only_4_8_30_40,0.5083333154519399,0.8392221728960673,0.6023295521736145,0.12592487099270025
11,only_13_20,0.5099999805291494,0.8255974451700846,0.5952162742614746,0.11551550962030888
11,only_20_30,0.5099999904632568,0.8287577827771505,0.5974685947100321,0.12429140259822209
11,only_30_40,0.5100000103314718,0.8327665527661642,0.600274940331777,0.11841886614759763
11,only_4_8,0.5149999956289927,0.8381744623184204,0.601822018623352,0.12618430703878403
11,only_8_13,0.5116666555404663,0.8173262079556783,0.5890652934710184,0.12801852946480116
11,raw_only,0.5116666456063589,0.8284937342007955,0.5977378884951273,0.12018549876908462
11,remove_13_20,0.5133333206176758,0.8261716763178507,0.593831737836202,0.1331290416419506
11,remove_20_30,0.5116666555404663,0.8255372047424316,0.5935512185096741,0.12815002351999283
11,remove_30_40,0.5099999904632568,0.8250137766202291,0.5932607849438986,0.1291759336988131
11,remove_4_8,0.5099999805291494,0.81896044810613,0.5903845032056173,0.12525219097733498
11,remove_8_13,0.5066666503747305,0.8351649443308512,0.5999833345413208,0.12181548587977886
11,smr_only_8_30,0.5066666503747305,0.8178677956263224,0.5896264910697937,0.1262014222641786
11,spectral_full,0.5083333154519399,0.9156393607457479,0.6391768058141073,0.07242663055270289
12,beta_only_13_30,0.624999980131785,0.8142755627632141,0.5129829446474711,0.794017493724823
12,full,0.6116666793823242,0.8599464893341064,0.5326872070630392,0.8946693936983744
12,non_smr_only_4_8_30_40,0.600000003973643,0.8988056381543478,0.551591952641805,0.8782368103663126
12,only_13_20,0.6266666452089945,0.7965325514475504,0.5006497899691263,0.7806196014086405
12,only_20_30,0.6000000238418579,0.8737032016118368,0.5481908917427063,0.7558361887931824
12,only_30_40,0.6000000238418579,0.8810013930002848,0.5492126146952311,0.7264140446980795
12,only_4_8,0.6033333341280619,0.8906042178471884,0.5479716459910074,0.8850980202356974
12,only_8_13,0.6166666746139526,0.8488337198893229,0.52568119764328,0.7873705824216207
12,raw_only,0.6016666491826376,0.8249240517616272,0.5220157106717428,0.72802205880483
12,remove_13_20,0.6150000095367432,0.8916112383206686,0.5452889601389567,0.8889007965723673
12,remove_20_30,0.6166666746139526,0.8477180004119873,0.5252943237622579,0.8950343728065491
12,remove_30_40,0.6116666793823242,0.8551044662793478,0.5300513903299967,0.9022177259127299
12,remove_4_8,0.6299999952316284,0.8322830001513163,0.5195271174112955,0.8076337377230326
12,remove_8_13,0.6083333492279053,0.8713326454162598,0.5422930717468262,0.882440447807312
12,smr_only_8_30,0.6299999952316284,0.8253643115361532,0.5161237319310507,0.8145736257235209
12,spectral_full,0.6066666642824808,1.4380606810251872,0.6588976979255676,1.2301844358444214
13,beta_only_13_30,0.6016666690508524,0.8148008386294047,0.5337022542953491,0.49100859959920246
13,full,0.6066666642824808,0.8298877080281576,0.5359747807184855,0.5241435368855795
13,non_smr_only_4_8_30_40,0.6033333539962769,0.8382682005564371,0.5423339605331421,0.5034081637859344
13,only_13_20,0.596666673819224,0.8142462770144144,0.5334186752637228,0.4897969663143158
13,only_20_30,0.6050000190734863,0.8231887618700663,0.5384395519892374,0.4812324047088623
13,only_30_40,0.6066666841506958,0.8230475584665934,0.5388806660970052,0.4774877329667409
13,only_4_8,0.6066666841506958,0.8371050357818604,0.5416130423545837,0.5039205749829611
13,only_8_13,0.6066666841506958,0.8228246370951334,0.5327039162317911,0.5211414595444998
13,raw_only,0.5983333587646484,0.8188979824384054,0.5364954471588135,0.477029025554657
13,remove_13_20,0.6150000095367432,0.8347163399060568,0.5378038088480631,0.5207102497418722
13,remove_20_30,0.6033333341280619,0.828996459643046,0.5356452067693075,0.523948738972346
13,remove_30_40,0.6033333341280619,0.8294753630956014,0.5355974237124125,0.525158017873764
13,remove_4_8,0.600000003973643,0.8186314304669698,0.5315577387809753,0.5225194990634918
13,remove_8_13,0.6083333492279053,0.8336493372917175,0.5404979586601257,0.5071370700995127
13,smr_only_8_30,0.6033333341280619,0.8185165723164877,0.5312428673108419,0.5246841212113699
13,spectral_full,0.5533333420753479,1.2896090745925903,0.7174756328264872,0.3652097135782242
14,beta_only_13_30,0.5849999984105428,0.7201569279034933,0.5122730334599813,0.15723054856061935
14,full,0.5850000182787577,0.72994331518809,0.5170757174491882,0.16797574361165366
14,non_smr_only_4_8_30_40,0.5666666626930237,0.7356748382250468,0.5225853323936462,0.15784536550442377
14,only_13_20,0.5950000087420145,0.720504363377889,0.5121841033299764,0.1619923934340477
14,only_20_30,0.5683333476384481,0.7208824952443441,0.5129163066546122,0.15268873671690622
14,only_30_40,0.5716666579246521,0.7231873075167338,0.5127734144528707,0.1621032456556956
14,only_4_8,0.5583333373069763,0.737123449643453,0.5246298313140869,0.15509558469057083
14,only_8_13,0.5766666730244955,0.7232839067776998,0.5123255252838135,0.18124432365099588
14,raw_only,0.5699999928474426,0.7183120250701904,0.511305054028829,0.15863095223903656
14,remove_13_20,0.5816666682561239,0.7310488621393839,0.5179612437884012,0.16945631553729376
14,remove_20_30,0.5833333333333334,0.7308964331944784,0.517662525177002,0.1700443501273791
14,remove_30_40,0.57833331823349,0.729320247968038,0.5169912775357565,0.16869247456391653
14,remove_4_8,0.5800000031789144,0.723328173160553,0.5121256709098816,0.17090800404548645
14,remove_8_13,0.5816666682561239,0.7320559819539388,0.5199063022931417,0.15520527213811874
14,smr_only_8_30,0.5816666881243387,0.7217676838239034,0.511346161365509,0.17208828777074814
14,spectral_full,0.5066666702429453,1.23588627576828,0.7307392358779907,0.07917450616757075
15,beta_only_13_30,0.7383333444595337,0.5159867803255717,0.3439969817797343,1.4973269701004028
15,full,0.7433333198229471,0.5158973832925161,0.3405958910783132,1.606656591097514
15,non_smr_only_4_8_30_40,0.7466666499773661,0.5163802603880564,0.33862943450609845,1.6288249890009563
15,only_13_20,0.7383333245913187,0.5163325766722361,0.34412052234013873,1.485152244567871
15,only_20_30,0.7416666746139526,0.5208333929379781,0.34763938188552856,1.4985755681991577
15,only_30_40,0.7400000095367432,0.5172070364157358,0.34375696380933124,1.4866735140482585
15,only_4_8,0.7450000047683716,0.5179056227207184,0.33997748295466107,1.6232857306798298
15,only_8_13,0.7316666642824808,0.5300573805967966,0.35710956652959186,1.470755934715271
15,raw_only,0.7383333245913187,0.5218366583188375,0.34794480601946515,1.4777167240778606
15,remove_13_20,0.7416666547457377,0.5187213718891144,0.34251383940378827,1.6077861388524373
15,remove_20_30,0.7416666547457377,0.5163574516773224,0.34088552991549176,1.6037971178690593
15,remove_30_40,0.7416666547457377,0.517043779293696,0.34140945474306744,1.6051576534907024
15,remove_4_8,0.7316666642824808,0.5239282846450806,0.35178330540657043,1.48247492313385
15,remove_8_13,0.75,0.5129890839258829,0.3362073500951131,1.6300605932871501
15,smr_only_8_30,0.7333333293596903,0.5250539680322012,0.35302621126174927,1.4815731048583984
15,spectral_full,0.6433333357175192,1.2053425510724385,0.6063973108927408,1.1458925207455952
16,beta_only_13_30,0.621666669845581,0.8347107966740926,0.5184925397237142,1.3507142464319866
16,full,0.6599999864896139,0.7697203358014425,0.484883576631546,1.580734650293986
16,non_smr_only_4_8_30_40,0.6766666571299235,0.7532636125882467,0.47702224055926007,1.637603759765625
16,only_13_20,0.628333330154419,0.8715688784917196,0.5323514540990194,1.3189106782277424
16,only_20_30,0.6366666754086813,0.798486053943634,0.508792499701182,1.3379404147466023
16,only_30_40,0.6366666754086813,0.8107391198476156,0.5128537317117056,1.311165491739909
16,only_4_8,0.6666666467984518,0.7541655699412028,0.4770412842432658,1.641181747118632
16,only_8_13,0.6300000150998434,0.818325956662496,0.5135477383931478,1.371415098508199
16,raw_only,0.6316666603088379,0.8293991883595785,0.5207333664099375,1.3038838307062786
16,remove_13_20,0.6633333166440328,0.758875826994578,0.4812365273634593,1.5971696774164836
16,remove_20_30,0.6649999817212423,0.7756115396817526,0.4865669806798299,1.584028919537862
16,remove_30_40,0.6583333214124044,0.7716834743817648,0.48580068349838257,1.5838104883829753
16,remove_4_8,0.6366666754086813,0.8158246676127116,0.5090992053349813,1.3785725037256877
16,remove_8_13,0.6566666563351949,0.7637743751207987,0.4816269874572754,1.5983567635218303
16,smr_only_8_30,0.6299999952316284,0.8223809798558553,0.5121720333894094,1.3789348204930623
16,spectral_full,0.7016666531562805,0.9744386871655782,0.4991688132286072,2.1171260277430215
17,beta_only_13_30,0.5716666579246521,0.8252624273300171,0.5406155983606974,0.18536134933431944
17,full,0.5716666579246521,0.8223946889241537,0.5364189743995667,0.19919979944825172
17,non_smr_only_4_8_30_40,0.5683333277702332,0.8243241508801779,0.5382129848003387,0.18358219042420387
17,only_13_20,0.5633333325386047,0.8407020767529806,0.5464981993039449,0.17115540926655134
17,only_20_30,0.5716666777928671,0.8152826428413391,0.5373386442661285,0.185389194637537
17,only_30_40,0.5733333428700765,0.8278351028760275,0.5412986874580383,0.17097430800398192
17,only_4_8,0.5633333325386047,0.8211291432380676,0.5368757744630178,0.18793149292469025
17,only_8_13,0.5666666626930237,0.8176941275596619,0.5329442024230957,0.20116782312591872
17,raw_only,0.5800000031789144,0.8224993944168091,0.5395388007164001,0.16953669985135397
17,remove_13_20,0.5683333277702332,0.8176713983217875,0.5346755981445312,0.20095528041323027
17,remove_20_30,0.5699999928474426,0.8257845838864645,0.536375105381012,0.19553732375303903
17,remove_30_40,0.5733333428700765,0.8213628133138021,0.5363104045391083,0.20074793696403503
17,remove_4_8,0.5716666579246521,0.8230094710985819,0.5371157626310984,0.19687825565536818
17,remove_8_13,0.5699999928474426,0.824927012125651,0.5391683876514435,0.18980303158362707
17,smr_only_8_30,0.5649999976158142,0.8215341965357462,0.5367219646771749,0.19901968414584795
17,spectral_full,0.5383333166440328,0.9330243468284607,0.6008181174596151,0.2457759426906705
18,beta_only_13_30,0.6783333222071329,0.6776010195414225,0.4472663203875224,1.114725947380066
18,full,0.8199999928474426,0.4290674726168315,0.2630924383799235,2.1081647872924805
18,non_smr_only_4_8_30_40,0.5666666825612386,0.9978790481885275,0.6426586111386617,0.2546614358822505
18,only_13_20,0.67166668176651,0.6785870591799418,0.45131226380666095,1.0850413739681244
18,only_20_30,0.5733333428700765,0.841750423113505,0.5792787075042725,0.3067106604576111
18,only_30_40,0.5366666515668234,0.8937244613965353,0.6156753698984782,0.16458436846733093
18,only_4_8,0.5400000015894572,1.0733970602353413,0.674167275428772,0.2544473111629486
18,only_8_13,0.8100000023841858,0.46045424540837604,0.27681855857372284,2.055944323539734
18,raw_only,0.550000011920929,0.8166953722635905,0.5711849331855774,0.1641383096575737
18,remove_13_20,0.824999988079071,0.43494392434755963,0.2617407590150833,2.094381411870321
18,remove_20_30,0.8166666825612386,0.42672797044118244,0.26209037005901337,2.1004039446512857
18,remove_30_40,0.8216666579246521,0.4264040489991506,0.2606271704037984,2.1240238348642984
18,remove_4_8,0.825000007947286,0.44054866830507916,0.27015406886736554,2.101077397664388
18,remove_8_13,0.6550000111262003,0.7885491251945496,0.5022815565268198,0.981732577085495
18,smr_only_8_30,0.824999988079071,0.43480897943178815,0.26552216708660126,2.126298189163208
18,spectral_full,0.8450000087420145,1.7640552719434102,0.291954442858696,12.915665626525879
19,beta_only_13_30,0.6883333325386047,0.6378056406974792,0.42486655712127686,0.8574170569578806
19,full,0.7099999984105428,0.5891939401626587,0.38973183433214825,1.0041718780994415
19,non_smr_only_4_8_30_40,0.5833333333333334,0.8118606408437093,0.5441761414210001,0.4467418243487676
19,only_13_20,0.6399999856948853,0.6803396940231323,0.4558495183785756,0.6634419063727061
19,only_20_30,0.6600000063578287,0.6747627854347229,0.4516247510910034,0.8168727060159048
19,only_30_40,0.6133333245913187,0.7205379009246826,0.4936965803305308,0.46397100389003754
19,only_4_8,0.5816666682561239,0.8140865365664164,0.5468509594599406,0.4258544792731603
19,only_8_13,0.7100000182787577,0.5886680682500204,0.39116047819455463,0.9475507934888204
19,raw_only,0.6166666547457377,0.7206434607505798,0.49544966220855713,0.4320848037799199
19,remove_13_20,0.7150000135103861,0.6045666337013245,0.3990263144175212,0.9911848704020182
19,remove_20_30,0.7083333532015482,0.6013795733451843,0.39982731143633526,0.9310595095157623
19,remove_30_40,0.7166666785875956,0.5939695636431376,0.3929975728193919,0.9844381014506022
19,remove_4_8,0.7166666587193807,0.5900261998176575,0.3903855085372925,0.9992977281411489
19,remove_8_13,0.700000007947286,0.6297734181086222,0.41785577932993573,0.8776121636231741
19,smr_only_8_30,0.7133333285649618,0.5961095889409384,0.3945976495742798,0.9828546444574991
19,spectral_full,0.7400000095367432,1.328400194644928,0.45947978893915814,4.179687897364299
20,beta_only_13_30,0.5633333226044973,0.8263756036758423,0.5380618572235107,0.39541013942410547
20,full,0.5883333384990692,0.7809463540712992,0.5074807504812876,0.4772333300982912
20,non_smr_only_4_8_30_40,0.5866666734218597,0.8086043198903402,0.5183541675408682,0.4329442313561837
20,only_13_20,0.5666666726271311,0.8242291410764059,0.5375037988026937,0.4071261730665962
20,only_20_30,0.5566666622956594,0.8415555159250895,0.5461289286613464,0.34822708865006763
20,only_30_40,0.573333332935969,0.8222774068514506,0.5298659106095632,0.3678111204256614
20,only_4_8,0.5816666583220164,0.8141382535298666,0.5217857360839844,0.4257133125017087
20,only_8_13,0.5916666785875956,0.787414014339447,0.5120482742786407,0.44938046112656593
20,raw_only,0.5699999928474426,0.8251497348149618,0.5350424647331238,0.35720241349190474
20,remove_13_20,0.5833333432674408,0.783693770567576,0.507519374291102,0.4667437756434083
20,remove_20_30,0.5900000035762787,0.7785333395004272,0.5061725874741873,0.4808183951924245
20,remove_30_40,0.5916666686534882,0.7837913036346436,0.5101023415724436,0.47511445078998804
20,remove_4_8,0.5850000083446503,0.7845715284347534,0.511644313732783,0.4639149808014433
20,remove_8_13,0.5783333281675974,0.8022645513216654,0.5194683969020844,0.4423484631503622
20,smr_only_8_30,0.5883333384990692,0.7873146732648214,0.5140892366568247,0.464247554851075
20,spectral_full,0.5600000023841858,1.280635376771291,0.6121852000554403,0.8635630194330588
21,beta_only_13_30,0.975000003973643,0.09797822932402293,0.04533745969335238,3.7954540252685547
21,full,0.9783333539962769,0.09829013546307881,0.04482679689923922,3.7727744579315186
21,non_smr_only_4_8_30_40,0.5433333516120911,1.0684284170468648,0.660954217116038,0.1672664675861597
21,only_13_20,0.9733333388964335,0.1012829119960467,0.047461360692977905,3.707425038019816
21,only_20_30,0.5549999872843424,0.8613054951032003,0.584921141465505,0.19379967202742895
21,only_30_40,0.5516666571299235,0.8661943872769674,0.5892690022786459,0.17840899030367532
21,only_4_8,0.5333333214124044,1.1471429665883381,0.6943966150283813,0.15352043509483337
21,only_8_13,0.9100000063578287,0.24435953299204508,0.13472861051559448,3.095009962717692
21,raw_only,0.546666661898295,0.8441720604896545,0.5797526637713114,0.18412512044111887
21,remove_13_20,0.875,0.3045840263366699,0.17977265020211539,2.7594896952311196
21,remove_20_30,0.9783333539962769,0.09839121252298355,0.04457321266333262,3.759697755177816
21,remove_30_40,0.9783333539962769,0.10010373095671336,0.04556704436739286,3.750549554824829
21,remove_4_8,0.9766666889190674,0.09469160189231236,0.04287046814958254,3.811484416325887
21,remove_8_13,0.9666666785875956,0.11294712871313095,0.0559417779246966,3.740558624267578
21,smr_only_8_30,0.9766666889190674,0.09656226634979248,0.04368378594517708,3.789128621419271
21,spectral_full,0.9866666793823242,0.15624919285376868,0.02363438531756401,25.705856959025066
22,beta_only_13_30,0.54666668176651,0.7500994404157003,0.5378122329711914,0.14378143101930618
22,full,0.6333333452542623,0.678186853726705,0.46939245859781903,0.3271438976128896
22,non_smr_only_4_8_30_40,0.5400000214576721,0.7499357064565023,0.5379196008046468,0.12532002292573452
22,only_13_20,0.5550000071525574,0.7463013728459676,0.5343728264172872,0.151553213596344
22,only_20_30,0.5300000111262003,0.7576038440068563,0.5475359757741293,0.09113721239070098
22,only_30_40,0.5316666762034098,0.7543482780456543,0.5450966358184814,0.09482877577344577
22,only_4_8,0.54666668176651,0.7503038048744202,0.5380159616470337,0.1253853552043438
22,only_8_13,0.6466666658719381,0.6672178308169047,0.45753146211306256,0.3819010804096858
22,raw_only,0.5400000015894572,0.751170794169108,0.5427251656850179,0.09304103317360084
22,remove_13_20,0.6333333452542623,0.6758750677108765,0.46746636430422467,0.32589972019195557
22,remove_20_30,0.6300000150998434,0.6775384147961935,0.468949814637502,0.32934004068374634
22,remove_30_40,0.6350000103314718,0.6779611309369405,0.46926390131314594,0.32706430554389954
22,remove_4_8,0.6350000103314718,0.6729557116826376,0.4630317489306132,0.36957286794980365
22,remove_8_13,0.5533333420753479,0.7414822777112325,0.5310626228650411,0.1530714457233747
22,smr_only_8_30,0.6349999904632568,0.6716208259264628,0.4619405170281728,0.37189988295237225
22,spectral_full,0.6650000015894572,1.1107072631518047,0.5192317068576813,1.8829082051912944
23,beta_only_13_30,0.5433333516120911,0.6975998481114706,0.5036307871341705,0.028510417168339092
23,full,0.5449999968210856,0.6976101199785868,0.5035693645477295,0.030153435965379078
23,non_smr_only_4_8_30_40,0.5383333365122477,0.6979775627454122,0.5038969914118449,0.028982167442639668
23,only_13_20,0.5433333516120911,0.6974210143089294,0.5034874280293783,0.028362061207493145
23,only_20_30,0.5433333516120911,0.6978818972905477,0.5038587053616842,0.028434899325172108
23,only_30_40,0.5400000214576721,0.6983993053436279,0.5042242209116617,0.028111183394988377
23,only_4_8,0.5433333317438761,0.6974362333615621,0.5035001635551453,0.029113128160436947
23,only_8_13,0.5333333214124044,0.697282870610555,0.503244568904241,0.030651849694550037
23,raw_only,0.5383333365122477,0.6973689993222555,0.503402590751648,0.028148235753178596
23,remove_13_20,0.5400000015894572,0.6977206269900004,0.503622810045878,0.030278561636805534
23,remove_20_30,0.5383333166440328,0.6975092093149821,0.5034779012203217,0.0302280659476916
23,remove_30_40,0.5416666666666666,0.6975153287251791,0.5035333732763926,0.030041911949714024
23,remove_4_8,0.5416666666666666,0.6977471510569254,0.5036626656850179,0.029771102592349052
23,remove_8_13,0.5450000166893005,0.6977591117223104,0.5037557085355123,0.029024438932538033
23,smr_only_8_30,0.5483333468437195,0.6974762678146362,0.5034698247909546,0.030017240593830746
23,spectral_full,0.5049999952316284,0.7018973429997762,0.508000115553538,0.01969606662169099
24,beta_only_13_30,0.503333330154419,0.7526548306147257,0.5443618098894755,-0.008632179349660873
24,full,0.49333332975705463,0.7540393670399984,0.5454618136088053,-0.010302932312091192
24,non_smr_only_4_8_30_40,0.49166666467984516,0.7546935081481934,0.5456685026486715,-0.011049327751000723
24,only_13_20,0.5016666650772095,0.7525317470232645,0.5443406899770101,-0.00901158278187116
24,only_20_30,0.5083333253860474,0.7525858084360758,0.5440652767817179,-0.007644494374593099
24,only_30_40,0.5099999904632568,0.7521900534629822,0.5439338882764181,-0.008158014466365179
24,only_4_8,0.4966666599114736,0.754546066125234,0.5452967882156372,-0.01111774891614914
24,only_8_13,0.4999999900658925,0.7515755295753479,0.5428439180056254,-0.006472427397966385
24,raw_only,0.5116666555404663,0.7513270974159241,0.5426919857660929,-0.007041826844215393
24,remove_13_20,0.4966666599114736,0.7543056805928549,0.5455309549967448,-0.01013691226641337
24,remove_20_30,0.4883333345254262,0.7541365226109823,0.5454952915509542,-0.010643084843953451
24,remove_30_40,0.49333332975705463,0.753941535949707,0.5453000863393148,-0.010135059555371603
24,remove_4_8,0.4966666599114736,0.7530067165692648,0.5446778535842896,-0.009022045880556107
24,remove_8_13,0.4966666599114736,0.7539878884951273,0.5454662243525187,-0.010275177657604218
24,smr_only_8_30,0.5016666650772095,0.7527990142504374,0.5444076458613077,-0.00865938514471054
24,spectral_full,0.4650000035762787,0.7612712581952413,0.5573425690333048,-0.031204324991752703
25,beta_only_13_30,0.850000003973643,0.32785287499427795,0.20605388283729553,3.6857356230417886
25,full,0.8549999992052714,0.32318636278311413,0.20247362554073334,3.769889752070109
25,non_smr_only_4_8_30_40,0.8549999992052714,0.32944542666276294,0.20509488383928934,3.780048926671346
25,only_13_20,0.850000003973643,0.3286312023798625,0.2059265673160553,3.6809775034586587
25,only_20_30,0.8483333388964335,0.33109696209430695,0.20775391161441803,3.676943381627401
25,only_30_40,0.8549999992052714,0.3411035140355428,0.21002964675426483,3.6690818468729653
25,only_4_8,0.8549999992052714,0.32697415351867676,0.20448106030623117,3.7808022499084473
25,only_8_13,0.8516666690508524,0.3252130597829819,0.20311045149962106,3.7128196557362876
25,raw_only,0.850000003973643,0.33387717107931775,0.20808438956737518,3.6566272576649985
25,remove_13_20,0.8516666690508524,0.3247245301802953,0.20299144585927328,3.771586020787557
25,remove_20_30,0.8549999992052714,0.32418731848398846,0.2027069628238678,3.769892374674479
25,remove_30_40,0.8566666642824808,0.32090899844964343,0.20167947808901468,3.7722885608673096
25,remove_4_8,0.8516666690508524,0.32520421346028644,0.20365528762340546,3.717695951461792
25,remove_8_13,0.8549999992052714,0.3271803806225459,0.20476579666137695,3.7653863430023193
25,smr_only_8_30,0.8566666642824808,0.32171869774659473,0.20230551064014435,3.722543795903524
25,spectral_full,0.7133333285649618,0.589122474193573,0.38799575964609784,1.001220703125
26,beta_only_13_30,0.7716666658719381,0.5873849987983704,0.3319835265477498,2.6313552061716714
26,full,0.7816666762034098,0.6221468846003214,0.3330792784690857,3.086768309275309
26,non_smr_only_4_8_30_40,0.7750000158945719,0.6421391765276591,0.3436679442723592,3.11966864267985
26,only_13_20,0.778333326180776,0.5882417758305868,0.33148374160130817,2.636347532272339
26,only_20_30,0.7733333309491476,0.5842851797739664,0.3339071770509084,2.618049224217733
26,only_30_40,0.778333306312561,0.5775587956110636,0.33033525943756104,2.622640609741211
26,only_4_8,0.774999996026357,0.6436882813771566,0.34388355414072674,3.123558680216471
26,only_8_13,0.7733333309491476,0.5959789156913757,0.3317003548145294,2.704884926478068
26,raw_only,0.7783333460489908,0.5822630921999613,0.3313233156998952,2.6388184229532876
26,remove_13_20,0.7816666762034098,0.6256060401598612,0.3345772624015808,3.0982786814371743
26,remove_20_30,0.7816666762034098,0.6237155397733053,0.33386239409446716,3.0893517335255942
26,remove_30_40,0.7816666762034098,0.6235989729563395,0.3331766327222188,3.0894532998402915
26,remove_4_8,0.7799999912579855,0.5911244948705038,0.3301296532154083,2.6903343995412192
26,remove_8_13,0.7800000111262003,0.6353611747423807,0.33946847915649414,3.1088728109995523
26,smr_only_8_30,0.7733333110809326,0.5913949807484945,0.3295141855875651,2.6956308682759604
26,spectral_full,0.7183333436648051,1.4932774702707927,0.515259583791097,3.1771280765533447
27,beta_only_13_30,0.7900000015894572,0.4691438674926758,0.28708890080451965,2.344158490498861
27,full,0.7949999968210856,0.47923238078753155,0.2865883906682332,2.515330712000529
27,non_smr_only_4_8_30_40,0.8033333420753479,0.4742675721645355,0.2812163829803467,2.5758541425069175
27,only_13_20,0.7900000015894572,0.4689501225948334,0.28624112407366437,2.3424808184305825
27,only_20_30,0.7983333269755045,0.47041882077852887,0.28781550129254657,2.3406364917755127
27,only_30_40,0.7933333317438761,0.48624877134958905,0.29262836774190265,2.3610502084096274
27,only_4_8,0.799999992052714,0.46998290220896405,0.2797437210877736,2.5783572991689048
27,only_8_13,0.7799999912579855,0.5105441709359487,0.3058350284894307,2.3564603328704834
27,raw_only,0.7983333468437195,0.47439781824747723,0.2883168359597524,2.3371967474619546
27,remove_13_20,0.7949999968210856,0.4838918149471283,0.28815693656603497,2.530155658721924
27,remove_20_30,0.7933333317438761,0.4810631175835927,0.28687331080436707,2.5218098163604736
27,remove_30_40,0.7933333317438761,0.47705550988515216,0.2859489719072978,2.5143893559773765
27,remove_4_8,0.7816666563351949,0.493668665488561,0.2988547583421071,2.3535714944203696
27,remove_8_13,0.8033333420753479,0.46726763248443604,0.27939092616240185,2.5403509934743247
27,smr_only_8_30,0.7816666563351949,0.4899490674336751,0.29802366097768146,2.3475234508514404
27,spectral_full,0.6316666603088379,1.181819478670756,0.6056139667828878,1.3776476780573528
28,beta_only_13_30,0.7649999856948853,0.6346322099367777,0.3497673471768697,2.3326762119928994
28,full,0.7949999968210856,0.5745172500610352,0.3121962050596873,2.7525392373402915
28,non_smr_only_4_8_30_40,0.7483333349227905,0.6923603018124899,0.372905433177948,2.3684047857920327
28,only_13_20,0.7666666507720947,0.6337959965070089,0.34857575098673504,2.3540144761403403
28,only_20_30,0.7516666650772095,0.696409006913503,0.3811272879441579,2.0508472522099814
28,only_30_40,0.753333330154419,0.6949158310890198,0.38082106908162433,2.045909603436788
28,only_4_8,0.75,0.692422886689504,0.37345730264981586,2.3510196606318154
28,only_8_13,0.796666661898295,0.5392847855885824,0.2961989939212799,2.784932533899943
28,raw_only,0.7566666603088379,0.6994426250457764,0.38425644238789874,2.0388492345809937
28,remove_13_20,0.7916666865348816,0.5845256447792053,0.31712069114049274,2.7241427898406982
28,remove_20_30,0.7983333468437195,0.5755253632863363,0.313072274128596,2.7410826683044434
28,remove_30_40,0.7949999968210856,0.5770677129427592,0.31354235609372455,2.7373265425364175
28,remove_4_8,0.800000011920929,0.5368760625521342,0.29364914695421857,2.797164519627889
28,remove_8_13,0.7600000103314718,0.6620235244433085,0.35769790410995483,2.4673660596211753
28,smr_only_8_30,0.8016666769981384,0.5371879935264587,0.29369332393010456,2.797840436299642
28,spectral_full,0.8266666730244955,0.9479366938273112,0.31080026427904767,5.583450158437093
29,beta_only_13_30,0.8916666507720947,0.30350595712661743,0.16614382714033127,4.209820826848348
29,full,0.9049999912579855,0.2922409276167552,0.15622304131587347,4.333876848220825
29,non_smr_only_4_8_30_40,0.899999996026357,0.30658607681592304,0.16413597514232,4.224350531895955
29,only_13_20,0.8849999904632568,0.3191158175468445,0.18165845920642218,3.9402236938476562
29,only_20_30,0.899999996026357,0.31317730744679767,0.17048339794079462,4.145328998565674
29,only_30_40,0.9066666563351949,0.29523680607477826,0.15985959023237228,4.27469261487325
29,only_4_8,0.8483333190282186,0.4065794348716736,0.23540779948234558,3.2718194325764975
29,only_8_13,0.8449999888737997,0.3986836274464925,0.22773222625255585,3.285829703013102
29,raw_only,0.856666644414266,0.3835431933403015,0.22281319896380106,3.2272454102834067
29,remove_13_20,0.9049999912579855,0.30155395964781445,0.16002767781416574,4.284792900085449
29,remove_20_30,0.9016666611035665,0.29518969853719074,0.1589152291417122,4.2774577140808105
29,remove_30_40,0.8983333309491476,0.3110032280286153,0.16846443712711334,4.161059538523356
29,remove_4_8,0.903333326180776,0.29250679910182953,0.1585038627187411,4.326180299123128
29,remove_8_13,0.903333326180776,0.2895970046520233,0.1552262802918752,4.344725767771403
29,smr_only_8_30,0.8983333309491476,0.30781030654907227,0.1676736374696096,4.204397281010945
29,spectral_full,0.9266666769981384,0.3312305013338725,0.12410890311002731,8.082504908243815
30,beta_only_13_30,0.6383333206176758,1.598081350326538,0.5445758899052938,0.974552055199941
30,full,0.6399999856948853,1.5871554414431255,0.5365249613920847,1.0141176184018452
30,non_smr_only_4_8_30_40,0.6266666650772095,1.6016225814819336,0.5478612780570984,0.9834753274917603
30,only_13_20,0.6383333206176758,1.5902653137842815,0.5421924988428751,0.975172777970632
30,only_20_30,0.6299999952316284,1.6291613578796387,0.5574147204558054,0.935893177986145
30,only_30_40,0.6349999904632568,1.615623156229655,0.5520776609579722,0.9401591420173645
30,only_4_8,0.6349999904632568,1.6042863925298054,0.5500473777453104,0.977291484673818
30,only_8_13,0.6516666611035665,1.5894135236740112,0.5386089781920115,0.9976660013198853
30,raw_only,0.6316666603088379,1.6127792596817017,0.5536107122898102,0.9200665553410848
30,remove_13_20,0.6466666658719381,1.592430571715037,0.5390638411045074,1.011345128218333
30,remove_20_30,0.6416666507720947,1.5848793983459473,0.5366412500540415,1.012610952059428
30,remove_30_40,0.6399999856948853,1.5877885818481445,0.5373275776704153,1.010671854019165
30,remove_4_8,0.6483333309491476,1.5895841717720032,0.5373016099135081,1.0005849599838257
30,remove_8_13,0.6316666603088379,1.5941002368927002,0.5426802734533945,0.9980485637982687
30,smr_only_8_30,0.6500000158945719,1.5892339944839478,0.5375991861025492,0.9989197254180908
30,spectral_full,0.6066666841506958,1.1120242079099019,0.6013976732889811,0.7557821770509084
31,beta_only_13_30,0.7183333237965902,0.6629109183947245,0.4126223921775818,1.3028024832407634
31,full,0.7300000190734863,0.6737934748331705,0.40499667326609295,1.6783136129379272
31,non_smr_only_4_8_30_40,0.7200000087420145,0.6868666211764017,0.4132196207841237,1.6431891520818074
31,only_13_20,0.7149999936421713,0.6715048551559448,0.416118860244751,1.3034041325251262
31,only_20_30,0.6983333230018616,0.63492884238561,0.4090855320294698,1.231371780236562
31,only_30_40,0.7049999833106995,0.64630126953125,0.41514994700749713,1.2127828001976013
31,only_4_8,0.725000003973643,0.6812668045361837,0.4109876751899719,1.642055590947469
31,only_8_13,0.6949999928474426,0.6790860493977865,0.4221444030602773,1.3765609661738079
31,raw_only,0.6883333524068197,0.6475655833880106,0.4198892017205556,1.2070829272270203
31,remove_13_20,0.7300000190734863,0.676212469736735,0.40745927890141803,1.6820664008458455
31,remove_20_30,0.7250000238418579,0.6774210731188456,0.40685852368672687,1.6828778982162476
31,remove_30_40,0.7283333539962769,0.6725106040636698,0.40428924560546875,1.6842069228490193
31,remove_4_8,0.7099999984105428,0.6638681888580322,0.4114793340365092,1.4004927078882854
31,remove_8_13,0.7166666785875956,0.6854663093884786,0.41268760959307355,1.6313609679539998
31,smr_only_8_30,0.700000007947286,0.6687098344167074,0.41438958048820496,1.4048131704330444
31,spectral_full,0.6466666658719381,2.59971284866333,0.6629993319511414,3.1723788579305015
32,beta_only_13_30,0.5816666682561239,0.7244273622830709,0.5033235947291056,0.25288820670296747
32,full,0.6166666746139526,0.6994623144467672,0.4812594751516978,0.3167345778395732
32,non_smr_only_4_8_30_40,0.5400000015894572,0.7802430788675944,0.5445051193237305,0.12967818789184093
32,only_13_20,0.5966666539510092,0.7206422686576843,0.49762577811876935,0.26952184240023297
32,only_20_30,0.5400000015894572,0.7784258524576823,0.5490673184394836,0.11849157263835271
32,only_30_40,0.5350000063578287,0.7810401916503906,0.5517306327819824,0.11330455293258031
32,only_4_8,0.5400000015894572,0.7872058947881063,0.5472679336865743,0.12900728173553944
32,only_8_13,0.6299999952316284,0.7066670656204224,0.4865499436855316,0.30897299852222204
32,raw_only,0.550000011920929,0.7833418846130371,0.5491126577059428,0.11432718889166911
32,remove_13_20,0.6100000143051147,0.7090376019477844,0.48898571729660034,0.2927383538335562
32,remove_20_30,0.6150000095367432,0.7008102337519327,0.4814154307047526,0.3184136264026165
32,remove_30_40,0.6150000095367432,0.702165424823761,0.4822070598602295,0.317189808934927
32,remove_4_8,0.6200000047683716,0.6888657212257385,0.47475795944531757,0.33489288451770943
32,remove_8_13,0.5716666777928671,0.743981122970581,0.5167771279811859,0.21276522303620973
32,smr_only_8_30,0.6316666603088379,0.6892147064208984,0.4736388425032298,0.3399194733550151
32,spectral_full,0.7299999992052714,0.4681717058022817,0.3135419289271037,1.7293537720106542
33,beta_only_13_30,0.8416666587193807,0.4030976990858714,0.2349985440572103,3.0064187049865723
33,full,0.8866666754086813,0.2665192683537801,0.1601088767250379,3.466333786646525
33,non_smr_only_4_8_30_40,0.6516666611035665,0.815570334593455,0.505827913681666,1.1751264532407124
33,only_13_20,0.8683333396911621,0.34645896156628925,0.20113479594389597,3.120596488316854
33,only_20_30,0.643333355585734,0.8361333807309469,0.5170268416404724,0.9927782615025839
33,only_30_40,0.6433333357175192,0.8329559365908304,0.5126876632372538,1.0173060894012451
33,only_4_8,0.6633333365122477,0.8034271597862244,0.4877481559912364,1.211619238058726
33,only_8_13,0.9050000111262003,0.2438357969125112,0.14790510634581247,3.4305911858876548
33,raw_only,0.6633333563804626,0.7212690114974976,0.4583501120408376,1.0268664956092834
33,remove_13_20,0.871666689713796,0.28347347180048627,0.17474133024613062,3.290168205897013
33,remove_20_30,0.8966666658719381,0.24539392193158469,0.1464447279771169,3.52649195988973
33,remove_30_40,0.8933333357175192,0.24556017915407816,0.14661700278520584,3.5233386357625327
33,remove_4_8,0.8883333404858907,0.2697085564335187,0.16021937131881714,3.4415743350982666
33,remove_8_13,0.8333333333333334,0.4348488499720891,0.25486935426791507,2.846923073132833
33,smr_only_8_30,0.8983333309491476,0.24785935382048288,0.14784497022628784,3.5044674078623452
33,spectral_full,0.9349999825159708,0.8009460469086965,0.12459601710240047,17.217992782592773
34,beta_only_13_30,0.5933333237965902,0.6899594267209371,0.4861362079779307,0.3475385804971059
34,full,0.6033333341280619,0.6834507584571838,0.4804685413837433,0.3833107352256775
34,non_smr_only_4_8_30_40,0.5983333388964335,0.6810699899991354,0.47902655601501465,0.3966637949148814
34,only_13_20,0.5949999888737997,0.6894580324490865,0.4855686326821645,0.34898585081100464
34,only_20_30,0.5899999936421713,0.6888232231140137,0.4857088526089986,0.3500004808108012
34,only_30_40,0.5866666634877523,0.691051185131073,0.48686663309733075,0.3479392131169637
34,only_4_8,0.5883333484331766,0.679172138373057,0.47819624344507855,0.4057918389638265
34,only_8_13,0.5983333190282186,0.6826574405034384,0.47970038652420044,0.3645001947879791
34,raw_only,0.5883333285649618,0.6835599144299825,0.48145373662312824,0.3514120280742645
34,remove_13_20,0.5983333388964335,0.682360827922821,0.4795855184396108,0.38822975754737854
34,remove_20_30,0.6099999944368998,0.6817864378293356,0.479290892680486,0.3873622417449951
34,remove_30_40,0.6083333293596903,0.6820417841275533,0.4795381526152293,0.388626495997111
34,remove_4_8,0.5933333237965902,0.6885683933893839,0.4845161736011505,0.35281728704770404
34,remove_8_13,0.5983333388964335,0.6840500831604004,0.48115776975949603,0.38487427433331806
34,smr_only_8_30,0.5933333237965902,0.6876832246780396,0.4838355978329976,0.3551836411158244
34,spectral_full,0.5866666634877523,0.832051416238149,0.577477216720581,0.27137604852517444
35,beta_only_13_30,0.8883333404858907,0.47336262464523315,0.1864290883143743,6.987274964650472
35,full,0.9000000158945719,0.4545326332251231,0.17165323595205942,7.705527146657308
35,non_smr_only_4_8_30_40,0.9000000158945719,0.4553426106770833,0.17199428379535675,7.679827054341634
35,only_13_20,0.8883333404858907,0.47835976878801983,0.18722055355707803,7.000813643137614
35,only_20_30,0.8866666555404663,0.4730309844017029,0.18628360331058502,6.959887822469075
35,only_30_40,0.8900000055631002,0.48011945684750873,0.18584230045477548,6.958218256632487
35,only_4_8,0.8983333508173624,0.4522426227728526,0.17116856078306833,7.681679089864095
35,only_8_13,0.8866666754086813,0.4557116727034251,0.18143372734387717,7.105526129404704
35,raw_only,0.8883333404858907,0.4750418961048126,0.186903715133667,6.95402193069458
35,remove_13_20,0.9000000158945719,0.45414311687151593,0.17148480316003165,7.704608758290608
35,remove_20_30,0.9000000158945719,0.4546704888343811,0.17166821658611298,7.704091866811116
35,remove_30_40,0.9016666809717814,0.45079634586970013,0.17051389316717783,7.718882878621419
35,remove_4_8,0.8883333404858907,0.4693862895170848,0.1844134678443273,7.0401045481363935
35,remove_8_13,0.8983333508173624,0.4551668167114258,0.172005295753479,7.693377335866292
35,smr_only_8_30,0.8866666754086813,0.46212371190388996,0.1834945281346639,7.073315620422363
35,spectral_full,0.8583333293596903,0.9328393737475077,0.2690683702627818,6.244092305501302
36,beta_only_13_30,0.903333326180776,0.2486932078997294,0.14347871765494347,4.504419167836507
36,full,0.9800000190734863,0.05388853698968887,0.02949363614122073,7.406740506490071
36,non_smr_only_4_8_30_40,0.9083333412806193,0.2396405190229416,0.13668238371610641,5.107953866322835
36,only_13_20,0.9283333420753479,0.1880712235967318,0.10931956768035889,4.53837005297343
36,only_20_30,0.8849999904632568,0.29835036645332974,0.1695405294497808,4.30596383412679
36,only_30_40,0.899999996026357,0.26337502400080365,0.1491305517653624,4.014705260594686
36,only_4_8,0.9100000063578287,0.2317290355761846,0.13363084942102432,5.053357760111491
36,only_8_13,0.9816666841506958,0.04714925463000933,0.02420818867782752,7.3833363850911455
36,raw_only,0.9283333222071329,0.1704523265361786,0.09871465216080348,4.035621404647827
36,remove_13_20,0.9783333539962769,0.05418316274881363,0.03036445441345374,7.380963166554769
36,remove_20_30,0.9800000190734863,0.05272545789678892,0.029147095357378323,7.378507773081462
36,remove_30_40,0.9783333539962769,0.05397770802179972,0.029884604116280872,7.390378475189209
36,remove_4_8,0.9816666841506958,0.049578322718540825,0.02481298955778281,7.462994575500488
36,remove_8_13,0.9100000063578287,0.23994672298431396,0.1348231981197993,5.336355845133464
36,smr_only_8_30,0.9816666841506958,0.04955678184827169,0.0250534334530433,7.453097025553386
36,spectral_full,0.975000003973643,0.32508667310078937,0.04758486524224281,23.84818394978841
37,beta_only_13_30,0.9200000166893005,0.2254001498222351,0.12449991703033447,2.6221121152242026
37,full,0.9083333412806193,0.2662258992592494,0.1501576155424118,2.5163323084513345
37,non_smr_only_4_8_30_40,0.5166666706403097,0.9289067586263021,0.6328384081522623,0.043276339691753186
37,only_13_20,0.9200000166893005,0.22976564367612204,0.1266111433506012,2.6104292074839273
37,only_20_30,0.575000007947286,0.7289350032806396,0.5207875569661459,0.2270351548989614
37,only_30_40,0.49833332498868305,0.7956541379292806,0.5808805425961813,0.02457297416791941
37,only_4_8,0.5233333309491476,0.938619077205658,0.6379412213961283,0.05436589320500692
37,only_8_13,0.8199999928474426,0.44059813022613525,0.2720685650904973,2.000478227933248
37,raw_only,0.5200000007947286,0.7449593742688497,0.5435359080632528,0.02810958633199334
37,remove_13_20,0.8166666626930237,0.44883212447166443,0.2783440202474594,1.8848477999369304
37,remove_20_30,0.9083333412806193,0.27068836490313214,0.1521280954281489,2.511763652165731
37,remove_30_40,0.9050000111262003,0.2685962865749995,0.1511723722020785,2.512266914049784
37,remove_4_8,0.9183333317438761,0.24516546726226807,0.13628371804952621,2.5698771476745605
37,remove_8_13,0.903333326180776,0.26369139552116394,0.1499280035495758,2.459738334019979
37,smr_only_8_30,0.9183333317438761,0.24739057322343191,0.13750387479861578,2.5676747957865396
37,spectral_full,0.9116666714350382,1.0124068856239319,0.17357824742794037,17.584301312764484
38,beta_only_13_30,0.578333338101705,0.6528792579968771,0.46367424726486206,0.17309388464006284
38,full,0.575000007947286,0.6552395224571228,0.46617982784907025,0.1784487107846265
38,non_smr_only_4_8_30_40,0.5800000031789144,0.6562544504801432,0.4664778212706248,0.1817114397417754
38,only_13_20,0.575000007947286,0.6516791780789694,0.46265168984731037,0.17525785936353108
38,only_20_30,0.5800000031789144,0.6552935242652893,0.4658574362595876,0.16929077003927281
38,only_30_40,0.5766666730244955,0.6564445296923319,0.4667038321495056,0.1747055130933101
38,only_4_8,0.57833331823349,0.6556523243586222,0.46589606006940204,0.1809764561088135
38,only_8_13,0.5833333333333334,0.6507260600725809,0.46225206057230633,0.17299619650778672
38,raw_only,0.5866666634877523,0.6498848795890808,0.4606941143671672,0.17179806602265066
38,remove_13_20,0.5816666682561239,0.655291755994161,0.46622013052304584,0.17865004875541976
38,remove_20_30,0.575000007947286,0.6544462045033773,0.46545059482256573,0.17947916593402624
38,remove_30_40,0.5716666777928671,0.6552587946256002,0.4662192165851593,0.17788649462939551
38,remove_4_8,0.5766666730244955,0.6522869070370992,0.46357807517051697,0.1746806608280167
38,remove_8_13,0.5733333230018616,0.6561721762021383,0.4666023353735606,0.1793969371744121
38,smr_only_8_30,0.5800000031789144,0.6522020697593689,0.46359769503275555,0.17374931749266884
38,spectral_full,0.5200000107288361,0.8655554453531901,0.5754949251810709,0.05141786458746841
39,beta_only_13_30,0.6116666793823242,0.8199005325635275,0.5271353224913279,0.6891025900840759
39,full,0.6266666452089945,0.8029540578524271,0.5103445549805959,0.7693575620651245
39,non_smr_only_4_8_30_40,0.5916666587193807,0.8731707334518433,0.5554521878560384,0.6277216672897339
39,only_13_20,0.6200000047683716,0.812858780225118,0.5220739742120107,0.6964818835258484
39,only_20_30,0.6066666642824808,0.830599288145701,0.5381772716840109,0.640434722105662
39,only_30_40,0.5949999888737997,0.8426831563313802,0.5496360262235006,0.5684703389803568
39,only_4_8,0.6016666690508524,0.8716311454772949,0.5542183617750803,0.6243038574854533
39,only_8_13,0.6233333349227905,0.7894475261370341,0.5056843260924021,0.7232110897699991
39,raw_only,0.5883333285649618,0.8293586770693461,0.5444960594177246,0.5592032273610433
39,remove_13_20,0.6233333150545756,0.8110191822052002,0.5143989026546478,0.749078611532847
39,remove_20_30,0.6199999849001566,0.8060953815778097,0.5129971007506052,0.7562799255053202
39,remove_30_40,0.6199999849001566,0.802306612332662,0.510125050942103,0.7665763099988302
39,remove_4_8,0.6333333253860474,0.7880533337593079,0.5039417743682861,0.7641769250233968
39,remove_8_13,0.6083333293596903,0.8302085995674133,0.5301337838172913,0.7212953964869181
39,smr_only_8_30,0.6349999904632568,0.7871415019035339,0.5032061437765757,0.762760063012441
39,spectral_full,0.6333333253860474,1.1408000985781352,0.5778340895970663,1.5702667633692424
40,beta_only_13_30,0.6799999872843424,0.6047010024388632,0.4158109227816264,0.5477734406789144
40,full,0.6733333269755045,0.6147917906443278,0.4209408660729726,0.5804816484451294
40,non_smr_only_4_8_30_40,0.6649999817212423,0.6167063514391581,0.42131243149439496,0.5736815432707468
40,only_13_20,0.6699999968210856,0.6045526663462321,0.4165384570757548,0.5433877408504486
40,only_20_30,0.6583333412806193,0.6175890763600668,0.423231303691864,0.5160410602887472
40,only_30_40,0.6716666420300802,0.6177470882733663,0.42360684275627136,0.5290078322092692
40,only_4_8,0.6583333214124044,0.6209937532742819,0.4255720178286235,0.5627827048301697
40,only_8_13,0.6683333118756613,0.6191597580909729,0.4266832669576009,0.5345247288544973
40,raw_only,0.6783333420753479,0.6048977573712667,0.41559717059135437,0.5086718201637268
40,remove_13_20,0.6816666722297668,0.6196898818016052,0.42348890503247577,0.571238100528717
40,remove_20_30,0.671666661898295,0.6139889160792033,0.42080474893252057,0.5798894762992859
40,remove_30_40,0.671666661898295,0.6183773080507914,0.4244519571463267,0.5735174814860026
40,remove_4_8,0.671666661898295,0.6108582814534506,0.4205184280872345,0.55377530058225
40,remove_8_13,0.6616666515668234,0.6132397254308065,0.41987185676892597,0.5851022998491923
40,smr_only_8_30,0.6616666515668234,0.6122525533040365,0.42251259088516235,0.5511178572972616
40,spectral_full,0.5649999976158142,1.478103220462799,0.7097249627113342,0.5611420373121897
41,beta_only_13_30,0.5649999777475992,0.9958730936050415,0.614312211672465,0.21607039868831635
41,full,0.5649999976158142,1.0114204287528992,0.6207785805066427,0.20981661975383759
41,non_smr_only_4_8_30_40,0.5649999976158142,1.0130544304847717,0.6209701299667358,0.20538238187630972
41,only_13_20,0.5699999928474426,0.9991128047307333,0.6182441314061483,0.20499145487944284
41,only_20_30,0.5483333269755045,0.9952109654744467,0.6136297384897867,0.20931923389434814
41,only_30_40,0.5533333222071329,0.997357706228892,0.6152973969777426,0.19567339619000754
41,only_4_8,0.5700000127156576,1.0168881018956502,0.6246161659558614,0.19810532530148825
41,only_8_13,0.5533333222071329,1.0182425181070964,0.6280823945999146,0.17883962392807007
41,raw_only,0.5666666626930237,0.9945836464564005,0.6180794636408488,0.18402165174484253
41,remove_13_20,0.5666666825612386,1.0126235286394756,0.6214791933695475,0.2053007036447525
41,remove_20_30,0.5700000127156576,1.0149759848912556,0.6231606602668762,0.20378186305363974
41,remove_30_40,0.5650000174840292,1.0124723116556804,0.6218919356664022,0.20787115395069122
41,remove_4_8,0.5583333174387614,1.0062621235847473,0.6196974317232767,0.20421289404233298
41,remove_8_13,0.5716666777928671,1.0065118273099263,0.616866926352183,0.2177360604206721
41,smr_only_8_30,0.5616666475931803,1.0070351759592693,0.6210745970408121,0.20323646068572998
41,spectral_full,0.5100000103314718,1.2243861357371013,0.7350847721099854,0.21090895930926004
42,beta_only_13_30,0.6516666611035665,0.7439203063646952,0.48735858996709186,0.5269328653812408
42,full,0.6583333214124044,0.7272416154543558,0.47375938296318054,0.5898378988107046
42,non_smr_only_4_8_30_40,0.6666666467984518,0.7239811221758524,0.47052932778994244,0.5965925455093384
42,only_13_20,0.6566666762034098,0.7351337671279907,0.4836866756280263,0.5201712151368459
42,only_20_30,0.6616666714350382,0.7379778822263082,0.4842008749643962,0.5265470047791799
42,only_30_40,0.6550000111262003,0.7340654929478964,0.4837617476781209,0.5110778212547302
42,only_4_8,0.6699999769528707,0.7168634136517843,0.4667210678259532,0.5978898207346598
42,only_8_13,0.6650000015894572,0.7115014394124349,0.46824021140734357,0.5493709444999695
42,raw_only,0.6666666865348816,0.7170025110244751,0.4745367268721263,0.5116248826185862
42,remove_13_20,0.6666666467984518,0.7235879500706991,0.4711234966913859,0.5940255224704742
42,remove_20_30,0.6649999817212423,0.7208758592605591,0.4703751703103383,0.5929247240225474
42,remove_30_40,0.6650000015894572,0.7222654620806376,0.4707999030749003,0.5939729809761047
42,remove_4_8,0.6549999912579855,0.7336880962053934,0.48045986890792847,0.544821431239446
42,remove_8_13,0.6616666515668234,0.7352964480717977,0.4779147406419118,0.5860735476016998
42,smr_only_8_30,0.6600000063578287,0.7286582986513773,0.4776221513748169,0.5492466588815054
42,spectral_full,0.5833333333333334,0.9922540982564291,0.6053885221481323,0.6732772092024485
43,beta_only_13_30,0.8599999944368998,0.3195263048013051,0.19156756003697714,3.331460952758789
43,full,0.8566666642824808,0.3462441066900889,0.20942131181557974,3.274312655131022
43,non_smr_only_4_8_30_40,0.8400000135103861,0.4035130441188812,0.24477359155813852,3.0197411378224692
43,only_13_20,0.8666666547457377,0.32129113872845966,0.19215247531731924,3.343217929204305
43,only_20_30,0.8416666785875956,0.37191993991533917,0.22676551838715872,2.9792532920837402
43,only_30_40,0.8416666785875956,0.38351718584696454,0.23504717648029327,2.93052085240682
43,only_4_8,0.8333333333333334,0.40445894996325177,0.2458889385064443,3.016655921936035
43,only_8_13,0.8433333436648051,0.3576708436012268,0.22076437870661417,3.1776543458302817
43,raw_only,0.8350000182787577,0.3898393015066783,0.23725039760271707,2.9059409300486245
43,remove_13_20,0.8433333436648051,0.38477593660354614,0.23477487762769064,3.0975657304128013
43,remove_20_30,0.8583333293596903,0.3447813193003337,0.2089457462231318,3.2912019888559976
43,remove_30_40,0.8583333293596903,0.3439706563949585,0.20804517467816672,3.2778467337290444
43,remove_4_8,0.8583333293596903,0.32042603691418964,0.1951961616675059,3.3563522497812905
43,remove_8_13,0.8583333293596903,0.3491244614124298,0.2096236695845922,3.2478694915771484
43,smr_only_8_30,0.8599999944368998,0.31814874211947125,0.1932798425356547,3.365288813908895
43,spectral_full,0.6383333404858907,2.028438170750936,0.6516904830932617,2.620492180188497
44,beta_only_13_30,0.8133333325386047,0.4224342405796051,0.2638434072335561,2.3889691829681396
44,full,0.9700000286102295,0.09303631633520126,0.05079661185542742,4.881616751352946
44,non_smr_only_4_8_30_40,0.6366666555404663,0.949395497639974,0.5469673077265421,1.4088760217030842
44,only_13_20,0.8166666626930237,0.41264097889264423,0.2564883331457774,2.563387950261434
44,only_20_30,0.7083333532015482,0.6568911870320638,0.41711533069610596,1.3282204071680705
44,only_30_40,0.7233333190282186,0.6344422896703085,0.40867501497268677,1.31675124168396
44,only_4_8,0.628333330154419,0.9641735752423605,0.5571526090304056,1.3961567083994548
44,only_8_13,0.9700000087420145,0.09389933447043101,0.05151397113998731,4.828795750935872
44,raw_only,0.7400000095367432,0.6245377063751221,0.39911214510599774,1.3117625713348389
44,remove_13_20,0.9666666587193807,0.0979757085442543,0.053669482469558716,4.8686472574869795
44,remove_20_30,0.9666666587193807,0.09367796033620834,0.05117121711373329,4.853276093800862
44,remove_30_40,0.9666666587193807,0.09472273786862691,0.05196015660961469,4.84391450881958
44,remove_4_8,0.9700000087420145,0.08604032794634502,0.0467165100077788,4.928409894307454
44,remove_8_13,0.7383333245913187,0.6506252288818359,0.38441842794418335,2.1521776914596558
44,smr_only_8_30,0.9700000087420145,0.08756824831167857,0.04771259675423304,4.8974348704020185
44,spectral_full,0.9783333539962769,0.24317618211110434,0.041005831211805344,23.599687576293945
45,beta_only_13_30,0.6333333253860474,0.8618898391723633,0.5352613826592764,0.6310690840085348
45,full,0.825000007947286,0.4794067144393921,0.2728608200947444,2.276839097340902
45,non_smr_only_4_8_30_40,0.600000003973643,1.0221957365671794,0.5940784613291422,0.5227725803852081
45,only_13_20,0.6150000095367432,0.8994447787602743,0.5609915057818095,0.5305900573730469
45,only_20_30,0.6383333404858907,0.8446913361549377,0.5267713765303293,0.6571982105573019
45,only_30_40,0.5883333484331766,0.8791732788085938,0.5606807271639506,0.504724125067393
45,only_4_8,0.5983333388964335,1.028188665707906,0.5954444209734598,0.528078297773997
45,only_8_13,0.8433333436648051,0.4083561102549235,0.23890897631645203,2.4047200679779053
45,raw_only,0.628333330154419,0.8607104221979777,0.5471916794776917,0.4913045863310496
45,remove_13_20,0.8233333230018616,0.4728359580039978,0.26999281843503314,2.2966249783833823
45,remove_20_30,0.828333338101705,0.48083993792533875,0.27235038081804913,2.2871978282928467
45,remove_30_40,0.8300000031789144,0.47236807147661847,0.26820912460486096,2.312378485997518
45,remove_4_8,0.850000003973643,0.43184176087379456,0.2504330277442932,2.3409411112467446
45,remove_8_13,0.6033333341280619,0.9883421063423157,0.5818086266517639,0.5732104182243347
45,smr_only_8_30,0.850000003973643,0.41958460211753845,0.24255385001500449,2.3941572507222495
45,spectral_full,0.8600000143051147,1.0478641589482625,0.25339682896931964,12.180451075236002
46,beta_only_13_30,0.6833333174387614,0.5739764173825582,0.3909182945887248,0.6136764089266459
46,full,0.6983333428700765,0.5631908675034841,0.3828750054041545,0.6495987375577291
46,non_smr_only_4_8_30_40,0.6883333524068197,0.5669329166412354,0.38665418823560077,0.6424461305141449
46,only_13_20,0.6916666825612386,0.5726149082183838,0.3897807200749715,0.6206604142983755
46,only_20_30,0.6800000071525574,0.5766896804173788,0.3934091627597809,0.5899211168289185
46,only_30_40,0.6733333269755045,0.5722871820131937,0.39117494225502014,0.6115874250729879
46,only_4_8,0.6883333325386047,0.5673344731330872,0.38655925790468854,0.6460302770137787
46,only_8_13,0.6933333476384481,0.5688097874323527,0.38720158735911053,0.6266237099965414
46,raw_only,0.674999992052714,0.5750459631284078,0.39265825351079303,0.5959979593753815
46,remove_13_20,0.6916666825612386,0.5644471446673075,0.38433946172396344,0.6424586474895477
46,remove_20_30,0.700000007947286,0.5617855389912924,0.3817392985026042,0.6540486713250478
46,remove_30_40,0.6900000174840292,0.5665277043978373,0.38538023829460144,0.6445452769597372
46,remove_4_8,0.6866666674613953,0.5663190384705862,0.3853173553943634,0.6345270375410715
46,remove_8_13,0.6933333476384481,0.5637905597686768,0.38346317410469055,0.64680215716362
46,smr_only_8_30,0.6900000174840292,0.5711362560590109,0.3887566427389781,0.626596083243688
46,spectral_full,0.6183333198229471,0.7939627170562744,0.5326244533061981,0.4929817815621694
47,beta_only_13_30,0.753333310286204,0.5013768672943115,0.3299364646275838,1.0068415999412537
47,full,0.7616666555404663,0.4871182044347127,0.3189714153607686,1.0743013223012288
47,non_smr_only_4_8_30_40,0.7616666555404663,0.48722992340723675,0.31907033920288086,1.091955264409383
47,only_13_20,0.7516666452089945,0.5014428794384003,0.3299133876959483,1.0096890330314636
47,only_20_30,0.753333330154419,0.49447200695673627,0.3249598840872447,1.008127252260844
47,only_30_40,0.753333330154419,0.4954082667827606,0.3253081242243449,1.0068194667498271
47,only_4_8,0.7633333404858907,0.4873700936635335,0.3192530771096547,1.090147038300832
47,only_8_13,0.7583333253860474,0.4900486667950948,0.3218224048614502,1.0193913380304973
47,raw_only,0.7550000150998434,0.4945749243100484,0.3248942295710246,1.006675163904826
47,remove_13_20,0.7666666706403097,0.48520978291829425,0.3175265391667684,1.0784695148468018
47,remove_20_30,0.7616666555404663,0.48719122012456256,0.31898748874664307,1.075151304403941
47,remove_30_40,0.7616666555404663,0.4871383309364319,0.3190017243226369,1.0746175249417622
47,remove_4_8,0.753333330154419,0.4926654100418091,0.32370302081108093,1.0179380178451538
47,remove_8_13,0.7566666603088379,0.4907251795132955,0.32179762919743854,1.0806552569071453
47,smr_only_8_30,0.75,0.49256818493207294,0.32365815838177997,1.0184309085210164
47,spectral_full,0.5916666587193807,0.7910045981407166,0.5303103228410085,0.5693833470965425
48,beta_only_13_30,0.6850000023841858,0.8303606708844503,0.45216597119967145,1.6676581303278606
48,full,0.699999988079071,0.8705016175905863,0.4498254060745239,1.8002942005793254
48,non_smr_only_4_8_30_40,0.7033333579699198,0.8799222906430563,0.4503270884354909,1.791473627090454
48,only_13_20,0.6866666674613953,0.833665649096171,0.45412946740786236,1.6677641073862712
48,only_20_30,0.7016666531562805,0.8236172596613566,0.4486081798871358,1.642486810684204
48,only_30_40,0.6933333277702332,0.8244814872741699,0.4504575232664744,1.6374398469924927
48,only_4_8,0.7066666881243387,0.8784483671188354,0.44960681597391766,1.793095866839091
48,only_8_13,0.6949999928474426,0.8287524580955505,0.4508926570415497,1.6988670825958252
48,raw_only,0.6949999928474426,0.8246626655260721,0.4479398230711619,1.6457879543304443
48,remove_13_20,0.7016666730244955,0.8718885978062948,0.44974303245544434,1.799176017443339
48,remove_20_30,0.699999988079071,0.8703913489977518,0.44993723432223004,1.7998781204223633
48,remove_30_40,0.699999988079071,0.869978149731954,0.4496236542860667,1.8008581797281902
48,remove_4_8,0.6866666674613953,0.8309414386749268,0.45347686608632404,1.6956113974253337
48,remove_8_13,0.7050000230471293,0.8770403265953064,0.44997920592625934,1.7924468119939168
48,smr_only_8_30,0.6883333325386047,0.8319306174914042,0.45349571108818054,1.6990260283152263
48,spectral_full,0.6116666595141093,1.953627387682597,0.7228361765543619,1.2913965384165447
49,beta_only_13_30,0.6483333309491476,0.6359754999478658,0.44334616263707477,0.5362173567215601
49,full,0.6549999912579855,0.6279712518056234,0.43524618943532306,0.5708401799201965
49,non_smr_only_4_8_30_40,0.6450000007947286,0.633056640625,0.4389754831790924,0.5450344979763031
49,only_13_20,0.6350000103314718,0.6322039167086283,0.4395584265391032,0.5431648939847946
49,only_20_30,0.6199999849001566,0.6492460370063782,0.45397021373112995,0.4992587665716807
49,only_30_40,0.6200000047683716,0.6438210407892863,0.4496341546376546,0.5045084853967031
49,only_4_8,0.6466666658719381,0.6430710752805074,0.4464964469273885,0.527619923154513
49,only_8_13,0.6450000007947286,0.6303455829620361,0.4382173717021942,0.557124654452006
49,raw_only,0.6383333206176758,0.6376138726870219,0.4447686970233917,0.49384384353955585
49,remove_13_20,0.6566666762034098,0.6272400816281637,0.4347454309463501,0.5689959675073624
49,remove_20_30,0.6483333110809326,0.6302083929379781,0.4365250567595164,0.5682031114896139
49,remove_30_40,0.653333326180776,0.6335609753926595,0.4394172231356303,0.5609232733647028
49,remove_4_8,0.6466666658719381,0.6265752911567688,0.4357360104719798,0.564706896742185
49,remove_8_13,0.6516666611035665,0.6306575934092203,0.4377230107784271,0.5555886427561442
49,smr_only_8_30,0.6400000055631002,0.6297226150830587,0.4379280010859172,0.5610420157512029
49,spectral_full,0.5866666833559672,1.1127465168635051,0.6285891930262247,0.6344851156075796
50,beta_only_13_30,0.5200000007947286,0.8354014952977499,0.5901523033777872,0.09996640806396802
50,full,0.5266666611035665,0.8392125169436137,0.5914663473765055,0.10480016469955444
50,non_smr_only_4_8_30_40,0.5066666603088379,0.8364403049151102,0.5916353861490885,0.09286040812730789
50,only_13_20,0.5266666611035665,0.8247280518213908,0.582112451394399,0.09891448045770328
50,only_20_30,0.5200000007947286,0.8397887150446574,0.5936010281244913,0.09461285918951035
50,only_30_40,0.5049999952316284,0.8668624560038248,0.6066880623499552,0.09299772729476292
50,only_4_8,0.528333326180776,0.794212281703949,0.5655173063278198,0.09305509428183238
50,only_8_13,0.5383333365122477,0.8139641086260477,0.5758854150772095,0.10791400074958801
50,raw_only,0.5350000063578287,0.7967874606450399,0.5673457980155945,0.0919976495206356
50,remove_13_20,0.5199999809265137,0.8382324377695719,0.591708262761434,0.10162068779269855
50,remove_20_30,0.5383333365122477,0.8322925766309103,0.5874149600664774,0.10561212773124377
50,remove_30_40,0.5366666714350382,0.8186018268267313,0.5796712835629781,0.10744808117548625
50,remove_4_8,0.5266666809717814,0.8525087237358093,0.5973947445551554,0.10676237692435582
50,remove_8_13,0.5149999856948853,0.8454529245694479,0.5962255199750265,0.09746591001749039
50,smr_only_8_30,0.5299999912579855,0.8322279850641886,0.5870331525802612,0.10668620467185974
50,spectral_full,0.5099999805291494,1.7267311016718547,0.7924230496088663,0.09129760662714641
51,beta_only_13_30,0.6366666555404663,0.8898175358772278,0.5234612822532654,0.9385725061098734
51,full,0.6466666460037231,0.910566488901774,0.5273133913675944,1.0178613861401875
51,non_smr_only_4_8_30_40,0.6366666555404663,0.9329100648562113,0.5378812948862711,1.002607564131419
51,only_13_20,0.6449999809265137,0.8866813977559408,0.5245857437451681,0.9310758312543234
51,only_20_30,0.6400000055631002,0.8950510819753011,0.5211447874704996,0.939444879690806
51,only_30_40,0.6266666650772095,0.8934396306673685,0.5265099406242371,0.9541515906651815
51,only_4_8,0.6383333206176758,0.9340802431106567,0.5381250182787577,0.9948438008626302
51,only_8_13,0.6333333253860474,0.9043703079223633,0.5280963182449341,0.9540498654047648
51,raw_only,0.6366666555404663,0.8842680255572001,0.523600161075592,0.9024334947268168
51,remove_13_20,0.6416666507720947,0.920514722665151,0.5304583509763082,1.0173178315162659
51,remove_20_30,0.6483333110809326,0.9123086929321289,0.5280733704566956,1.0203826626141865
51,remove_30_40,0.6433333158493042,0.9118846456209818,0.527737577756246,1.014762818813324
51,remove_4_8,0.6349999904632568,0.8961044549942017,0.527179479598999,0.9655278921127319
51,remove_8_13,0.6399999856948853,0.9171085158983866,0.5305108825365702,1.010089933872223
51,smr_only_8_30,0.6333333253860474,0.894887904326121,0.5247916181882223,0.956673781077067
51,spectral_full,0.5550000071525574,1.807380477587382,0.7656779289245605,0.8574283520380656
52,beta_only_13_30,0.6349999904632568,0.6379373470942179,0.44187667965888977,0.5389610628286997
52,full,0.6400000055631002,0.6425637801488241,0.4467494984467824,0.5813881953557333
52,non_smr_only_4_8_30_40,0.625,0.6771500507990519,0.4752402901649475,0.5113429625829061
52,only_13_20,0.6516666809717814,0.6409669319788615,0.4439041316509247,0.5394005477428436
52,only_20_30,0.6316666801770529,0.6518927415211996,0.4536841611067454,0.4834076662858327
52,only_30_40,0.6083333094914755,0.6705835660298666,0.47117123007774353,0.44812679290771484
52,only_4_8,0.6199999849001566,0.67469322681427,0.4728003839651744,0.5173529187838236
52,only_8_13,0.6450000007947286,0.6497944593429565,0.4530796507994334,0.5430594086647034
52,raw_only,0.6266666452089945,0.660306970278422,0.4618579347928365,0.447282612323761
52,remove_13_20,0.6366666555404663,0.6507403055826823,0.45388933022816974,0.5660083889961243
52,remove_20_30,0.6349999904632568,0.6464866201082865,0.4495360255241394,0.5786083042621613
52,remove_30_40,0.6399999856948853,0.6420103112856547,0.44604988892873126,0.5820916692415873
52,remove_4_8,0.6400000055631002,0.6352635025978088,0.44060057401657104,0.5699755549430847
52,remove_8_13,0.628333330154419,0.651273270448049,0.45390979448954266,0.5534857114156088
52,smr_only_8_30,0.6433333357175192,0.6346195737520853,0.43977049986521405,0.5716261168320974
52,spectral_full,0.6266666650772095,1.0948222478230794,0.5928943554560343,1.0840723911921184
53,beta_only_13_30,0.5516666571299235,0.7533634106318156,0.519956092039744,0.19960405180851618
53,full,0.5550000071525574,0.7565586169560751,0.5215441981951395,0.2085062243665258
53,non_smr_only_4_8_30_40,0.5533333222071329,0.7580458323160807,0.5219491720199585,0.2071460671722889
53,only_13_20,0.5416666666666666,0.7560755014419556,0.5219853619734446,0.1950873133415977
53,only_20_30,0.5483333269755045,0.7494932810465494,0.5173693895339966,0.20637257924924293
53,only_30_40,0.5516666571299235,0.7513770262400309,0.5187402665615082,0.1985711387048165
53,only_4_8,0.5566666523615519,0.7629984815915426,0.5247110029061636,0.20491764259835085
53,only_8_13,0.5516666769981384,0.7541369398434957,0.521203339099884,0.20249706537773213
53,raw_only,0.5433333317438761,0.7511883974075317,0.5201806227366129,0.19601906711856523
53,remove_13_20,0.5533333420753479,0.755522628625234,0.5205508669217428,0.20875415609528622
53,remove_20_30,0.5583333373069763,0.7566870848337809,0.521688848733902,0.20855722948908806
53,remove_30_40,0.5516666769981384,0.759289006392161,0.5230644444624583,0.20870920239637294
53,remove_4_8,0.5533333420753479,0.7514543930689493,0.5197565754254659,0.20195294978717962
53,remove_8_13,0.5533333222071329,0.7583057483037313,0.5221164127190908,0.20567649913330874
53,smr_only_8_30,0.5533333420753479,0.7543593843777975,0.5214754343032837,0.2045013690367341
53,spectral_full,0.5683333476384481,1.0262344876925151,0.6089073220888773,0.10372067429125309
54,beta_only_13_30,0.5733333230018616,0.8279510140419006,0.5569533904393514,0.09435450906554858
54,full,0.5699999928474426,0.8393957416216532,0.5630410313606262,0.1072142372528712
54,non_smr_only_4_8_30_40,0.5633333325386047,0.842911958694458,0.5647284587224325,0.10956755404671033
54,only_13_20,0.5633333325386047,0.8272938132286072,0.5576222141583761,0.09304510864118735
54,only_20_30,0.5616666475931803,0.8309204777081808,0.5581765572230021,0.08450535591691732
54,only_30_40,0.5750000278155009,0.8249803384145101,0.5534303387006124,0.09362163456777732
54,only_4_8,0.5583333373069763,0.849726676940918,0.5717091957728068,0.09873692194620769
54,only_8_13,0.5416666467984518,0.8370557228724161,0.5652454892794291,0.08006498279670875
54,raw_only,0.5400000015894572,0.8183796008427938,0.5539413293202718,0.07973211382826169
54,remove_13_20,0.5683333277702332,0.842256228129069,0.5647755066553751,0.10583689933021863
54,remove_20_30,0.5649999976158142,0.8405310908953348,0.5639277100563049,0.10799116392930348
54,remove_30_40,0.5600000023841858,0.8422596653302511,0.5658430258433024,0.10458691666523616
54,remove_4_8,0.5716666777928671,0.8314403891563416,0.558175285657247,0.09544731055696805
54,remove_8_13,0.5700000127156576,0.8372212847073873,0.5610077579816183,0.1100762536128362
54,smr_only_8_30,0.5549999872843424,0.8328467210133871,0.560230573018392,0.09314869654675324
54,spectral_full,0.5366666714350382,1.2154745658238728,0.7260811527570089,0.22029346227645874
