subject,current_rd,fft_reflect_rd,raw_reflect_rd,current_nodemean,fft_reflect_nodemean,raw_reflect_nodemean
1,60.833333333333336,58.333333333333336,60.0,54.166666666666664,52.333333333333336,57.0
2,64.83333333333333,64.16666666666667,65.33333333333333,69.16666666666667,66.66666666666667,68.5
3,92.83333333333333,95.0,92.66666666666667,92.5,88.0,87.5
4,82.66666666666667,82.5,83.0,68.33333333333333,67.33333333333333,68.66666666666667
5,75.66666666666667,80.83333333333333,76.83333333333333,63.0,69.66666666666667,69.5
6,91.83333333333333,93.0,92.16666666666667,83.33333333333333,86.33333333333333,89.16666666666667
7,79.5,80.33333333333333,79.0,50.0,50.0,50.0
8,63.833333333333336,66.5,66.83333333333333,67.83333333333333,68.16666666666667,68.5
9,67.66666666666667,71.33333333333333,73.0,74.66666666666667,76.0,72.83333333333333
10,55.833333333333336,53.166666666666664,55.5,54.5,56.833333333333336,51.833333333333336
11,50.666666666666664,50.833333333333336,52.5,50.5,49.666666666666664,50.0
12,60.833333333333336,62.0,62.0,58.5,57.0,57.166666666666664
13,61.166666666666664,59.166666666666664,60.333333333333336,53.5,53.166666666666664,54.5
14,57.5,58.5,56.83333333333332,57.333333333333336,56.666666666666664,56.5
15,74.16666666666667,76.0,74.5,64.5,64.66666666666667,66.83333333333333
16,67.83333333333333,65.16666666666667,69.83333333333333,74.66666666666667,76.83333333333333,76.83333333333333
17,60.333333333333336,58.333333333333336,56.5,53.5,54.833333333333336,53.166666666666664
18,83.5,77.83333333333333,83.16666666666667,82.66666666666667,84.5,85.83333333333333
19,66.83333333333333,68.0,67.66666666666667,67.66666666666667,69.16666666666667,66.33333333333333
20,62.666666666666664,61.666666666666664,60.333333333333336,62.166666666666664,59.333333333333336,60.833333333333336
21,96.33333333333333,98.0,95.5,97.16666666666667,97.66666666666667,97.5
22,58.666666666666664,57.166666666666664,61.0,54.666666666666664,55.333333333333336,55.833333333333336
23,55.333333333333336,56.166666666666664,53.333333333333336,47.5,47.5,53.166666666666664
24,49.833333333333336,51.333333333333336,49.333333333333336,50.833333333333336,50.833333333333336,51.666666666666664
25,87.0,86.33333333333333,87.16666666666667,73.33333333333333,76.5,76.0
26,77.83333333333333,78.16666666666667,78.5,72.33333333333333,73.33333333333333,73.5
27,80.33333333333333,79.83333333333333,79.33333333333333,79.0,76.83333333333333,78.66666666666667
28,80.83333333333333,80.83333333333333,79.16666666666667,69.83333333333333,72.5,70.33333333333333
29,89.83333333333333,90.0,88.16666666666667,81.33333333333333,87.5,85.0
30,67.0,63.0,65.5,59.333333333333336,61.0,60.833333333333336
31,72.5,73.0,73.66666666666667,69.33333333333333,70.0,66.0
32,60.166666666666664,57.833333333333336,61.5,57.0,67.5,55.833333333333336
33,92.33333333333333,94.66666666666667,94.5,80.83333333333333,77.33333333333333,85.33333333333333
34,57.833333333333336,59.0,57.833333333333336,61.166666666666664,60.5,57.666666666666664
35,90.16666666666667,90.16666666666667,92.0,82.16666666666667,82.0,81.0
36,96.16666666666667,96.83333333333333,97.0,96.83333333333333,95.5,97.83333333333333
37,87.5,91.0,88.5,90.0,91.66666666666667,90.16666666666667
38,54.666666666666664,54.333333333333336,56.5,52.333333333333336,50.166666666666664,51.166666666666664
39,63.166666666666664,66.83333333333333,62.666666666666664,60.833333333333336,57.833333333333336,63.666666666666664
40,64.16666666666667,63.833333333333336,64.83333333333333,58.833333333333336,54.333333333333336,59.0
41,54.666666666666664,54.5,54.666666666666664,56.0,54.5,55.5
42,62.833333333333336,64.16666666666667,64.66666666666667,66.0,63.333333333333336,64.66666666666667
43,84.33333333333333,84.0,85.16666666666667,54.833333333333336,57.333333333333336,56.5
44,97.16666666666667,95.0,95.83333333333333,95.5,93.5,93.5
45,82.16666666666667,81.16666666666667,81.5,83.0,83.33333333333333,84.16666666666667
46,68.83333333333333,69.5,71.16666666666667,63.833333333333336,65.5,61.166666666666664
47,76.5,77.83333333333333,77.5,78.33333333333333,74.83333333333333,78.83333333333333
48,70.5,70.5,72.16666666666667,60.666666666666664,61.0,61.0
49,67.83333333333333,68.0,66.5,54.0,55.166666666666664,57.666666666666664
50,54.0,54.5,50.333333333333336,51.333333333333336,52.166666666666664,54.166666666666664
51,63.666666666666664,64.83333333333333,63.0,59.833333333333336,59.833333333333336,60.333333333333336
52,66.0,64.5,66.66666666666667,58.666666666666664,59.666666666666664,60.0
53,53.666666666666664,55.0,54.166666666666664,51.166666666666664,52.833333333333336,52.333333333333336
54,56.833333333333336,55.333333333333336,54.0,57.833333333333336,55.5,53.666666666666664
