subject,atc_author_recipe,atc_matched_recipe,npfeegnet_rd,author_minus_matched_pp,rd_minus_author_pp
1,0.5449999999999999,0.495,0.6733333333333333,4.999999999999993,12.833333333333341
2,0.5866666666666667,0.5833333333333334,0.6183333333333333,0.33333333333332993,3.166666666666662
3,0.5916666666666667,0.49833333333333335,0.76,9.333333333333332,16.833333333333332
4,0.77,0.755,0.82,1.5000000000000013,4.999999999999993
5,0.6016666666666667,0.495,0.7483333333333333,10.666666666666668,14.66666666666666
6,0.8483333333333333,0.8383333333333334,0.9083333333333333,0.9999999999999898,6.000000000000005
7,0.6983333333333334,0.685,0.7866666666666667,1.3333333333333308,8.833333333333337
8,0.605,0.6116666666666667,0.675,-0.666666666666671,7.000000000000006
9,0.5033333333333334,0.505,0.6933333333333334,-0.1666666666666594,18.999999999999993
10,0.5599999999999999,0.5316666666666666,0.5966666666666667,2.833333333333332,3.6666666666666736
11,0.5233333333333333,0.515,0.5166666666666667,0.8333333333333304,-0.6666666666666599
12,0.545,0.5166666666666667,0.5983333333333333,2.833333333333332,5.333333333333323
13,0.5866666666666667,0.5533333333333333,0.6016666666666667,3.3333333333333326,1.5000000000000013
14,0.5266666666666667,0.5616666666666666,0.5566666666666666,-3.499999999999992,2.9999999999999916
15,0.6416666666666667,0.6833333333333333,0.76,-4.1666666666666625,11.833333333333329
16,0.6933333333333334,0.5833333333333334,0.685,10.999999999999998,-0.8333333333333304
17,0.5066666666666667,0.5316666666666667,0.5599999999999999,-2.500000000000002,5.333333333333323
18,0.5449999999999999,0.5216666666666667,0.845,2.3333333333333206,30.000000000000004
19,0.6316666666666667,0.57,0.7033333333333334,6.166666666666676,7.166666666666666
20,0.505,0.535,0.6166666666666667,-3.0000000000000027,11.16666666666667
21,0.865,0.7783333333333333,0.945,8.666666666666668,7.9999999999999964
22,0.5166666666666666,0.5283333333333333,0.6033333333333334,-1.1666666666666714,8.666666666666679
23,0.5116666666666667,0.5266666666666667,0.5216666666666667,-1.5000000000000013,1.0000000000000009
24,0.485,0.485,0.5116666666666667,0.0,2.6666666666666727
25,0.765,0.7066666666666667,0.8716666666666667,5.833333333333335,10.666666666666668
26,0.7083333333333334,0.675,0.76,3.3333333333333326,5.166666666666664
27,0.6733333333333333,0.6583333333333333,0.7733333333333333,1.5000000000000013,9.999999999999998
28,0.74,0.7166666666666667,0.8,2.3333333333333317,6.000000000000005
29,0.8233333333333334,0.8716666666666667,0.8916666666666667,-4.833333333333334,6.833333333333336
30,0.625,0.5166666666666666,0.6383333333333333,10.83333333333334,1.3333333333333308
31,0.625,0.5983333333333334,0.735,2.6666666666666616,10.999999999999998
32,0.5800000000000001,0.5166666666666667,0.6133333333333333,6.333333333333336,3.3333333333333215
33,0.8516666666666667,0.8,0.9316666666666666,5.166666666666664,7.9999999999999964
34,0.5416666666666666,0.5283333333333333,0.6083333333333333,1.3333333333333308,6.666666666666665
35,0.83,0.7533333333333333,0.905,7.666666666666666,7.500000000000007
36,0.95,0.9183333333333333,0.985,3.166666666666662,3.500000000000003
37,0.8133333333333334,0.6633333333333333,0.9266666666666666,15.000000000000002,11.333333333333329
38,0.5066666666666667,0.4916666666666667,0.5666666666666667,1.5000000000000013,5.999999999999995
39,0.5916666666666667,0.53,0.635,6.166666666666664,4.333333333333334
40,0.6083333333333333,0.58,0.68,2.833333333333332,7.166666666666677
41,0.535,0.5083333333333333,0.5483333333333333,2.6666666666666727,1.3333333333333308
42,0.62,0.5666666666666667,0.6483333333333333,5.333333333333334,2.833333333333332
43,0.7733333333333333,0.7733333333333333,0.855,0.0,8.166666666666666
44,0.9266666666666666,0.7833333333333333,0.97,14.333333333333332,4.333333333333334
45,0.5733333333333334,0.58,0.765,-0.6666666666666599,19.166666666666664
46,0.6133333333333333,0.6483333333333333,0.68,-3.500000000000003,6.666666666666677
47,0.6783333333333333,0.6633333333333333,0.775,1.5000000000000013,9.666666666666668
48,0.6416666666666667,0.635,0.6983333333333333,0.666666666666671,5.666666666666654
49,0.545,0.5616666666666666,0.6633333333333333,-1.6666666666666607,11.833333333333329
50,0.5183333333333333,0.5316666666666666,0.535,-1.3333333333333308,1.6666666666666718
51,0.5866666666666667,0.6216666666666667,0.6333333333333333,-3.500000000000003,4.666666666666663
52,0.5633333333333334,0.57,0.6316666666666667,-0.6666666666666599,6.833333333333336
53,0.5383333333333333,0.485,0.5566666666666666,5.333333333333334,1.8333333333333313
54,0.5083333333333333,0.5,0.5566666666666666,0.8333333333333304,4.833333333333334
