variant,subject,seed,layer,session_centroid_standardized_rms
RD,1,0,raw_input,0.017706146463751793
RD,1,0,temporal_conv,0.17190377414226532
RD,1,0,temporal_bn,0.17189590632915497
RD,1,0,spatial_conv,0.21523529291152954
RD,1,0,spatial_bn,0.215311661362648
RD,1,1,raw_input,0.017706146463751793
RD,1,1,temporal_conv,0.14069846272468567
RD,1,1,temporal_bn,0.14069710671901703
RD,1,1,spatial_conv,0.14525912702083588
RD,1,1,spatial_bn,0.14527346193790436
RD,1,2,raw_input,0.017706146463751793
RD,1,2,temporal_conv,0.1653268188238144
RD,1,2,temporal_bn,0.16532021760940552
RD,1,2,spatial_conv,0.18850047886371613
RD,1,2,spatial_bn,0.18854819238185883
RD,10,0,raw_input,0.008333067409694195
RD,10,0,temporal_conv,0.33923691511154175
RD,10,0,temporal_bn,0.3392336666584015
RD,10,0,spatial_conv,0.17529296875
RD,10,0,spatial_bn,0.17530637979507446
RD,10,1,raw_input,0.008333067409694195
RD,10,1,temporal_conv,0.32193470001220703
RD,10,1,temporal_bn,0.32193055748939514
RD,10,1,spatial_conv,0.32984498143196106
RD,10,1,spatial_bn,0.3298530578613281
RD,10,2,raw_input,0.008333067409694195
RD,10,2,temporal_conv,0.30713096261024475
RD,10,2,temporal_bn,0.3071221113204956
RD,10,2,spatial_conv,0.22957684099674225
RD,10,2,spatial_bn,0.22960129380226135
RD,11,0,raw_input,0.005858221091330051
RD,11,0,temporal_conv,0.1330949068069458
RD,11,0,temporal_bn,0.13309346139431
RD,11,0,spatial_conv,0.1311599463224411
RD,11,0,spatial_bn,0.13116855919361115
RD,11,1,raw_input,0.005858221091330051
RD,11,1,temporal_conv,0.13257919251918793
RD,11,1,temporal_bn,0.13257789611816406
RD,11,1,spatial_conv,0.11918123811483383
RD,11,1,spatial_bn,0.11927607655525208
RD,11,2,raw_input,0.005858221091330051
RD,11,2,temporal_conv,0.130837082862854
RD,11,2,temporal_bn,0.13083472847938538
RD,11,2,spatial_conv,0.17704962193965912
RD,11,2,spatial_bn,0.1770630031824112
RD,12,0,raw_input,0.013186683878302574
RD,12,0,temporal_conv,0.3958878517150879
RD,12,0,temporal_bn,0.39585253596305847
RD,12,0,spatial_conv,0.36103391647338867
RD,12,0,spatial_bn,0.3614647686481476
RD,12,1,raw_input,0.013186683878302574
RD,12,1,temporal_conv,0.3825148642063141
RD,12,1,temporal_bn,0.3825065493583679
RD,12,1,spatial_conv,0.3726736605167389
RD,12,1,spatial_bn,0.3727057874202728
RD,12,2,raw_input,0.013186683878302574
RD,12,2,temporal_conv,0.3606705367565155
RD,12,2,temporal_bn,0.3606667220592499
RD,12,2,spatial_conv,0.35505208373069763
RD,12,2,spatial_bn,0.3551202118396759
RD,13,0,raw_input,0.007363987620919943
RD,13,0,temporal_conv,0.2881278991699219
RD,13,0,temporal_bn,0.2881188988685608
RD,13,0,spatial_conv,0.3358173370361328
RD,13,0,spatial_bn,0.3359621465206146
RD,13,1,raw_input,0.007363987620919943
RD,13,1,temporal_conv,0.2917863130569458
RD,13,1,temporal_bn,0.291780024766922
RD,13,1,spatial_conv,0.3504190146923065
RD,13,1,spatial_bn,0.350462943315506
RD,13,2,raw_input,0.007363987620919943
RD,13,2,temporal_conv,0.24030710756778717
RD,13,2,temporal_bn,0.24029706418514252
RD,13,2,spatial_conv,0.2386351078748703
RD,13,2,spatial_bn,0.23875582218170166
RD,14,0,raw_input,0.008199001662433147
RD,14,0,temporal_conv,0.21671272814273834
RD,14,0,temporal_bn,0.21671105921268463
RD,14,0,spatial_conv,0.20331861078739166
RD,14,0,spatial_bn,0.20332519710063934
RD,14,1,raw_input,0.008199001662433147
RD,14,1,temporal_conv,0.2191726416349411
RD,14,1,temporal_bn,0.21917104721069336
RD,14,1,spatial_conv,0.2746026813983917
RD,14,1,spatial_bn,0.274637907743454
RD,14,2,raw_input,0.008199001662433147
RD,14,2,temporal_conv,0.2232929766178131
RD,14,2,temporal_bn,0.22329024970531464
RD,14,2,spatial_conv,0.25028181076049805
RD,14,2,spatial_bn,0.25029459595680237
RD,15,0,raw_input,0.004182212054729462
RD,15,0,temporal_conv,0.1876513957977295
RD,15,0,temporal_bn,0.18764793872833252
RD,15,0,spatial_conv,0.22151680290699005
RD,15,0,spatial_bn,0.22153958678245544
RD,15,1,raw_input,0.004182212054729462
RD,15,1,temporal_conv,0.18501722812652588
RD,15,1,temporal_bn,0.1850128024816513
RD,15,1,spatial_conv,0.16449092328548431
RD,15,1,spatial_bn,0.16450223326683044
RD,15,2,raw_input,0.004182212054729462
RD,15,2,temporal_conv,0.18171283602714539
RD,15,2,temporal_bn,0.18170779943466187
RD,15,2,spatial_conv,0.2933351397514343
RD,15,2,spatial_bn,0.29338517785072327
RD,16,0,raw_input,0.007133721839636564
RD,16,0,temporal_conv,0.16451071202754974
RD,16,0,temporal_bn,0.16450853645801544
RD,16,0,spatial_conv,0.1967918425798416
RD,16,0,spatial_bn,0.19682687520980835
RD,16,1,raw_input,0.007133721839636564
RD,16,1,temporal_conv,0.16980886459350586
RD,16,1,temporal_bn,0.16980502009391785
RD,16,1,spatial_conv,0.2501487135887146
RD,16,1,spatial_bn,0.25026682019233704
RD,16,2,raw_input,0.007133721839636564
RD,16,2,temporal_conv,0.17279915511608124
RD,16,2,temporal_bn,0.17279738187789917
RD,16,2,spatial_conv,0.2023947387933731
RD,16,2,spatial_bn,0.20243212580680847
RD,17,0,raw_input,0.017556577920913696
RD,17,0,temporal_conv,0.31969553232192993
RD,17,0,temporal_bn,0.3196942210197449
RD,17,0,spatial_conv,0.27459999918937683
RD,17,0,spatial_bn,0.27461525797843933
RD,17,1,raw_input,0.017556577920913696
RD,17,1,temporal_conv,0.3476031422615051
RD,17,1,temporal_bn,0.34760117530822754
RD,17,1,spatial_conv,0.3476545214653015
RD,17,1,spatial_bn,0.3476654887199402
RD,17,2,raw_input,0.017556577920913696
RD,17,2,temporal_conv,0.3613724410533905
RD,17,2,temporal_bn,0.36136919260025024
RD,17,2,spatial_conv,0.3095763921737671
RD,17,2,spatial_bn,0.30958738923072815
RD,18,0,raw_input,0.006167108658701181
RD,18,0,temporal_conv,0.3191205859184265
RD,18,0,temporal_bn,0.31911584734916687
RD,18,0,spatial_conv,0.4088541269302368
RD,18,0,spatial_bn,0.4089092016220093
RD,18,1,raw_input,0.006167108658701181
RD,18,1,temporal_conv,0.3310285210609436
RD,18,1,temporal_bn,0.330972820520401
RD,18,1,spatial_conv,0.415111243724823
RD,18,1,spatial_bn,0.41815972328186035
RD,18,2,raw_input,0.006167108658701181
RD,18,2,temporal_conv,0.22160710394382477
RD,18,2,temporal_bn,0.22160476446151733
RD,18,2,spatial_conv,0.3627721071243286
RD,18,2,spatial_bn,0.3628661036491394
RD,19,0,raw_input,0.015159429050981998
RD,19,0,temporal_conv,0.6544175148010254
RD,19,0,temporal_bn,0.654410719871521
RD,19,0,spatial_conv,0.46752941608428955
RD,19,0,spatial_bn,0.46754446625709534
RD,19,1,raw_input,0.015159429050981998
RD,19,1,temporal_conv,0.5681656002998352
RD,19,1,temporal_bn,0.5681559443473816
RD,19,1,spatial_conv,0.4757874608039856
RD,19,1,spatial_bn,0.47585397958755493
RD,19,2,raw_input,0.015159429050981998
RD,19,2,temporal_conv,0.6646064519882202
RD,19,2,temporal_bn,0.6646003723144531
RD,19,2,spatial_conv,0.4368668496608734
RD,19,2,spatial_bn,0.4369061291217804
RD,2,0,raw_input,0.011446946300566196
RD,2,0,temporal_conv,0.14789651334285736
RD,2,0,temporal_bn,0.14789432287216187
RD,2,0,spatial_conv,0.2548806071281433
RD,2,0,spatial_bn,0.25491952896118164
RD,2,1,raw_input,0.011446946300566196
RD,2,1,temporal_conv,0.1485854834318161
RD,2,1,temporal_bn,0.14858292043209076
RD,2,1,spatial_conv,0.2223433256149292
RD,2,1,spatial_bn,0.22248497605323792
RD,2,2,raw_input,0.011446946300566196
RD,2,2,temporal_conv,0.15083390474319458
RD,2,2,temporal_bn,0.1508312076330185
RD,2,2,spatial_conv,0.23854553699493408
RD,2,2,spatial_bn,0.23856456577777863
RD,20,0,raw_input,0.005207069683820009
RD,20,0,temporal_conv,0.21969497203826904
RD,20,0,temporal_bn,0.21969270706176758
RD,20,0,spatial_conv,0.2606099843978882
RD,20,0,spatial_bn,0.2606225311756134
RD,20,1,raw_input,0.005207069683820009
RD,20,1,temporal_conv,0.23033694922924042
RD,20,1,temporal_bn,0.2303355485200882
RD,20,1,spatial_conv,0.2801177203655243
RD,20,1,spatial_bn,0.28013184666633606
RD,20,2,raw_input,0.005207069683820009
RD,20,2,temporal_conv,0.19155611097812653
RD,20,2,temporal_bn,0.19155123829841614
RD,20,2,spatial_conv,0.23899033665657043
RD,20,2,spatial_bn,0.23901022970676422
RD,21,0,raw_input,0.0063584656454622746
RD,21,0,temporal_conv,0.1502939760684967
RD,21,0,temporal_bn,0.15029169619083405
RD,21,0,spatial_conv,0.13792988657951355
RD,21,0,spatial_bn,0.13794401288032532
RD,21,1,raw_input,0.0063584656454622746
RD,21,1,temporal_conv,0.1649315357208252
RD,21,1,temporal_bn,0.16493044793605804
RD,21,1,spatial_conv,0.1720501035451889
RD,21,1,spatial_bn,0.1720544993877411
RD,21,2,raw_input,0.0063584656454622746
RD,21,2,temporal_conv,0.14690661430358887
RD,21,2,temporal_bn,0.14690017700195312
RD,21,2,spatial_conv,0.15425162017345428
RD,21,2,spatial_bn,0.1542741060256958
RD,22,0,raw_input,0.005009470507502556
RD,22,0,temporal_conv,0.20955327153205872
RD,22,0,temporal_bn,0.209549680352211
RD,22,0,spatial_conv,0.23009763658046722
RD,22,0,spatial_bn,0.2301446944475174
RD,22,1,raw_input,0.005009470507502556
RD,22,1,temporal_conv,0.19563111662864685
RD,22,1,temporal_bn,0.19562724232673645
RD,22,1,spatial_conv,0.23478183150291443
RD,22,1,spatial_bn,0.23482251167297363
RD,22,2,raw_input,0.005009470507502556
RD,22,2,temporal_conv,0.22865499556064606
RD,22,2,temporal_bn,0.22865040600299835
RD,22,2,spatial_conv,0.23091809451580048
RD,22,2,spatial_bn,0.23095665872097015
RD,23,0,raw_input,0.01293312106281519
RD,23,0,temporal_conv,0.19746878743171692
RD,23,0,temporal_bn,0.19746479392051697
RD,23,0,spatial_conv,0.1691025346517563
RD,23,0,spatial_bn,0.16912266612052917
RD,23,1,raw_input,0.01293312106281519
RD,23,1,temporal_conv,0.19825094938278198
RD,23,1,temporal_bn,0.19824570417404175
RD,23,1,spatial_conv,0.20973463356494904
RD,23,1,spatial_bn,0.20975717902183533
RD,23,2,raw_input,0.01293312106281519
RD,23,2,temporal_conv,0.1972952038049698
RD,23,2,temporal_bn,0.19728924334049225
RD,23,2,spatial_conv,0.20042188465595245
RD,23,2,spatial_bn,0.20045006275177002
RD,24,0,raw_input,0.008409833535552025
RD,24,0,temporal_conv,0.14653822779655457
RD,24,0,temporal_bn,0.14653702080249786
RD,24,0,spatial_conv,0.13046795129776
RD,24,0,spatial_bn,0.13047067821025848
RD,24,1,raw_input,0.008409833535552025
RD,24,1,temporal_conv,0.13318920135498047
RD,24,1,temporal_bn,0.1331886500120163
RD,24,1,spatial_conv,0.10844733566045761
RD,24,1,spatial_bn,0.10844874382019043
RD,24,2,raw_input,0.008409833535552025
RD,24,2,temporal_conv,0.1744513064622879
RD,24,2,temporal_bn,0.1744496375322342
RD,24,2,spatial_conv,0.17930735647678375
RD,24,2,spatial_bn,0.17932255566120148
RD,25,0,raw_input,0.008024406619369984
RD,25,0,temporal_conv,0.4379156827926636
RD,25,0,temporal_bn,0.43790942430496216
RD,25,0,spatial_conv,0.37161630392074585
RD,25,0,spatial_bn,0.3716387450695038
RD,25,1,raw_input,0.008024406619369984
RD,25,1,temporal_conv,0.4679647982120514
RD,25,1,temporal_bn,0.46796074509620667
RD,25,1,spatial_conv,0.43951690196990967
RD,25,1,spatial_bn,0.43952304124832153
RD,25,2,raw_input,0.008024406619369984
RD,25,2,temporal_conv,0.5639348030090332
RD,25,2,temporal_bn,0.5639262795448303
RD,25,2,spatial_conv,0.44324809312820435
RD,25,2,spatial_bn,0.4432801306247711
RD,26,0,raw_input,0.004690423142164946
RD,26,0,temporal_conv,0.1502457708120346
RD,26,0,temporal_bn,0.1502438187599182
RD,26,0,spatial_conv,0.15602272748947144
RD,26,0,spatial_bn,0.15606608986854553
RD,26,1,raw_input,0.004690423142164946
RD,26,1,temporal_conv,0.14797548949718475
RD,26,1,temporal_bn,0.1479717344045639
RD,26,1,spatial_conv,0.12965992093086243
RD,26,1,spatial_bn,0.12967219948768616
RD,26,2,raw_input,0.004690423142164946
RD,26,2,temporal_conv,0.16175171732902527
RD,26,2,temporal_bn,0.1617487221956253
RD,26,2,spatial_conv,0.1285722404718399
RD,26,2,spatial_bn,0.12858422100543976
RD,27,0,raw_input,0.007217856124043465
RD,27,0,temporal_conv,0.343700647354126
RD,27,0,temporal_bn,0.3436964154243469
RD,27,0,spatial_conv,0.34735018014907837
RD,27,0,spatial_bn,0.3474101424217224
RD,27,1,raw_input,0.007217856124043465
RD,27,1,temporal_conv,0.3224273920059204
RD,27,1,temporal_bn,0.3224157691001892
RD,27,1,spatial_conv,0.48343050479888916
RD,27,1,spatial_bn,0.48363229632377625
RD,27,2,raw_input,0.007217856124043465
RD,27,2,temporal_conv,0.34222277998924255
RD,27,2,temporal_bn,0.34221866726875305
RD,27,2,spatial_conv,0.4668886959552765
RD,27,2,spatial_bn,0.46693897247314453
RD,28,0,raw_input,0.008122675120830536
RD,28,0,temporal_conv,0.38338083028793335
RD,28,0,temporal_bn,0.3833748996257782
RD,28,0,spatial_conv,0.3083263635635376
RD,28,0,spatial_bn,0.3084004521369934
RD,28,1,raw_input,0.008122675120830536
RD,28,1,temporal_conv,0.3827817738056183
RD,28,1,temporal_bn,0.3827706277370453
RD,28,1,spatial_conv,0.32146066427230835
RD,28,1,spatial_bn,0.3215271830558777
RD,28,2,raw_input,0.008122675120830536
RD,28,2,temporal_conv,0.3398301303386688
RD,28,2,temporal_bn,0.3398260772228241
RD,28,2,spatial_conv,0.2682369351387024
RD,28,2,spatial_bn,0.2682696282863617
RD,29,0,raw_input,0.006505443714559078
RD,29,0,temporal_conv,0.13119396567344666
RD,29,0,temporal_bn,0.13117747008800507
RD,29,0,spatial_conv,0.23235000669956207
RD,29,0,spatial_bn,0.2325741946697235
RD,29,1,raw_input,0.006505443714559078
RD,29,1,temporal_conv,0.1349032074213028
RD,29,1,temporal_bn,0.1348806917667389
RD,29,1,spatial_conv,0.23137131333351135
RD,29,1,spatial_bn,0.2320096790790558
RD,29,2,raw_input,0.006505443714559078
RD,29,2,temporal_conv,0.1435980498790741
RD,29,2,temporal_bn,0.14357370138168335
RD,29,2,spatial_conv,0.21257305145263672
RD,29,2,spatial_bn,0.21280977129936218
RD,3,0,raw_input,0.02204263210296631
RD,3,0,temporal_conv,0.13558337092399597
RD,3,0,temporal_bn,0.13558119535446167
RD,3,0,spatial_conv,0.1566375494003296
RD,3,0,spatial_bn,0.15665841102600098
RD,3,1,raw_input,0.02204263210296631
RD,3,1,temporal_conv,0.1069863811135292
RD,3,1,temporal_bn,0.10698004812002182
RD,3,1,spatial_conv,0.2083950936794281
RD,3,1,spatial_bn,0.20853866636753082
RD,3,2,raw_input,0.02204263210296631
RD,3,2,temporal_conv,0.1180090606212616
RD,3,2,temporal_bn,0.1179974377155304
RD,3,2,spatial_conv,0.17593595385551453
RD,3,2,spatial_bn,0.17642627656459808
RD,30,0,raw_input,0.01333665195852518
RD,30,0,temporal_conv,0.15777309238910675
RD,30,0,temporal_bn,0.15776914358139038
RD,30,0,spatial_conv,0.11280008405447006
RD,30,0,spatial_bn,0.11281396448612213
RD,30,1,raw_input,0.01333665195852518
RD,30,1,temporal_conv,0.15915004909038544
RD,30,1,temporal_bn,0.1591443121433258
RD,30,1,spatial_conv,0.13336314260959625
RD,30,1,spatial_bn,0.1333843320608139
RD,30,2,raw_input,0.01333665195852518
RD,30,2,temporal_conv,0.1859378069639206
RD,30,2,temporal_bn,0.1859326958656311
RD,30,2,spatial_conv,0.14649738371372223
RD,30,2,spatial_bn,0.14650696516036987
RD,31,0,raw_input,0.0038346354849636555
RD,31,0,temporal_conv,0.4015817642211914
RD,31,0,temporal_bn,0.4015737771987915
RD,31,0,spatial_conv,0.3864019215106964
RD,31,0,spatial_bn,0.3864809274673462
RD,31,1,raw_input,0.0038346354849636555
RD,31,1,temporal_conv,0.336183100938797
RD,31,1,temporal_bn,0.3361589312553406
RD,31,1,spatial_conv,0.45456549525260925
RD,31,1,spatial_bn,0.45499372482299805
RD,31,2,raw_input,0.0038346354849636555
RD,31,2,temporal_conv,0.45353826880455017
RD,31,2,temporal_bn,0.45353275537490845
RD,31,2,spatial_conv,0.4046022295951843
RD,31,2,spatial_bn,0.4046337604522705
RD,32,0,raw_input,0.00907236710190773
RD,32,0,temporal_conv,0.2166164219379425
RD,32,0,temporal_bn,0.21659767627716064
RD,32,0,spatial_conv,0.27010980248451233
RD,32,0,spatial_bn,0.270144522190094
RD,32,1,raw_input,0.00907236710190773
RD,32,1,temporal_conv,0.21993036568164825
RD,32,1,temporal_bn,0.21990936994552612
RD,32,1,spatial_conv,0.2252315729856491
RD,32,1,spatial_bn,0.22531557083129883
RD,32,2,raw_input,0.00907236710190773
RD,32,2,temporal_conv,0.21266227960586548
RD,32,2,temporal_bn,0.21264630556106567
RD,32,2,spatial_conv,0.2148582637310028
RD,32,2,spatial_bn,0.214872807264328
RD,33,0,raw_input,0.006777434144169092
RD,33,0,temporal_conv,0.2662450075149536
RD,33,0,temporal_bn,0.2662404477596283
RD,33,0,spatial_conv,0.3285759687423706
RD,33,0,spatial_bn,0.3286362588405609
RD,33,1,raw_input,0.006777434144169092
RD,33,1,temporal_conv,0.2854391634464264
RD,33,1,temporal_bn,0.2854262590408325
RD,33,1,spatial_conv,0.3610824644565582
RD,33,1,spatial_bn,0.361165851354599
RD,33,2,raw_input,0.006777434144169092
RD,33,2,temporal_conv,0.2110380232334137
RD,33,2,temporal_bn,0.21102873980998993
RD,33,2,spatial_conv,0.22621679306030273
RD,33,2,spatial_bn,0.22629734873771667
RD,34,0,raw_input,0.012051783502101898
RD,34,0,temporal_conv,0.702706515789032
RD,34,0,temporal_bn,0.7026967406272888
RD,34,0,spatial_conv,0.5413835048675537
RD,34,0,spatial_bn,0.5414764881134033
RD,34,1,raw_input,0.012051783502101898
RD,34,1,temporal_conv,0.78641676902771
RD,34,1,temporal_bn,0.7864081859588623
RD,34,1,spatial_conv,0.6559956669807434
RD,34,1,spatial_bn,0.6560088396072388
RD,34,2,raw_input,0.012051783502101898
RD,34,2,temporal_conv,0.7053426504135132
RD,34,2,temporal_bn,0.7052657604217529
RD,34,2,spatial_conv,0.5609992742538452
RD,34,2,spatial_bn,0.5615025758743286
RD,35,0,raw_input,0.008692157454788685
RD,35,0,temporal_conv,0.19062739610671997
RD,35,0,temporal_bn,0.19061075150966644
RD,35,0,spatial_conv,0.21342971920967102
RD,35,0,spatial_bn,0.21347469091415405
RD,35,1,raw_input,0.008692157454788685
RD,35,1,temporal_conv,0.2003340870141983
RD,35,1,temporal_bn,0.20032621920108795
RD,35,1,spatial_conv,0.20878300070762634
RD,35,1,spatial_bn,0.2088138312101364
RD,35,2,raw_input,0.008692157454788685
RD,35,2,temporal_conv,0.18794922530651093
RD,35,2,temporal_bn,0.18793314695358276
RD,35,2,spatial_conv,0.24410690367221832
RD,35,2,spatial_bn,0.24429532885551453
RD,36,0,raw_input,0.007881497964262962
RD,36,0,temporal_conv,0.2864791452884674
RD,36,0,temporal_bn,0.2864728569984436
RD,36,0,spatial_conv,0.3009602725505829
RD,36,0,spatial_bn,0.3010408282279968
RD,36,1,raw_input,0.007881497964262962
RD,36,1,temporal_conv,0.3117772042751312
RD,36,1,temporal_bn,0.31176453828811646
RD,36,1,spatial_conv,0.2719583809375763
RD,36,1,spatial_bn,0.2720942199230194
RD,36,2,raw_input,0.007881497964262962
RD,36,2,temporal_conv,0.27365967631340027
RD,36,2,temporal_bn,0.2736472189426422
RD,36,2,spatial_conv,0.2767399549484253
RD,36,2,spatial_bn,0.27685055136680603
RD,37,0,raw_input,0.010795406065881252
RD,37,0,temporal_conv,0.14571091532707214
RD,37,0,temporal_bn,0.14567576348781586
RD,37,0,spatial_conv,0.13367246091365814
RD,37,0,spatial_bn,0.13372287154197693
RD,37,1,raw_input,0.010795406065881252
RD,37,1,temporal_conv,0.18840117752552032
RD,37,1,temporal_bn,0.18839667737483978
RD,37,1,spatial_conv,0.1989196091890335
RD,37,1,spatial_bn,0.19893553853034973
RD,37,2,raw_input,0.010795406065881252
RD,37,2,temporal_conv,0.13298653066158295
RD,37,2,temporal_bn,0.1329451948404312
RD,37,2,spatial_conv,0.13078315556049347
RD,37,2,spatial_bn,0.13087697327136993
RD,38,0,raw_input,0.022329628467559814
RD,38,0,temporal_conv,0.09559568017721176
RD,38,0,temporal_bn,0.09559369832277298
RD,38,0,spatial_conv,0.13644476234912872
RD,38,0,spatial_bn,0.13649383187294006
RD,38,1,raw_input,0.022329628467559814
RD,38,1,temporal_conv,0.12222260236740112
RD,38,1,temporal_bn,0.12221962213516235
RD,38,1,spatial_conv,0.1218617707490921
RD,38,1,spatial_bn,0.12189050018787384
RD,38,2,raw_input,0.022329628467559814
RD,38,2,temporal_conv,0.15168437361717224
RD,38,2,temporal_bn,0.1516796350479126
RD,38,2,spatial_conv,0.19159336388111115
RD,38,2,spatial_bn,0.19165825843811035
RD,39,0,raw_input,0.019584259018301964
RD,39,0,temporal_conv,0.5194861888885498
RD,39,0,temporal_bn,0.5194800496101379
RD,39,0,spatial_conv,0.34850841760635376
RD,39,0,spatial_bn,0.34852907061576843
RD,39,1,raw_input,0.019584259018301964
RD,39,1,temporal_conv,0.5990102887153625
RD,39,1,temporal_bn,0.5990073084831238
RD,39,1,spatial_conv,0.5221474170684814
RD,39,1,spatial_bn,0.5221544504165649
RD,39,2,raw_input,0.019584259018301964
RD,39,2,temporal_conv,0.5008895993232727
RD,39,2,temporal_bn,0.5008866786956787
RD,39,2,spatial_conv,0.34217697381973267
RD,39,2,spatial_bn,0.3421876132488251
RD,4,0,raw_input,0.032999079674482346
RD,4,0,temporal_conv,0.24026550352573395
RD,4,0,temporal_bn,0.24026097357273102
RD,4,0,spatial_conv,0.24965687096118927
RD,4,0,spatial_bn,0.2496798038482666
RD,4,1,raw_input,0.032999079674482346
RD,4,1,temporal_conv,0.23750756680965424
RD,4,1,temporal_bn,0.23749706149101257
RD,4,1,spatial_conv,0.29113638401031494
RD,4,1,spatial_bn,0.2911946475505829
RD,4,2,raw_input,0.032999079674482346
RD,4,2,temporal_conv,0.2804969549179077
RD,4,2,temporal_bn,0.28048813343048096
RD,4,2,spatial_conv,0.2903294563293457
RD,4,2,spatial_bn,0.2903709411621094
RD,40,0,raw_input,0.01701599359512329
RD,40,0,temporal_conv,0.14777949452400208
RD,40,0,temporal_bn,0.14777609705924988
RD,40,0,spatial_conv,0.17490127682685852
RD,40,0,spatial_bn,0.17504066228866577
RD,40,1,raw_input,0.01701599359512329
RD,40,1,temporal_conv,0.15003709495067596
RD,40,1,temporal_bn,0.15003520250320435
RD,40,1,spatial_conv,0.18017001450061798
RD,40,1,spatial_bn,0.18017658591270447
RD,40,2,raw_input,0.01701599359512329
RD,40,2,temporal_conv,0.1518421173095703
RD,40,2,temporal_bn,0.1518370509147644
RD,40,2,spatial_conv,0.18528413772583008
RD,40,2,spatial_bn,0.18530753254890442
RD,41,0,raw_input,0.007789768278598785
RD,41,0,temporal_conv,0.41713353991508484
RD,41,0,temporal_bn,0.41713082790374756
RD,41,0,spatial_conv,0.5743008255958557
RD,41,0,spatial_bn,0.5743505358695984
RD,41,1,raw_input,0.007789768278598785
RD,41,1,temporal_conv,0.41700124740600586
RD,41,1,temporal_bn,0.4169992208480835
RD,41,1,spatial_conv,0.5143989324569702
RD,41,1,spatial_bn,0.5144358277320862
RD,41,2,raw_input,0.007789768278598785
RD,41,2,temporal_conv,0.3631630539894104
RD,41,2,temporal_bn,0.363159716129303
RD,41,2,spatial_conv,0.3726169466972351
RD,41,2,spatial_bn,0.37265652418136597
RD,42,0,raw_input,0.008997521363198757
RD,42,0,temporal_conv,0.13948290050029755
RD,42,0,temporal_bn,0.13947917520999908
RD,42,0,spatial_conv,0.15138499438762665
RD,42,0,spatial_bn,0.15140411257743835
RD,42,1,raw_input,0.008997521363198757
RD,42,1,temporal_conv,0.12510785460472107
RD,42,1,temporal_bn,0.12510567903518677
RD,42,1,spatial_conv,0.13889557123184204
RD,42,1,spatial_bn,0.13890910148620605
RD,42,2,raw_input,0.008997521363198757
RD,42,2,temporal_conv,0.13720643520355225
RD,42,2,temporal_bn,0.1372046321630478
RD,42,2,spatial_conv,0.1748281568288803
RD,42,2,spatial_bn,0.1748618483543396
RD,43,0,raw_input,0.012417646124958992
RD,43,0,temporal_conv,0.18685446679592133
RD,43,0,temporal_bn,0.18684865534305573
RD,43,0,spatial_conv,0.2173360139131546
RD,43,0,spatial_bn,0.2174418717622757
RD,43,1,raw_input,0.012417646124958992
RD,43,1,temporal_conv,0.21427293121814728
RD,43,1,temporal_bn,0.21426744759082794
RD,43,1,spatial_conv,0.31441637873649597
RD,43,1,spatial_bn,0.31465375423431396
RD,43,2,raw_input,0.012417646124958992
RD,43,2,temporal_conv,0.19268663227558136
RD,43,2,temporal_bn,0.1926707774400711
RD,43,2,spatial_conv,0.23333671689033508
RD,43,2,spatial_bn,0.23386551439762115
RD,44,0,raw_input,0.009834567084908485
RD,44,0,temporal_conv,0.12498322874307632
RD,44,0,temporal_bn,0.12497623264789581
RD,44,0,spatial_conv,0.19985519349575043
RD,44,0,spatial_bn,0.19989927113056183
RD,44,1,raw_input,0.009834567084908485
RD,44,1,temporal_conv,0.1243186891078949
RD,44,1,temporal_bn,0.12431682646274567
RD,44,1,spatial_conv,0.1531439572572708
RD,44,1,spatial_bn,0.15315674245357513
RD,44,2,raw_input,0.009834567084908485
RD,44,2,temporal_conv,0.12098009884357452
RD,44,2,temporal_bn,0.1209760382771492
RD,44,2,spatial_conv,0.2221274971961975
RD,44,2,spatial_bn,0.2222297191619873
RD,45,0,raw_input,0.013118762522935867
RD,45,0,temporal_conv,0.19417689740657806
RD,45,0,temporal_bn,0.1941736340522766
RD,45,0,spatial_conv,0.17242734134197235
RD,45,0,spatial_bn,0.1724432110786438
RD,45,1,raw_input,0.013118762522935867
RD,45,1,temporal_conv,0.17868801951408386
RD,45,1,temporal_bn,0.1786866933107376
RD,45,1,spatial_conv,0.19946379959583282
RD,45,1,spatial_bn,0.19947677850723267
RD,45,2,raw_input,0.013118762522935867
RD,45,2,temporal_conv,0.192957803606987
RD,45,2,temporal_bn,0.1929556429386139
RD,45,2,spatial_conv,0.22110140323638916
RD,45,2,spatial_bn,0.22114990651607513
RD,46,0,raw_input,0.012848375365138054
RD,46,0,temporal_conv,0.09215712547302246
RD,46,0,temporal_bn,0.09215489029884338
RD,46,0,spatial_conv,0.1332605630159378
RD,46,0,spatial_bn,0.1332845687866211
RD,46,1,raw_input,0.012848375365138054
RD,46,1,temporal_conv,0.08809057623147964
RD,46,1,temporal_bn,0.08808989822864532
RD,46,1,spatial_conv,0.10811091959476471
RD,46,1,spatial_bn,0.10812000930309296
RD,46,2,raw_input,0.012848375365138054
RD,46,2,temporal_conv,0.11010367423295975
RD,46,2,temporal_bn,0.11010213941335678
RD,46,2,spatial_conv,0.10448461771011353
RD,46,2,spatial_bn,0.10450220853090286
RD,47,0,raw_input,0.006592797581106424
RD,47,0,temporal_conv,0.26480984687805176
RD,47,0,temporal_bn,0.26479455828666687
RD,47,0,spatial_conv,0.27870455384254456
RD,47,0,spatial_bn,0.2788349986076355
RD,47,1,raw_input,0.006592797581106424
RD,47,1,temporal_conv,0.24449166655540466
RD,47,1,temporal_bn,0.2444683015346527
RD,47,1,spatial_conv,0.2488054633140564
RD,47,1,spatial_bn,0.2492450475692749
RD,47,2,raw_input,0.006592797581106424
RD,47,2,temporal_conv,0.29574891924858093
RD,47,2,temporal_bn,0.2957344651222229
RD,47,2,spatial_conv,0.3314363956451416
RD,47,2,spatial_bn,0.3317238688468933
RD,48,0,raw_input,0.008457569405436516
RD,48,0,temporal_conv,0.22090038657188416
RD,48,0,temporal_bn,0.22089514136314392
RD,48,0,spatial_conv,0.1649710088968277
RD,48,0,spatial_bn,0.16498930752277374
RD,48,1,raw_input,0.008457569405436516
RD,48,1,temporal_conv,0.2661172151565552
RD,48,1,temporal_bn,0.2661108076572418
RD,48,1,spatial_conv,0.2112894505262375
RD,48,1,spatial_bn,0.21129843592643738
RD,48,2,raw_input,0.008457569405436516
RD,48,2,temporal_conv,0.2747781276702881
RD,48,2,temporal_bn,0.2747749984264374
RD,48,2,spatial_conv,0.16748850047588348
RD,48,2,spatial_bn,0.16749420762062073
RD,49,0,raw_input,0.016782986000180244
RD,49,0,temporal_conv,0.47414740920066833
RD,49,0,temporal_bn,0.47413331270217896
RD,49,0,spatial_conv,0.36017435789108276
RD,49,0,spatial_bn,0.36022090911865234
RD,49,1,raw_input,0.016782986000180244
RD,49,1,temporal_conv,0.5155484080314636
RD,49,1,temporal_bn,0.515539288520813
RD,49,1,spatial_conv,0.4563807249069214
RD,49,1,spatial_bn,0.45640477538108826
RD,49,2,raw_input,0.016782986000180244
RD,49,2,temporal_conv,0.506135880947113
RD,49,2,temporal_bn,0.5061253309249878
RD,49,2,spatial_conv,0.40498587489128113
RD,49,2,spatial_bn,0.40502581000328064
RD,5,0,raw_input,0.014342105947434902
RD,5,0,temporal_conv,0.13155987858772278
RD,5,0,temporal_bn,0.13155624270439148
RD,5,0,spatial_conv,0.18807540833950043
RD,5,0,spatial_bn,0.18809598684310913
RD,5,1,raw_input,0.014342105947434902
RD,5,1,temporal_conv,0.13122285902500153
RD,5,1,temporal_bn,0.1311980038881302
RD,5,1,spatial_conv,0.24651825428009033
RD,5,1,spatial_bn,0.24670946598052979
RD,5,2,raw_input,0.014342105947434902
RD,5,2,temporal_conv,0.1212109625339508
RD,5,2,temporal_bn,0.12120866775512695
RD,5,2,spatial_conv,0.17278362810611725
RD,5,2,spatial_bn,0.17283403873443604
RD,50,0,raw_input,0.007877400144934654
RD,50,0,temporal_conv,0.42914509773254395
RD,50,0,temporal_bn,0.42913100123405457
RD,50,0,spatial_conv,0.49380242824554443
RD,50,0,spatial_bn,0.4939132332801819
RD,50,1,raw_input,0.007877400144934654
RD,50,1,temporal_conv,0.42987728118896484
RD,50,1,temporal_bn,0.4298728108406067
RD,50,1,spatial_conv,0.6163128614425659
RD,50,1,spatial_bn,0.6163269877433777
RD,50,2,raw_input,0.007877400144934654
RD,50,2,temporal_conv,0.36567890644073486
RD,50,2,temporal_bn,0.3656728267669678
RD,50,2,spatial_conv,0.44038647413253784
RD,50,2,spatial_bn,0.4404294788837433
RD,51,0,raw_input,0.005894757341593504
RD,51,0,temporal_conv,0.15356503427028656
RD,51,0,temporal_bn,0.15356315672397614
RD,51,0,spatial_conv,0.13236404955387115
RD,51,0,spatial_bn,0.13239645957946777
RD,51,1,raw_input,0.005894757341593504
RD,51,1,temporal_conv,0.13246823847293854
RD,51,1,temporal_bn,0.13245917856693268
RD,51,1,spatial_conv,0.10936006903648376
RD,51,1,spatial_bn,0.10950812697410583
RD,51,2,raw_input,0.005894757341593504
RD,51,2,temporal_conv,0.14549489319324493
RD,51,2,temporal_bn,0.14549309015274048
RD,51,2,spatial_conv,0.14116719365119934
RD,51,2,spatial_bn,0.14119568467140198
RD,52,0,raw_input,0.01771378330886364
RD,52,0,temporal_conv,0.1292882114648819
RD,52,0,temporal_bn,0.12928569316864014
RD,52,0,spatial_conv,0.13961970806121826
RD,52,0,spatial_bn,0.1396513730287552
RD,52,1,raw_input,0.01771378330886364
RD,52,1,temporal_conv,0.1291847974061966
RD,52,1,temporal_bn,0.1291833221912384
RD,52,1,spatial_conv,0.1579800844192505
RD,52,1,spatial_bn,0.1579863280057907
RD,52,2,raw_input,0.01771378330886364
RD,52,2,temporal_conv,0.1352086216211319
RD,52,2,temporal_bn,0.1352066993713379
RD,52,2,spatial_conv,0.18775780498981476
RD,52,2,spatial_bn,0.18777066469192505
RD,53,0,raw_input,0.01510793250054121
RD,53,0,temporal_conv,0.34925174713134766
RD,53,0,temporal_bn,0.3492274284362793
RD,53,0,spatial_conv,0.2655346989631653
RD,53,0,spatial_bn,0.2657642066478729
RD,53,1,raw_input,0.01510793250054121
RD,53,1,temporal_conv,0.3580560088157654
RD,53,1,temporal_bn,0.35805246233940125
RD,53,1,spatial_conv,0.23604042828083038
RD,53,1,spatial_bn,0.2360437959432602
RD,53,2,raw_input,0.01510793250054121
RD,53,2,temporal_conv,0.3263412415981293
RD,53,2,temporal_bn,0.3263363540172577
RD,53,2,spatial_conv,0.23729568719863892
RD,53,2,spatial_bn,0.23730553686618805
RD,54,0,raw_input,0.010543636046350002
RD,54,0,temporal_conv,0.16837568581104279
RD,54,0,temporal_bn,0.16837427020072937
RD,54,0,spatial_conv,0.1567191779613495
RD,54,0,spatial_bn,0.15673068165779114
RD,54,1,raw_input,0.010543636046350002
RD,54,1,temporal_conv,0.16297535598278046
RD,54,1,temporal_bn,0.16297149658203125
RD,54,1,spatial_conv,0.1506742686033249
RD,54,1,spatial_bn,0.15069247782230377
RD,54,2,raw_input,0.010543636046350002
RD,54,2,temporal_conv,0.18596430122852325
RD,54,2,temporal_bn,0.1859590709209442
RD,54,2,spatial_conv,0.15933340787887573
RD,54,2,spatial_bn,0.15936534106731415
RD,6,0,raw_input,0.023233385756611824
RD,6,0,temporal_conv,0.22128961980342865
RD,6,0,temporal_bn,0.22128257155418396
RD,6,0,spatial_conv,0.2064293622970581
RD,6,0,spatial_bn,0.20644982159137726
RD,6,1,raw_input,0.023233385756611824
RD,6,1,temporal_conv,0.20891740918159485
RD,6,1,temporal_bn,0.20891383290290833
RD,6,1,spatial_conv,0.2221754789352417
RD,6,1,spatial_bn,0.2221979945898056
RD,6,2,raw_input,0.023233385756611824
RD,6,2,temporal_conv,0.22876648604869843
RD,6,2,temporal_bn,0.22876031696796417
RD,6,2,spatial_conv,0.19932551681995392
RD,6,2,spatial_bn,0.19935020804405212
RD,7,0,raw_input,0.014071213081479073
RD,7,0,temporal_conv,0.28399085998535156
RD,7,0,temporal_bn,0.28398066759109497
RD,7,0,spatial_conv,0.23492828011512756
RD,7,0,spatial_bn,0.2350718080997467
RD,7,1,raw_input,0.014071213081479073
RD,7,1,temporal_conv,0.2678106427192688
RD,7,1,temporal_bn,0.2678031325340271
RD,7,1,spatial_conv,0.18521146476268768
RD,7,1,spatial_bn,0.1852426528930664
RD,7,2,raw_input,0.014071213081479073
RD,7,2,temporal_conv,0.29126399755477905
RD,7,2,temporal_bn,0.29125145077705383
RD,7,2,spatial_conv,0.19648396968841553
RD,7,2,spatial_bn,0.19660645723342896
RD,8,0,raw_input,0.003926169127225876
RD,8,0,temporal_conv,0.23364081978797913
RD,8,0,temporal_bn,0.23362767696380615
RD,8,0,spatial_conv,0.17873285710811615
RD,8,0,spatial_bn,0.17881891131401062
RD,8,1,raw_input,0.003926169127225876
RD,8,1,temporal_conv,0.20031872391700745
RD,8,1,temporal_bn,0.20031383633613586
RD,8,1,spatial_conv,0.19764120876789093
RD,8,1,spatial_bn,0.19766128063201904
RD,8,2,raw_input,0.003926169127225876
RD,8,2,temporal_conv,0.19182023406028748
RD,8,2,temporal_bn,0.19181683659553528
RD,8,2,spatial_conv,0.20139040052890778
RD,8,2,spatial_bn,0.20142772793769836
RD,9,0,raw_input,0.01083642803132534
RD,9,0,temporal_conv,0.411937952041626
RD,9,0,temporal_bn,0.41193413734436035
RD,9,0,spatial_conv,0.2886200547218323
RD,9,0,spatial_bn,0.28868958353996277
RD,9,1,raw_input,0.01083642803132534
RD,9,1,temporal_conv,0.4189963638782501
RD,9,1,temporal_bn,0.4189894199371338
RD,9,1,spatial_conv,0.34421831369400024
RD,9,1,spatial_bn,0.34426283836364746
RD,9,2,raw_input,0.01083642803132534
RD,9,2,temporal_conv,0.42540228366851807
RD,9,2,temporal_bn,0.42539241909980774
RD,9,2,spatial_conv,0.32607021927833557
RD,9,2,spatial_bn,0.32613205909729004
NoDemean,1,0,raw_input,0.7102631330490112
NoDemean,1,0,temporal_conv,0.7077823877334595
NoDemean,1,0,temporal_bn,0.7077823877334595
NoDemean,1,0,spatial_conv,1.1878130435943604
NoDemean,1,0,spatial_bn,1.18781316280365
NoDemean,1,1,raw_input,0.7102631330490112
NoDemean,1,1,temporal_conv,0.7077541947364807
NoDemean,1,1,temporal_bn,0.7077541351318359
NoDemean,1,1,spatial_conv,0.6763380169868469
NoDemean,1,1,spatial_bn,0.6763379573822021
NoDemean,1,2,raw_input,0.7102631330490112
NoDemean,1,2,temporal_conv,0.6887744665145874
NoDemean,1,2,temporal_bn,0.6887744069099426
NoDemean,1,2,spatial_conv,0.5545051693916321
NoDemean,1,2,spatial_bn,0.5545068383216858
NoDemean,10,0,raw_input,0.4730170965194702
NoDemean,10,0,temporal_conv,0.4614970088005066
NoDemean,10,0,temporal_bn,0.461497038602829
NoDemean,10,0,spatial_conv,0.4370988607406616
NoDemean,10,0,spatial_bn,0.43709897994995117
NoDemean,10,1,raw_input,0.4730170965194702
NoDemean,10,1,temporal_conv,0.45800650119781494
NoDemean,10,1,temporal_bn,0.45800650119781494
NoDemean,10,1,spatial_conv,0.45387884974479675
NoDemean,10,1,spatial_bn,0.45387884974479675
NoDemean,10,2,raw_input,0.4730170965194702
NoDemean,10,2,temporal_conv,0.47217902541160583
NoDemean,10,2,temporal_bn,0.47217902541160583
NoDemean,10,2,spatial_conv,0.3861252963542938
NoDemean,10,2,spatial_bn,0.38612523674964905
NoDemean,11,0,raw_input,0.4413895010948181
NoDemean,11,0,temporal_conv,0.4441693425178528
NoDemean,11,0,temporal_bn,0.4441693425178528
NoDemean,11,0,spatial_conv,0.7004057168960571
NoDemean,11,0,spatial_bn,0.7004057765007019
NoDemean,11,1,raw_input,0.4413895010948181
NoDemean,11,1,temporal_conv,0.42608800530433655
NoDemean,11,1,temporal_bn,0.42608779668807983
NoDemean,11,1,spatial_conv,0.5686259269714355
NoDemean,11,1,spatial_bn,0.5686270594596863
NoDemean,11,2,raw_input,0.4413895010948181
NoDemean,11,2,temporal_conv,0.42152729630470276
NoDemean,11,2,temporal_bn,0.42152729630470276
NoDemean,11,2,spatial_conv,0.6474063992500305
NoDemean,11,2,spatial_bn,0.6474068760871887
NoDemean,12,0,raw_input,0.6669914126396179
NoDemean,12,0,temporal_conv,0.6707578897476196
NoDemean,12,0,temporal_bn,0.6707578897476196
NoDemean,12,0,spatial_conv,0.46382054686546326
NoDemean,12,0,spatial_bn,0.46382075548171997
NoDemean,12,1,raw_input,0.6669914126396179
NoDemean,12,1,temporal_conv,0.6220004558563232
NoDemean,12,1,temporal_bn,0.6220004558563232
NoDemean,12,1,spatial_conv,0.5333854556083679
NoDemean,12,1,spatial_bn,0.5333980321884155
NoDemean,12,2,raw_input,0.6669914126396179
NoDemean,12,2,temporal_conv,0.644616425037384
NoDemean,12,2,temporal_bn,0.6446163654327393
NoDemean,12,2,spatial_conv,0.567237138748169
NoDemean,12,2,spatial_bn,0.5672374367713928
NoDemean,13,0,raw_input,0.7369219064712524
NoDemean,13,0,temporal_conv,0.7357057929039001
NoDemean,13,0,temporal_bn,0.7357057929039001
NoDemean,13,0,spatial_conv,1.237562656402588
NoDemean,13,0,spatial_bn,1.2375632524490356
NoDemean,13,1,raw_input,0.7369219064712524
NoDemean,13,1,temporal_conv,0.7326869368553162
NoDemean,13,1,temporal_bn,0.7326868772506714
NoDemean,13,1,spatial_conv,0.8160117864608765
NoDemean,13,1,spatial_bn,0.8160118460655212
NoDemean,13,2,raw_input,0.7369219064712524
NoDemean,13,2,temporal_conv,0.7341451048851013
NoDemean,13,2,temporal_bn,0.7341450452804565
NoDemean,13,2,spatial_conv,1.1688305139541626
NoDemean,13,2,spatial_bn,1.1688307523727417
NoDemean,14,0,raw_input,0.3151317834854126
NoDemean,14,0,temporal_conv,0.31809771060943604
NoDemean,14,0,temporal_bn,0.31809765100479126
NoDemean,14,0,spatial_conv,0.4707477390766144
NoDemean,14,0,spatial_bn,0.47074785828590393
NoDemean,14,1,raw_input,0.3151317834854126
NoDemean,14,1,temporal_conv,0.3037309944629669
NoDemean,14,1,temporal_bn,0.3037309944629669
NoDemean,14,1,spatial_conv,0.3785000741481781
NoDemean,14,1,spatial_bn,0.37849998474121094
NoDemean,14,2,raw_input,0.3151317834854126
NoDemean,14,2,temporal_conv,0.3147321343421936
NoDemean,14,2,temporal_bn,0.3147321343421936
NoDemean,14,2,spatial_conv,0.3427043557167053
NoDemean,14,2,spatial_bn,0.34270432591438293
NoDemean,15,0,raw_input,0.4571361541748047
NoDemean,15,0,temporal_conv,0.4642888903617859
NoDemean,15,0,temporal_bn,0.4642888903617859
NoDemean,15,0,spatial_conv,0.47707271575927734
NoDemean,15,0,spatial_bn,0.477073073387146
NoDemean,15,1,raw_input,0.4571361541748047
NoDemean,15,1,temporal_conv,0.4597007632255554
NoDemean,15,1,temporal_bn,0.45970073342323303
NoDemean,15,1,spatial_conv,0.4585675299167633
NoDemean,15,1,spatial_bn,0.45856761932373047
NoDemean,15,2,raw_input,0.4571361541748047
NoDemean,15,2,temporal_conv,0.4547336995601654
NoDemean,15,2,temporal_bn,0.4547337293624878
NoDemean,15,2,spatial_conv,0.5555028319358826
NoDemean,15,2,spatial_bn,0.5555030703544617
NoDemean,16,0,raw_input,0.4917367100715637
NoDemean,16,0,temporal_conv,0.4916066825389862
NoDemean,16,0,temporal_bn,0.4916067123413086
NoDemean,16,0,spatial_conv,0.571552038192749
NoDemean,16,0,spatial_bn,0.571553111076355
NoDemean,16,1,raw_input,0.4917367100715637
NoDemean,16,1,temporal_conv,0.49217137694358826
NoDemean,16,1,temporal_bn,0.49217137694358826
NoDemean,16,1,spatial_conv,0.4880259335041046
NoDemean,16,1,spatial_bn,0.4880259931087494
NoDemean,16,2,raw_input,0.4917367100715637
NoDemean,16,2,temporal_conv,0.46345144510269165
NoDemean,16,2,temporal_bn,0.4634513556957245
NoDemean,16,2,spatial_conv,0.5130901336669922
NoDemean,16,2,spatial_bn,0.5130903720855713
NoDemean,17,0,raw_input,0.8818596005439758
NoDemean,17,0,temporal_conv,0.8864165544509888
NoDemean,17,0,temporal_bn,0.8864165544509888
NoDemean,17,0,spatial_conv,0.8942669630050659
NoDemean,17,0,spatial_bn,0.8942669630050659
NoDemean,17,1,raw_input,0.8818596005439758
NoDemean,17,1,temporal_conv,0.8770232200622559
NoDemean,17,1,temporal_bn,0.8770232200622559
NoDemean,17,1,spatial_conv,0.8954070806503296
NoDemean,17,1,spatial_bn,0.8954070210456848
NoDemean,17,2,raw_input,0.8818596005439758
NoDemean,17,2,temporal_conv,0.8662042617797852
NoDemean,17,2,temporal_bn,0.8662043213844299
NoDemean,17,2,spatial_conv,0.889898955821991
NoDemean,17,2,spatial_bn,0.8898991942405701
NoDemean,18,0,raw_input,0.47178009152412415
NoDemean,18,0,temporal_conv,0.4634609520435333
NoDemean,18,0,temporal_bn,0.4634608030319214
NoDemean,18,0,spatial_conv,0.5799915194511414
NoDemean,18,0,spatial_bn,0.5799935460090637
NoDemean,18,1,raw_input,0.47178009152412415
NoDemean,18,1,temporal_conv,0.4761632978916168
NoDemean,18,1,temporal_bn,0.47616320848464966
NoDemean,18,1,spatial_conv,0.48152968287467957
NoDemean,18,1,spatial_bn,0.48152995109558105
NoDemean,18,2,raw_input,0.47178009152412415
NoDemean,18,2,temporal_conv,0.47004568576812744
NoDemean,18,2,temporal_bn,0.47004565596580505
NoDemean,18,2,spatial_conv,0.7222891449928284
NoDemean,18,2,spatial_bn,0.7222895622253418
NoDemean,19,0,raw_input,1.442359209060669
NoDemean,19,0,temporal_conv,1.3660346269607544
NoDemean,19,0,temporal_bn,1.3660342693328857
NoDemean,19,0,spatial_conv,1.155213475227356
NoDemean,19,0,spatial_bn,1.1552155017852783
NoDemean,19,1,raw_input,1.442359209060669
NoDemean,19,1,temporal_conv,1.4175586700439453
NoDemean,19,1,temporal_bn,1.4175585508346558
NoDemean,19,1,spatial_conv,1.3430712223052979
NoDemean,19,1,spatial_bn,1.3430715799331665
NoDemean,19,2,raw_input,1.442359209060669
NoDemean,19,2,temporal_conv,1.3432362079620361
NoDemean,19,2,temporal_bn,1.343234658241272
NoDemean,19,2,spatial_conv,1.1402192115783691
NoDemean,19,2,spatial_bn,1.1402276754379272
NoDemean,2,0,raw_input,1.4651873111724854
NoDemean,2,0,temporal_conv,1.3561903238296509
NoDemean,2,0,temporal_bn,1.3561902046203613
NoDemean,2,0,spatial_conv,1.6131855249404907
NoDemean,2,0,spatial_bn,1.6131867170333862
NoDemean,2,1,raw_input,1.4651873111724854
NoDemean,2,1,temporal_conv,1.3645846843719482
NoDemean,2,1,temporal_bn,1.3645843267440796
NoDemean,2,1,spatial_conv,1.2956016063690186
NoDemean,2,1,spatial_bn,1.2956037521362305
NoDemean,2,2,raw_input,1.4651873111724854
NoDemean,2,2,temporal_conv,1.4085023403167725
NoDemean,2,2,temporal_bn,1.4085010290145874
NoDemean,2,2,spatial_conv,1.417525053024292
NoDemean,2,2,spatial_bn,1.4175282716751099
NoDemean,20,0,raw_input,0.4077736735343933
NoDemean,20,0,temporal_conv,0.40646401047706604
NoDemean,20,0,temporal_bn,0.4064640700817108
NoDemean,20,0,spatial_conv,0.4094353914260864
NoDemean,20,0,spatial_bn,0.4094354212284088
NoDemean,20,1,raw_input,0.4077736735343933
NoDemean,20,1,temporal_conv,0.4068809449672699
NoDemean,20,1,temporal_bn,0.4068808853626251
NoDemean,20,1,spatial_conv,0.33395352959632874
NoDemean,20,1,spatial_bn,0.3339536190032959
NoDemean,20,2,raw_input,0.4077736735343933
NoDemean,20,2,temporal_conv,0.40494945645332336
NoDemean,20,2,temporal_bn,0.404949426651001
NoDemean,20,2,spatial_conv,0.4997144043445587
NoDemean,20,2,spatial_bn,0.4997146725654602
NoDemean,21,0,raw_input,0.5171893239021301
NoDemean,21,0,temporal_conv,0.4612295627593994
NoDemean,21,0,temporal_bn,0.46122947335243225
NoDemean,21,0,spatial_conv,0.3592090904712677
NoDemean,21,0,spatial_bn,0.35920944809913635
NoDemean,21,1,raw_input,0.5171893239021301
NoDemean,21,1,temporal_conv,0.5275842547416687
NoDemean,21,1,temporal_bn,0.5275841951370239
NoDemean,21,1,spatial_conv,0.5218368172645569
NoDemean,21,1,spatial_bn,0.5218372941017151
NoDemean,21,2,raw_input,0.5171893239021301
NoDemean,21,2,temporal_conv,0.49712812900543213
NoDemean,21,2,temporal_bn,0.49712803959846497
NoDemean,21,2,spatial_conv,0.5079151391983032
NoDemean,21,2,spatial_bn,0.5079154968261719
NoDemean,22,0,raw_input,0.31089839339256287
NoDemean,22,0,temporal_conv,0.3089134097099304
NoDemean,22,0,temporal_bn,0.3089134097099304
NoDemean,22,0,spatial_conv,0.4063873589038849
NoDemean,22,0,spatial_bn,0.4063875079154968
NoDemean,22,1,raw_input,0.31089839339256287
NoDemean,22,1,temporal_conv,0.3052237033843994
NoDemean,22,1,temporal_bn,0.3052237033843994
NoDemean,22,1,spatial_conv,0.32478123903274536
NoDemean,22,1,spatial_bn,0.32478123903274536
NoDemean,22,2,raw_input,0.31089839339256287
NoDemean,22,2,temporal_conv,0.3004070818424225
NoDemean,22,2,temporal_bn,0.3004070520401001
NoDemean,22,2,spatial_conv,0.3269999027252197
NoDemean,22,2,spatial_bn,0.3269999921321869
NoDemean,23,0,raw_input,1.0986112356185913
NoDemean,23,0,temporal_conv,1.0773369073867798
NoDemean,23,0,temporal_bn,1.0773366689682007
NoDemean,23,0,spatial_conv,1.3486608266830444
NoDemean,23,0,spatial_bn,1.3486613035202026
NoDemean,23,1,raw_input,1.0986112356185913
NoDemean,23,1,temporal_conv,1.0295079946517944
NoDemean,23,1,temporal_bn,1.0295078754425049
NoDemean,23,1,spatial_conv,0.9354108572006226
NoDemean,23,1,spatial_bn,0.9354107975959778
NoDemean,23,2,raw_input,1.0986112356185913
NoDemean,23,2,temporal_conv,1.0950342416763306
NoDemean,23,2,temporal_bn,1.095034122467041
NoDemean,23,2,spatial_conv,1.1210739612579346
NoDemean,23,2,spatial_bn,1.1210746765136719
NoDemean,24,0,raw_input,0.34726178646087646
NoDemean,24,0,temporal_conv,0.34623730182647705
NoDemean,24,0,temporal_bn,0.34623727202415466
NoDemean,24,0,spatial_conv,0.26100391149520874
NoDemean,24,0,spatial_bn,0.26100385189056396
NoDemean,24,1,raw_input,0.34726178646087646
NoDemean,24,1,temporal_conv,0.3359386920928955
NoDemean,24,1,temporal_bn,0.3359386622905731
NoDemean,24,1,spatial_conv,0.3544056713581085
NoDemean,24,1,spatial_bn,0.3544057309627533
NoDemean,24,2,raw_input,0.34726178646087646
NoDemean,24,2,temporal_conv,0.34563714265823364
NoDemean,24,2,temporal_bn,0.34563717246055603
NoDemean,24,2,spatial_conv,0.3376346230506897
NoDemean,24,2,spatial_bn,0.3376346230506897
NoDemean,25,0,raw_input,0.6157529950141907
NoDemean,25,0,temporal_conv,0.6258009076118469
NoDemean,25,0,temporal_bn,0.6258007884025574
NoDemean,25,0,spatial_conv,0.7967360019683838
NoDemean,25,0,spatial_bn,0.796736478805542
NoDemean,25,1,raw_input,0.6157529950141907
NoDemean,25,1,temporal_conv,0.5765515565872192
NoDemean,25,1,temporal_bn,0.5765514969825745
NoDemean,25,1,spatial_conv,0.6658896207809448
NoDemean,25,1,spatial_bn,0.6658903956413269
NoDemean,25,2,raw_input,0.6157529950141907
NoDemean,25,2,temporal_conv,0.6271415948867798
NoDemean,25,2,temporal_bn,0.6271415948867798
NoDemean,25,2,spatial_conv,0.6445631384849548
NoDemean,25,2,spatial_bn,0.6445634365081787
NoDemean,26,0,raw_input,0.3529888689517975
NoDemean,26,0,temporal_conv,0.3466033935546875
NoDemean,26,0,temporal_bn,0.3466034233570099
NoDemean,26,0,spatial_conv,0.31305184960365295
NoDemean,26,0,spatial_bn,0.31305229663848877
NoDemean,26,1,raw_input,0.3529888689517975
NoDemean,26,1,temporal_conv,0.350890189409256
NoDemean,26,1,temporal_bn,0.35089007019996643
NoDemean,26,1,spatial_conv,0.2334991991519928
NoDemean,26,1,spatial_bn,0.2334991693496704
NoDemean,26,2,raw_input,0.3529888689517975
NoDemean,26,2,temporal_conv,0.35301193594932556
NoDemean,26,2,temporal_bn,0.35301193594932556
NoDemean,26,2,spatial_conv,0.4967136085033417
NoDemean,26,2,spatial_bn,0.49671363830566406
NoDemean,27,0,raw_input,0.9292109608650208
NoDemean,27,0,temporal_conv,0.879094123840332
NoDemean,27,0,temporal_bn,0.8790939450263977
NoDemean,27,0,spatial_conv,0.9073873162269592
NoDemean,27,0,spatial_bn,0.9073877334594727
NoDemean,27,1,raw_input,0.9292109608650208
NoDemean,27,1,temporal_conv,0.9214980006217957
NoDemean,27,1,temporal_bn,0.9214979410171509
NoDemean,27,1,spatial_conv,1.0102014541625977
NoDemean,27,1,spatial_bn,1.0102015733718872
NoDemean,27,2,raw_input,0.9292109608650208
NoDemean,27,2,temporal_conv,0.9299622774124146
NoDemean,27,2,temporal_bn,0.929962158203125
NoDemean,27,2,spatial_conv,0.7507339119911194
NoDemean,27,2,spatial_bn,0.7507340312004089
NoDemean,28,0,raw_input,0.5418440699577332
NoDemean,28,0,temporal_conv,0.528464674949646
NoDemean,28,0,temporal_bn,0.5284646153450012
NoDemean,28,0,spatial_conv,0.7166517376899719
NoDemean,28,0,spatial_bn,0.716651976108551
NoDemean,28,1,raw_input,0.5418440699577332
NoDemean,28,1,temporal_conv,0.5416356325149536
NoDemean,28,1,temporal_bn,0.5416355729103088
NoDemean,28,1,spatial_conv,0.5172221660614014
NoDemean,28,1,spatial_bn,0.5172224044799805
NoDemean,28,2,raw_input,0.5418440699577332
NoDemean,28,2,temporal_conv,0.5438368916511536
NoDemean,28,2,temporal_bn,0.5438366532325745
NoDemean,28,2,spatial_conv,0.9679637551307678
NoDemean,28,2,spatial_bn,0.9679681658744812
NoDemean,29,0,raw_input,0.42906713485717773
NoDemean,29,0,temporal_conv,0.42734184861183167
NoDemean,29,0,temporal_bn,0.4273417890071869
NoDemean,29,0,spatial_conv,0.7927665114402771
NoDemean,29,0,spatial_bn,0.7927676439285278
NoDemean,29,1,raw_input,0.42906713485717773
NoDemean,29,1,temporal_conv,0.40598630905151367
NoDemean,29,1,temporal_bn,0.40598610043525696
NoDemean,29,1,spatial_conv,1.0418554544448853
NoDemean,29,1,spatial_bn,1.0418590307235718
NoDemean,29,2,raw_input,0.42906713485717773
NoDemean,29,2,temporal_conv,0.42842158675193787
NoDemean,29,2,temporal_bn,0.4284214675426483
NoDemean,29,2,spatial_conv,1.0411995649337769
NoDemean,29,2,spatial_bn,1.0412007570266724
NoDemean,3,0,raw_input,0.783817708492279
NoDemean,3,0,temporal_conv,0.7472098469734192
NoDemean,3,0,temporal_bn,0.7472096681594849
NoDemean,3,0,spatial_conv,0.9810312390327454
NoDemean,3,0,spatial_bn,0.9810336232185364
NoDemean,3,1,raw_input,0.783817708492279
NoDemean,3,1,temporal_conv,0.7735613584518433
NoDemean,3,1,temporal_bn,0.7735612988471985
NoDemean,3,1,spatial_conv,0.9654485583305359
NoDemean,3,1,spatial_bn,0.9654492735862732
NoDemean,3,2,raw_input,0.783817708492279
NoDemean,3,2,temporal_conv,0.7619109153747559
NoDemean,3,2,temporal_bn,0.7619108557701111
NoDemean,3,2,spatial_conv,1.2481178045272827
NoDemean,3,2,spatial_bn,1.2481276988983154
NoDemean,30,0,raw_input,0.5738968253135681
NoDemean,30,0,temporal_conv,0.5707059502601624
NoDemean,30,0,temporal_bn,0.5707058906555176
NoDemean,30,0,spatial_conv,0.8580118417739868
NoDemean,30,0,spatial_bn,0.8580119609832764
NoDemean,30,1,raw_input,0.5738968253135681
NoDemean,30,1,temporal_conv,0.5702908039093018
NoDemean,30,1,temporal_bn,0.5702908039093018
NoDemean,30,1,spatial_conv,0.6141990423202515
NoDemean,30,1,spatial_bn,0.6141989827156067
NoDemean,30,2,raw_input,0.5738968253135681
NoDemean,30,2,temporal_conv,0.5709971189498901
NoDemean,30,2,temporal_bn,0.5709970593452454
NoDemean,30,2,spatial_conv,0.7410516142845154
NoDemean,30,2,spatial_bn,0.7410516738891602
NoDemean,31,0,raw_input,0.5152654647827148
NoDemean,31,0,temporal_conv,0.5015137195587158
NoDemean,31,0,temporal_bn,0.5015134215354919
NoDemean,31,0,spatial_conv,0.5786756873130798
NoDemean,31,0,spatial_bn,0.5786763429641724
NoDemean,31,1,raw_input,0.5152654647827148
NoDemean,31,1,temporal_conv,0.514971911907196
NoDemean,31,1,temporal_bn,0.5149718523025513
NoDemean,31,1,spatial_conv,0.7740321755409241
NoDemean,31,1,spatial_bn,0.7740323543548584
NoDemean,31,2,raw_input,0.5152654647827148
NoDemean,31,2,temporal_conv,0.5001279711723328
NoDemean,31,2,temporal_bn,0.5001274943351746
NoDemean,31,2,spatial_conv,0.7833234071731567
NoDemean,31,2,spatial_bn,0.7833472490310669
NoDemean,32,0,raw_input,0.41828322410583496
NoDemean,32,0,temporal_conv,0.41825851798057556
NoDemean,32,0,temporal_bn,0.4182584881782532
NoDemean,32,0,spatial_conv,0.4522675573825836
NoDemean,32,0,spatial_bn,0.45226752758026123
NoDemean,32,1,raw_input,0.41828322410583496
NoDemean,32,1,temporal_conv,0.4178602695465088
NoDemean,32,1,temporal_bn,0.417860209941864
NoDemean,32,1,spatial_conv,0.33443793654441833
NoDemean,32,1,spatial_bn,0.3344380259513855
NoDemean,32,2,raw_input,0.41828322410583496
NoDemean,32,2,temporal_conv,0.41066619753837585
NoDemean,32,2,temporal_bn,0.41066592931747437
NoDemean,32,2,spatial_conv,0.3941251039505005
NoDemean,32,2,spatial_bn,0.3941251039505005
NoDemean,33,0,raw_input,0.49756622314453125
NoDemean,33,0,temporal_conv,0.49402931332588196
NoDemean,33,0,temporal_bn,0.49402931332588196
NoDemean,33,0,spatial_conv,0.7350221872329712
NoDemean,33,0,spatial_bn,0.7350223660469055
NoDemean,33,1,raw_input,0.49756622314453125
NoDemean,33,1,temporal_conv,0.5026365518569946
NoDemean,33,1,temporal_bn,0.5026364922523499
NoDemean,33,1,spatial_conv,0.6347684860229492
NoDemean,33,1,spatial_bn,0.6347686052322388
NoDemean,33,2,raw_input,0.49756622314453125
NoDemean,33,2,temporal_conv,0.500401496887207
NoDemean,33,2,temporal_bn,0.5004011988639832
NoDemean,33,2,spatial_conv,0.700158417224884
NoDemean,33,2,spatial_bn,0.7001587748527527
NoDemean,34,0,raw_input,0.3227100372314453
NoDemean,34,0,temporal_conv,0.329461008310318
NoDemean,34,0,temporal_bn,0.329461008310318
NoDemean,34,0,spatial_conv,0.27629485726356506
NoDemean,34,0,spatial_bn,0.27629485726356506
NoDemean,34,1,raw_input,0.3227100372314453
NoDemean,34,1,temporal_conv,0.3260385990142822
NoDemean,34,1,temporal_bn,0.3260385990142822
NoDemean,34,1,spatial_conv,0.3046286404132843
NoDemean,34,1,spatial_bn,0.3046287000179291
NoDemean,34,2,raw_input,0.3227100372314453
NoDemean,34,2,temporal_conv,0.3239954113960266
NoDemean,34,2,temporal_bn,0.3239953815937042
NoDemean,34,2,spatial_conv,0.3315148651599884
NoDemean,34,2,spatial_bn,0.33151572942733765
NoDemean,35,0,raw_input,0.7368229627609253
NoDemean,35,0,temporal_conv,0.7381844520568848
NoDemean,35,0,temporal_bn,0.7381844520568848
NoDemean,35,0,spatial_conv,0.7631303071975708
NoDemean,35,0,spatial_bn,0.7631303071975708
NoDemean,35,1,raw_input,0.7368229627609253
NoDemean,35,1,temporal_conv,0.730917751789093
NoDemean,35,1,temporal_bn,0.7309174537658691
NoDemean,35,1,spatial_conv,0.7773296236991882
NoDemean,35,1,spatial_bn,0.7773295640945435
NoDemean,35,2,raw_input,0.7368229627609253
NoDemean,35,2,temporal_conv,0.7369042038917542
NoDemean,35,2,temporal_bn,0.7369041442871094
NoDemean,35,2,spatial_conv,0.8174924850463867
NoDemean,35,2,spatial_bn,0.8174927234649658
NoDemean,36,0,raw_input,0.452940970659256
NoDemean,36,0,temporal_conv,0.4478219449520111
NoDemean,36,0,temporal_bn,0.44782179594039917
NoDemean,36,0,spatial_conv,0.6476619243621826
NoDemean,36,0,spatial_bn,0.6476641297340393
NoDemean,36,1,raw_input,0.452940970659256
NoDemean,36,1,temporal_conv,0.4524422585964203
NoDemean,36,1,temporal_bn,0.4524421989917755
NoDemean,36,1,spatial_conv,0.5204119682312012
NoDemean,36,1,spatial_bn,0.520412266254425
NoDemean,36,2,raw_input,0.452940970659256
NoDemean,36,2,temporal_conv,0.45315542817115784
NoDemean,36,2,temporal_bn,0.45315542817115784
NoDemean,36,2,spatial_conv,0.6043987274169922
NoDemean,36,2,spatial_bn,0.6043990254402161
NoDemean,37,0,raw_input,0.7759630680084229
NoDemean,37,0,temporal_conv,0.6892899870872498
NoDemean,37,0,temporal_bn,0.6892892122268677
NoDemean,37,0,spatial_conv,0.46813368797302246
NoDemean,37,0,spatial_bn,0.46813419461250305
NoDemean,37,1,raw_input,0.7759630680084229
NoDemean,37,1,temporal_conv,0.7336825728416443
NoDemean,37,1,temporal_bn,0.7336819767951965
NoDemean,37,1,spatial_conv,0.7353460192680359
NoDemean,37,1,spatial_bn,0.735346794128418
NoDemean,37,2,raw_input,0.7759630680084229
NoDemean,37,2,temporal_conv,0.7769718766212463
NoDemean,37,2,temporal_bn,0.776971697807312
NoDemean,37,2,spatial_conv,0.527384340763092
NoDemean,37,2,spatial_bn,0.5273844003677368
NoDemean,38,0,raw_input,0.6158104538917542
NoDemean,38,0,temporal_conv,0.5788999199867249
NoDemean,38,0,temporal_bn,0.5788999199867249
NoDemean,38,0,spatial_conv,0.5863879919052124
NoDemean,38,0,spatial_bn,0.5863882899284363
NoDemean,38,1,raw_input,0.6158104538917542
NoDemean,38,1,temporal_conv,0.6146965622901917
NoDemean,38,1,temporal_bn,0.6146965622901917
NoDemean,38,1,spatial_conv,0.5993421077728271
NoDemean,38,1,spatial_bn,0.5993421673774719
NoDemean,38,2,raw_input,0.6158104538917542
NoDemean,38,2,temporal_conv,0.6145510077476501
NoDemean,38,2,temporal_bn,0.6145510673522949
NoDemean,38,2,spatial_conv,0.742821991443634
NoDemean,38,2,spatial_bn,0.742822527885437
NoDemean,39,0,raw_input,0.9004797339439392
NoDemean,39,0,temporal_conv,0.9106376767158508
NoDemean,39,0,temporal_bn,0.9106374979019165
NoDemean,39,0,spatial_conv,0.8467161655426025
NoDemean,39,0,spatial_bn,0.846716582775116
NoDemean,39,1,raw_input,0.9004797339439392
NoDemean,39,1,temporal_conv,0.9034295678138733
NoDemean,39,1,temporal_bn,0.9034295678138733
NoDemean,39,1,spatial_conv,0.7884972095489502
NoDemean,39,1,spatial_bn,0.7884971499443054
NoDemean,39,2,raw_input,0.9004797339439392
NoDemean,39,2,temporal_conv,0.9056732058525085
NoDemean,39,2,temporal_bn,0.9056731462478638
NoDemean,39,2,spatial_conv,0.6931588053703308
NoDemean,39,2,spatial_bn,0.6931589841842651
NoDemean,4,0,raw_input,1.8660773038864136
NoDemean,4,0,temporal_conv,1.8651427030563354
NoDemean,4,0,temporal_bn,1.8651427030563354
NoDemean,4,0,spatial_conv,2.164827823638916
NoDemean,4,0,spatial_bn,2.164828062057495
NoDemean,4,1,raw_input,1.8660773038864136
NoDemean,4,1,temporal_conv,1.8589996099472046
NoDemean,4,1,temporal_bn,1.8589997291564941
NoDemean,4,1,spatial_conv,1.915621280670166
NoDemean,4,1,spatial_bn,1.9156216382980347
NoDemean,4,2,raw_input,1.8660773038864136
NoDemean,4,2,temporal_conv,1.8622373342514038
NoDemean,4,2,temporal_bn,1.8622373342514038
NoDemean,4,2,spatial_conv,1.9943419694900513
NoDemean,4,2,spatial_bn,1.99434232711792
NoDemean,40,0,raw_input,0.7987872958183289
NoDemean,40,0,temporal_conv,0.7986661195755005
NoDemean,40,0,temporal_bn,0.7986661195755005
NoDemean,40,0,spatial_conv,0.8891207575798035
NoDemean,40,0,spatial_bn,0.8891207575798035
NoDemean,40,1,raw_input,0.7987872958183289
NoDemean,40,1,temporal_conv,0.7985104322433472
NoDemean,40,1,temporal_bn,0.7985104918479919
NoDemean,40,1,spatial_conv,0.7237122058868408
NoDemean,40,1,spatial_bn,0.7237122654914856
NoDemean,40,2,raw_input,0.7987872958183289
NoDemean,40,2,temporal_conv,0.7974254488945007
NoDemean,40,2,temporal_bn,0.7974254488945007
NoDemean,40,2,spatial_conv,0.668207585811615
NoDemean,40,2,spatial_bn,0.6682078242301941
NoDemean,41,0,raw_input,0.6652674078941345
NoDemean,41,0,temporal_conv,0.665756106376648
NoDemean,41,0,temporal_bn,0.6657561659812927
NoDemean,41,0,spatial_conv,0.7339746952056885
NoDemean,41,0,spatial_bn,0.7339748740196228
NoDemean,41,1,raw_input,0.6652674078941345
NoDemean,41,1,temporal_conv,0.6723574995994568
NoDemean,41,1,temporal_bn,0.6723573803901672
NoDemean,41,1,spatial_conv,0.6285088062286377
NoDemean,41,1,spatial_bn,0.6285098195075989
NoDemean,41,2,raw_input,0.6652674078941345
NoDemean,41,2,temporal_conv,0.6669310331344604
NoDemean,41,2,temporal_bn,0.6669309735298157
NoDemean,41,2,spatial_conv,0.5795227289199829
NoDemean,41,2,spatial_bn,0.579522967338562
NoDemean,42,0,raw_input,0.8017016649246216
NoDemean,42,0,temporal_conv,0.7802554965019226
NoDemean,42,0,temporal_bn,0.7802553176879883
NoDemean,42,0,spatial_conv,1.0771785974502563
NoDemean,42,0,spatial_bn,1.0771797895431519
NoDemean,42,1,raw_input,0.8017016649246216
NoDemean,42,1,temporal_conv,0.7877626419067383
NoDemean,42,1,temporal_bn,0.7877625823020935
NoDemean,42,1,spatial_conv,0.8946508169174194
NoDemean,42,1,spatial_bn,0.8946510553359985
NoDemean,42,2,raw_input,0.8017016649246216
NoDemean,42,2,temporal_conv,0.8010923266410828
NoDemean,42,2,temporal_bn,0.8010923862457275
NoDemean,42,2,spatial_conv,1.1268892288208008
NoDemean,42,2,spatial_bn,1.1268894672393799
NoDemean,43,0,raw_input,1.1593623161315918
NoDemean,43,0,temporal_conv,1.1576522588729858
NoDemean,43,0,temporal_bn,1.1576521396636963
NoDemean,43,0,spatial_conv,1.731904149055481
NoDemean,43,0,spatial_bn,1.7319045066833496
NoDemean,43,1,raw_input,1.1593623161315918
NoDemean,43,1,temporal_conv,1.1558163166046143
NoDemean,43,1,temporal_bn,1.1558163166046143
NoDemean,43,1,spatial_conv,1.6353942155838013
NoDemean,43,1,spatial_bn,1.635394811630249
NoDemean,43,2,raw_input,1.1593623161315918
NoDemean,43,2,temporal_conv,1.1592541933059692
NoDemean,43,2,temporal_bn,1.1592543125152588
NoDemean,43,2,spatial_conv,1.2977721691131592
NoDemean,43,2,spatial_bn,1.2977725267410278
NoDemean,44,0,raw_input,1.0286684036254883
NoDemean,44,0,temporal_conv,1.0201083421707153
NoDemean,44,0,temporal_bn,1.0201081037521362
NoDemean,44,0,spatial_conv,0.7657446265220642
NoDemean,44,0,spatial_bn,0.7657451033592224
NoDemean,44,1,raw_input,1.0286684036254883
NoDemean,44,1,temporal_conv,1.0260846614837646
NoDemean,44,1,temporal_bn,1.0260846614837646
NoDemean,44,1,spatial_conv,0.8657535910606384
NoDemean,44,1,spatial_bn,0.8657537698745728
NoDemean,44,2,raw_input,1.0286684036254883
NoDemean,44,2,temporal_conv,0.9845271706581116
NoDemean,44,2,temporal_bn,0.9845264554023743
NoDemean,44,2,spatial_conv,0.806683361530304
NoDemean,44,2,spatial_bn,0.8066842555999756
NoDemean,45,0,raw_input,0.7707918286323547
NoDemean,45,0,temporal_conv,0.6937691569328308
NoDemean,45,0,temporal_bn,0.6937689781188965
NoDemean,45,0,spatial_conv,0.6650422811508179
NoDemean,45,0,spatial_bn,0.6650432348251343
NoDemean,45,1,raw_input,0.7707918286323547
NoDemean,45,1,temporal_conv,0.7640363574028015
NoDemean,45,1,temporal_bn,0.764036238193512
NoDemean,45,1,spatial_conv,0.701545000076294
NoDemean,45,1,spatial_bn,0.7015453577041626
NoDemean,45,2,raw_input,0.7707918286323547
NoDemean,45,2,temporal_conv,0.7687050700187683
NoDemean,45,2,temporal_bn,0.7687051296234131
NoDemean,45,2,spatial_conv,0.6179169416427612
NoDemean,45,2,spatial_bn,0.6179173588752747
NoDemean,46,0,raw_input,0.6803848743438721
NoDemean,46,0,temporal_conv,0.6780944466590881
NoDemean,46,0,temporal_bn,0.6780944466590881
NoDemean,46,0,spatial_conv,0.9244648814201355
NoDemean,46,0,spatial_bn,0.9244652986526489
NoDemean,46,1,raw_input,0.6803848743438721
NoDemean,46,1,temporal_conv,0.6773163676261902
NoDemean,46,1,temporal_bn,0.6773163676261902
NoDemean,46,1,spatial_conv,0.8928784132003784
NoDemean,46,1,spatial_bn,0.8928786516189575
NoDemean,46,2,raw_input,0.6803848743438721
NoDemean,46,2,temporal_conv,0.6806911826133728
NoDemean,46,2,temporal_bn,0.6806912422180176
NoDemean,46,2,spatial_conv,1.0526973009109497
NoDemean,46,2,spatial_bn,1.0526976585388184
NoDemean,47,0,raw_input,0.6443327069282532
NoDemean,47,0,temporal_conv,0.5877346396446228
NoDemean,47,0,temporal_bn,0.5877342224121094
NoDemean,47,0,spatial_conv,0.5443551540374756
NoDemean,47,0,spatial_bn,0.5443674921989441
NoDemean,47,1,raw_input,0.6443327069282532
NoDemean,47,1,temporal_conv,0.6283321976661682
NoDemean,47,1,temporal_bn,0.6283320784568787
NoDemean,47,1,spatial_conv,0.5897449851036072
NoDemean,47,1,spatial_bn,0.5897451043128967
NoDemean,47,2,raw_input,0.6443327069282532
NoDemean,47,2,temporal_conv,0.6385141611099243
NoDemean,47,2,temporal_bn,0.6385141611099243
NoDemean,47,2,spatial_conv,0.8099648356437683
NoDemean,47,2,spatial_bn,0.8099651336669922
NoDemean,48,0,raw_input,0.5694085359573364
NoDemean,48,0,temporal_conv,0.5731099247932434
NoDemean,48,0,temporal_bn,0.5731098651885986
NoDemean,48,0,spatial_conv,0.5265024304389954
NoDemean,48,0,spatial_bn,0.5265023708343506
NoDemean,48,1,raw_input,0.5694085359573364
NoDemean,48,1,temporal_conv,0.5599913001060486
NoDemean,48,1,temporal_bn,0.5599911212921143
NoDemean,48,1,spatial_conv,0.5423125624656677
NoDemean,48,1,spatial_bn,0.5423128008842468
NoDemean,48,2,raw_input,0.5694085359573364
NoDemean,48,2,temporal_conv,0.5681168437004089
NoDemean,48,2,temporal_bn,0.5681168437004089
NoDemean,48,2,spatial_conv,0.5016247034072876
NoDemean,48,2,spatial_bn,0.5016247630119324
NoDemean,49,0,raw_input,1.8884623050689697
NoDemean,49,0,temporal_conv,1.8891252279281616
NoDemean,49,0,temporal_bn,1.8891254663467407
NoDemean,49,0,spatial_conv,2.027947187423706
NoDemean,49,0,spatial_bn,2.027947425842285
NoDemean,49,1,raw_input,1.8884623050689697
NoDemean,49,1,temporal_conv,1.8905441761016846
NoDemean,49,1,temporal_bn,1.8905441761016846
NoDemean,49,1,spatial_conv,1.5729327201843262
NoDemean,49,1,spatial_bn,1.572933316230774
NoDemean,49,2,raw_input,1.8884623050689697
NoDemean,49,2,temporal_conv,1.880548357963562
NoDemean,49,2,temporal_bn,1.8805447816848755
NoDemean,49,2,spatial_conv,1.245409369468689
NoDemean,49,2,spatial_bn,1.2454105615615845
NoDemean,5,0,raw_input,0.2887493669986725
NoDemean,5,0,temporal_conv,0.2884274423122406
NoDemean,5,0,temporal_bn,0.2884274423122406
NoDemean,5,0,spatial_conv,0.6135443449020386
NoDemean,5,0,spatial_bn,0.6135445237159729
NoDemean,5,1,raw_input,0.2887493669986725
NoDemean,5,1,temporal_conv,0.285504549741745
NoDemean,5,1,temporal_bn,0.285504549741745
NoDemean,5,1,spatial_conv,0.6202337145805359
NoDemean,5,1,spatial_bn,0.6202349662780762
NoDemean,5,2,raw_input,0.2887493669986725
NoDemean,5,2,temporal_conv,0.2868103086948395
NoDemean,5,2,temporal_bn,0.2868102788925171
NoDemean,5,2,spatial_conv,0.6294336318969727
NoDemean,5,2,spatial_bn,0.6294340491294861
NoDemean,50,0,raw_input,0.8617575764656067
NoDemean,50,0,temporal_conv,0.8517160415649414
NoDemean,50,0,temporal_bn,0.8517158627510071
NoDemean,50,0,spatial_conv,0.7202582955360413
NoDemean,50,0,spatial_bn,0.7202585935592651
NoDemean,50,1,raw_input,0.8617575764656067
NoDemean,50,1,temporal_conv,0.8395973443984985
NoDemean,50,1,temporal_bn,0.8395973443984985
NoDemean,50,1,spatial_conv,0.794586718082428
NoDemean,50,1,spatial_bn,0.7945869565010071
NoDemean,50,2,raw_input,0.8617575764656067
NoDemean,50,2,temporal_conv,0.856679379940033
NoDemean,50,2,temporal_bn,0.8566793203353882
NoDemean,50,2,spatial_conv,0.8712220788002014
NoDemean,50,2,spatial_bn,0.8712223172187805
NoDemean,51,0,raw_input,0.07139328122138977
NoDemean,51,0,temporal_conv,0.07165372371673584
NoDemean,51,0,temporal_bn,0.07165370881557465
NoDemean,51,0,spatial_conv,0.22668297588825226
NoDemean,51,0,spatial_bn,0.22668306529521942
NoDemean,51,1,raw_input,0.07139328122138977
NoDemean,51,1,temporal_conv,0.07806973159313202
NoDemean,51,1,temporal_bn,0.07806970924139023
NoDemean,51,1,spatial_conv,0.20562954246997833
NoDemean,51,1,spatial_bn,0.20562978088855743
NoDemean,51,2,raw_input,0.07139328122138977
NoDemean,51,2,temporal_conv,0.07275885343551636
NoDemean,51,2,temporal_bn,0.07275883853435516
NoDemean,51,2,spatial_conv,0.19527709484100342
NoDemean,51,2,spatial_bn,0.19527743756771088
NoDemean,52,0,raw_input,1.2264471054077148
NoDemean,52,0,temporal_conv,1.2240592241287231
NoDemean,52,0,temporal_bn,1.2240591049194336
NoDemean,52,0,spatial_conv,1.091034173965454
NoDemean,52,0,spatial_bn,1.091034173965454
NoDemean,52,1,raw_input,1.2264471054077148
NoDemean,52,1,temporal_conv,1.2177324295043945
NoDemean,52,1,temporal_bn,1.2177324295043945
NoDemean,52,1,spatial_conv,1.1417336463928223
NoDemean,52,1,spatial_bn,1.1417341232299805
NoDemean,52,2,raw_input,1.2264471054077148
NoDemean,52,2,temporal_conv,1.2242745161056519
NoDemean,52,2,temporal_bn,1.2242743968963623
NoDemean,52,2,spatial_conv,1.1923213005065918
NoDemean,52,2,spatial_bn,1.1923214197158813
NoDemean,53,0,raw_input,1.2657625675201416
NoDemean,53,0,temporal_conv,1.2622714042663574
NoDemean,53,0,temporal_bn,1.2622714042663574
NoDemean,53,0,spatial_conv,0.8017926812171936
NoDemean,53,0,spatial_bn,0.8017926812171936
NoDemean,53,1,raw_input,1.2657625675201416
NoDemean,53,1,temporal_conv,1.253797173500061
NoDemean,53,1,temporal_bn,1.2537970542907715
NoDemean,53,1,spatial_conv,1.1314488649368286
NoDemean,53,1,spatial_bn,1.1314489841461182
NoDemean,53,2,raw_input,1.2657625675201416
NoDemean,53,2,temporal_conv,1.2485477924346924
NoDemean,53,2,temporal_bn,1.2485454082489014
NoDemean,53,2,spatial_conv,0.9371711611747742
NoDemean,53,2,spatial_bn,0.9371731877326965
NoDemean,54,0,raw_input,0.295551598072052
NoDemean,54,0,temporal_conv,0.2958381772041321
NoDemean,54,0,temporal_bn,0.2958381772041321
NoDemean,54,0,spatial_conv,0.2389926016330719
NoDemean,54,0,spatial_bn,0.23899267613887787
NoDemean,54,1,raw_input,0.295551598072052
NoDemean,54,1,temporal_conv,0.2905545234680176
NoDemean,54,1,temporal_bn,0.2905545234680176
NoDemean,54,1,spatial_conv,0.22656837105751038
NoDemean,54,1,spatial_bn,0.22656840085983276
NoDemean,54,2,raw_input,0.295551598072052
NoDemean,54,2,temporal_conv,0.28305086493492126
NoDemean,54,2,temporal_bn,0.2830508053302765
NoDemean,54,2,spatial_conv,0.41336965560913086
NoDemean,54,2,spatial_bn,0.4133698344230652
NoDemean,6,0,raw_input,1.4042727947235107
NoDemean,6,0,temporal_conv,1.4041720628738403
NoDemean,6,0,temporal_bn,1.4041721820831299
NoDemean,6,0,spatial_conv,1.8911805152893066
NoDemean,6,0,spatial_bn,1.8911808729171753
NoDemean,6,1,raw_input,1.4042727947235107
NoDemean,6,1,temporal_conv,1.3928000926971436
NoDemean,6,1,temporal_bn,1.3928000926971436
NoDemean,6,1,spatial_conv,1.1392035484313965
NoDemean,6,1,spatial_bn,1.1392039060592651
NoDemean,6,2,raw_input,1.4042727947235107
NoDemean,6,2,temporal_conv,1.3918566703796387
NoDemean,6,2,temporal_bn,1.3918567895889282
NoDemean,6,2,spatial_conv,1.3493726253509521
NoDemean,6,2,spatial_bn,1.3493722677230835
NoDemean,7,0,raw_input,1.3582428693771362
NoDemean,7,0,temporal_conv,1.3604459762573242
NoDemean,7,0,temporal_bn,1.3604459762573242
NoDemean,7,0,spatial_conv,3.0178654193878174
NoDemean,7,0,spatial_bn,3.017867088317871
NoDemean,7,1,raw_input,1.3582428693771362
NoDemean,7,1,temporal_conv,1.357913851737976
NoDemean,7,1,temporal_bn,1.3579137325286865
NoDemean,7,1,spatial_conv,2.3739659786224365
NoDemean,7,1,spatial_bn,2.373967170715332
NoDemean,7,2,raw_input,1.3582428693771362
NoDemean,7,2,temporal_conv,1.3515642881393433
NoDemean,7,2,temporal_bn,1.3515641689300537
NoDemean,7,2,spatial_conv,1.9280527830123901
NoDemean,7,2,spatial_bn,1.928053855895996
NoDemean,8,0,raw_input,0.19930946826934814
NoDemean,8,0,temporal_conv,0.19885633885860443
NoDemean,8,0,temporal_bn,0.19885633885860443
NoDemean,8,0,spatial_conv,0.3872390687465668
NoDemean,8,0,spatial_bn,0.3872391879558563
NoDemean,8,1,raw_input,0.19930946826934814
NoDemean,8,1,temporal_conv,0.19996558129787445
NoDemean,8,1,temporal_bn,0.19996532797813416
NoDemean,8,1,spatial_conv,0.32245418429374695
NoDemean,8,1,spatial_bn,0.32245561480522156
NoDemean,8,2,raw_input,0.19930946826934814
NoDemean,8,2,temporal_conv,0.19898076355457306
NoDemean,8,2,temporal_bn,0.19898076355457306
NoDemean,8,2,spatial_conv,0.3657453954219818
NoDemean,8,2,spatial_bn,0.3657456040382385
NoDemean,9,0,raw_input,0.06350250542163849
NoDemean,9,0,temporal_conv,0.06637914478778839
NoDemean,9,0,temporal_bn,0.06637915223836899
NoDemean,9,0,spatial_conv,0.2197524458169937
NoDemean,9,0,spatial_bn,0.21975256502628326
NoDemean,9,1,raw_input,0.06350250542163849
NoDemean,9,1,temporal_conv,0.06503982841968536
NoDemean,9,1,temporal_bn,0.06503983587026596
NoDemean,9,1,spatial_conv,0.17818942666053772
NoDemean,9,1,spatial_bn,0.17818962037563324
NoDemean,9,2,raw_input,0.06350250542163849
NoDemean,9,2,temporal_conv,0.06461312621831894
NoDemean,9,2,temporal_bn,0.06461311876773834
NoDemean,9,2,spatial_conv,0.1948545277118683
NoDemean,9,2,spatial_bn,0.19485461711883545
