subject,session,median_abs_trial_mean_uv,median_centered_rms_uv,median_abs_mean_over_centered_rms
1,1,0.01919275054312311,5.711209178490903,0.0033207098782196422
1,2,0.015511210294091143,5.516416470724116,0.0028145309167248696
2,1,0.009227538812730928,3.5061139332931655,0.002652245850947506
2,2,0.010665131466696039,3.562805148254724,0.0029855050142508495
3,1,0.01540166511584539,5.502876277659269,0.002714880757237758
3,2,0.01658889281749725,6.2163621350029405,0.0026472903078274415
4,1,0.0074683423715177924,2.953259966787156,0.002506194035939493
4,2,0.006108421007666039,2.508916837969956,0.002396862992526886
5,1,0.011214349098037929,3.693990969489998,0.002997936166804919
5,2,0.012008788232851658,3.776655304394546,0.0031281257517367534
6,1,0.014011127857724206,4.444214313462614,0.0031762270826992973
6,2,0.013182785244891419,4.563357458734305,0.0028842234078657897
7,1,0.013532804067421238,5.029438246181067,0.002657983727303899
7,2,0.013143687735748245,4.651379842697061,0.00282090268136217
8,1,0.029926684931851924,7.906966364937521,0.0037937171262725613
8,2,0.025767630458809435,7.048690861928482,0.0036571544054960848
9,1,0.010037800083053298,3.8274687980890176,0.0026272297639210896
9,2,0.011365923990873852,3.8606956208341607,0.0029525906515813606
10,1,0.024382109820609912,6.336394049058624,0.003789852873252039
10,2,0.026858212312217803,6.6391501056344975,0.0039658496569111665
11,1,0.009393141338368879,3.1988064349080796,0.0029528629825739837
11,2,0.010503113581326034,3.562970625584292,0.0029129291614950876
12,1,0.011596844558865997,4.208981412827784,0.002715939551088747
12,2,0.01302808028878644,4.647719618669233,0.0028523631531197826
13,1,0.02372136353616952,6.930490589437307,0.0035031848683491204
13,2,0.0220247726237867,6.117926130252103,0.0036302808572395763
14,1,0.013801394615555181,4.466816898557166,0.0030876484528301294
14,2,0.016603969771007542,5.185387416451158,0.0031326622761529716
15,1,0.011174306032888125,3.3684237773150927,0.0032648165495479855
15,2,0.012778820090636146,3.47176472125006,0.0036160120043750993
16,1,0.012194765277788974,4.023532931712607,0.0029679022833933757
16,2,0.010436673965043155,3.8559255127240615,0.002613206401029495
17,1,0.01800299734529108,5.3532640501759206,0.0033224352913497675
17,2,0.016975016343523747,5.511849150338992,0.0030241071876637277
18,1,0.010999247124535032,3.5817455739205943,0.0030805016857702455
18,2,0.009294843565949121,2.9882579827702354,0.0031098521876852846
19,1,0.014334150337264873,4.009579457985478,0.0034905182211286447
19,2,0.01261775627825409,3.8234712545778127,0.003270188154974706
20,1,0.012762115888239351,4.1950000101479485,0.00301658720926276
20,2,0.017067886997712778,4.758134530031908,0.0035347560439579285
21,1,0.017373832685116213,5.204504035390896,0.0034436203261772064
21,2,0.015509962159441785,4.6618643653882605,0.003311762761982991
22,1,0.015334736615230212,4.546185855944999,0.00334584560830211
22,2,0.016730529964668676,4.547517057903098,0.0035341058077549507
23,1,0.017036523045382636,4.956342193444636,0.0034408523333109026
23,2,0.014761955761729041,4.270772710696483,0.00339933058140658
24,1,0.008941836851699917,3.453090888539357,0.0025433212974460767
24,2,0.008275783831777517,3.3031015397899592,0.0024580287549580953
25,1,0.012291174570564181,3.7858590451750667,0.0032222878335442014
25,2,0.013161695705726742,4.1485223151934445,0.003163997949572844
26,1,0.01626279490720481,4.9311421891121014,0.0032549216927227707
26,2,0.01541541035339469,4.485648448104342,0.0034176700920048337
27,1,0.006968564878792677,2.576125569680798,0.002667898265352555
27,2,0.00824073804402724,2.8947892838198026,0.0028460896304728775
28,1,0.011374201374230324,4.05566416497072,0.0028547573883243504
28,2,0.013203585765091702,4.085772377339502,0.0032429646038369454
29,1,0.018537410242017358,5.923755005655296,0.0028655020456212228
29,2,0.015885483532736545,5.4351852670545915,0.002879702209168955
30,1,0.010814388154671178,3.9661206678906042,0.0026097257484949555
30,2,0.010114982613886242,3.789465624460397,0.002620270445373187
31,1,0.009602486775198486,3.0734956309163852,0.0031532750227906427
31,2,0.00892087627708679,2.9501415104575432,0.003087280244318453
32,1,0.01178734957659617,4.181925052965029,0.0027319373404589772
32,2,0.01020889459096361,3.3207199486332706,0.0030283706331498865
33,1,0.01672657411638647,4.6411954669994255,0.003583173011972089
33,2,0.01926136654289439,4.901920172996911,0.0039023068844466135
34,1,0.013639088534982875,4.969127422970113,0.0025399743463099854
34,2,0.010913325343979523,3.8055027478572887,0.0027771468139638515
35,1,0.010016742735679145,3.5619308306596023,0.002713565118730438
35,2,0.010503114235587419,3.637815676666193,0.0026282311874734733
36,1,0.014765811059623955,4.795073142668324,0.0030560833192127615
36,2,0.01505968262744136,4.738294990802532,0.003150449481341011
37,1,0.011905945485923438,3.7689531474286833,0.0031914170658767452
37,2,0.01223545388696948,3.54033466936309,0.003425120140502654
38,1,0.009236257969168948,3.2050121709454764,0.002849354670649161
38,2,0.008494448028272018,3.039394269177463,0.002821797871976655
39,1,0.015305801291717217,5.075982689744789,0.003008817998561586
39,2,0.01897103476617485,5.316394304627519,0.003424419704897371
40,1,0.009799785620532929,3.764449681738114,0.0026307813277691872
40,2,0.009341171261505224,3.6104222151700096,0.0025822856742941857
41,1,0.00658651229069801,2.304051773100624,0.0028217442072431256
41,2,0.0069603111992473715,2.514773257969204,0.0026951407911475515
42,1,0.012646087204571815,4.348436781833143,0.0029223103005200013
42,2,0.013936393466603476,4.526088690828649,0.0031113595296608865
43,1,0.015753707267693245,4.807630682483078,0.0033126682082708307
43,2,0.015092454583209474,4.65279053085369,0.0032973787864804356
44,1,0.010293615436909022,3.3331507305285264,0.003091873001862269
44,2,0.014283156587509439,4.330425579785297,0.0033632014939894306
45,1,0.007385388411377789,2.9819046802422897,0.002477427416187685
45,2,0.008106398165924475,2.6617058604589046,0.003055409205593753
46,1,0.02101681772992015,6.638689656021253,0.003124035879864255
46,2,0.03106603613588959,8.066173353925901,0.003737882061067969
47,1,0.02571751551446505,6.059276116148636,0.004277819647515736
47,2,0.019715469539572948,5.835395959887723,0.0033946069318016173
48,1,0.01616349913063459,4.92852465407954,0.003136282604107481
48,2,0.018802069838158783,5.161126505739283,0.003575804621889691
49,1,0.009534729074221104,3.450838090531233,0.002740171984978319
49,2,0.011058402635273523,3.6840047387900956,0.0030419110922549385
50,1,0.00847226519137621,2.81937576341426,0.0029178132215108995
50,2,0.008765833525103517,3.207586952635931,0.002538832900033781
51,1,0.01267401116178371,4.1675004150744535,0.0030579216175629586
51,2,0.011459624321665616,3.9796920722880014,0.002867796058517293
52,1,0.015730509997403715,5.16803764990485,0.003027308534944588
52,2,0.015730951221485157,5.160146963337289,0.003056131284987694
53,1,0.015298036460764705,4.296823672258464,0.003465769034870927
53,2,0.01773856152006192,4.960912732284868,0.0035654049027449104
54,1,0.011706344649661332,4.651361002301851,0.0025015834323176217
54,2,0.011586903314804659,4.668232586255254,0.002429414094437809
