subject,rd_at_rd,rd_at_no,no_at_rd,no_at_no,gain_at_rd,gain_at_no
1,67.66666666666667,51.83333333333334,60.83333333333334,51.0,6.833333333333329,0.8333333333333428
2,67.50000000000001,68.0,66.49999999999999,70.0,1.0000000000000284,-2.0
3,75.66666666666664,84.50000000000001,76.66666666666666,80.66666666666666,-1.0000000000000142,3.833333333333357
4,82.49999999999999,82.0,70.5,67.0,11.999999999999986,15.0
5,75.16666666666666,77.83333333333333,68.5,69.66666666666667,6.666666666666657,8.166666666666657
6,91.66666666666666,92.16666666666667,84.16666666666667,85.83333333333334,7.499999999999986,6.333333333333329
7,78.66666666666666,78.16666666666667,50.16666666666666,50.0,28.5,28.16666666666667
8,66.66666666666666,67.0,66.66666666666666,68.33333333333333,0.0,-1.3333333333333286
9,68.0,66.33333333333333,69.0,67.66666666666667,-1.0,-1.3333333333333428
10,57.99999999999999,53.5,58.50000000000001,55.83333333333334,-0.5000000000000142,-2.333333333333343
11,51.16666666666667,52.0,51.0,51.33333333333333,0.1666666666666714,0.6666666666666714
12,61.16666666666667,62.0,59.83333333333333,60.5,1.3333333333333428,1.5
13,60.66666666666666,60.66666666666666,52.83333333333333,54.0,7.833333333333329,6.666666666666657
14,58.5,56.166666666666664,53.83333333333334,54.0,4.666666666666657,2.1666666666666643
15,74.33333333333333,77.0,62.66666666666667,64.5,11.666666666666657,12.5
16,66.0,61.16666666666667,75.16666666666666,75.16666666666666,-9.166666666666657,-13.999999999999986
17,57.166666666666664,60.0,54.66666666666667,53.666666666666664,2.499999999999993,6.333333333333336
18,82.0,83.16666666666666,84.33333333333334,84.16666666666667,-2.333333333333343,-1.0000000000000142
19,71.0,74.83333333333334,68.66666666666667,69.33333333333334,2.3333333333333286,5.5
20,58.833333333333336,62.83333333333333,54.833333333333336,63.0,4.0,-0.1666666666666714
21,97.83333333333334,96.16666666666666,97.83333333333334,97.66666666666666,0.0,-1.5
22,63.33333333333333,56.333333333333336,64.16666666666666,55.50000000000001,-0.8333333333333286,0.8333333333333286
23,54.50000000000001,53.83333333333334,50.66666666666667,51.16666666666667,3.8333333333333357,2.6666666666666714
24,49.333333333333336,50.5,50.16666666666667,50.66666666666667,-0.8333333333333357,-0.1666666666666714
25,85.5,82.33333333333334,77.16666666666666,78.66666666666667,8.333333333333343,3.6666666666666714
26,78.16666666666667,78.00000000000001,73.5,75.33333333333333,4.666666666666671,2.6666666666666856
27,79.5,79.33333333333333,80.66666666666666,78.66666666666666,-1.1666666666666572,0.6666666666666714
28,79.5,80.66666666666666,69.83333333333333,73.33333333333334,9.666666666666671,7.333333333333314
29,90.49999999999999,91.33333333333334,91.66666666666666,79.5,-1.1666666666666714,11.833333333333343
30,64.0,61.83333333333334,59.33333333333333,57.50000000000001,4.666666666666671,4.333333333333336
31,73.0,71.5,68.5,66.0,4.5,5.5
32,61.66666666666667,65.0,55.666666666666664,59.333333333333336,6.000000000000007,5.666666666666664
33,88.66666666666666,89.66666666666666,85.16666666666667,82.33333333333334,3.499999999999986,7.333333333333314
34,60.33333333333333,58.166666666666664,61.33333333333333,61.50000000000001,-1.0,-3.333333333333343
35,90.0,89.5,86.83333333333333,84.66666666666667,3.1666666666666714,4.833333333333329
36,98.0,98.33333333333334,97.33333333333333,94.5,0.6666666666666714,3.833333333333343
37,90.83333333333333,90.49999999999999,90.83333333333333,91.33333333333334,0.0,-0.833333333333357
38,57.49999999999999,52.66666666666667,52.83333333333333,49.833333333333336,4.666666666666664,2.8333333333333357
39,62.66666666666666,59.333333333333336,60.333333333333336,53.16666666666667,2.3333333333333215,6.166666666666664
40,67.33333333333333,66.33333333333333,61.16666666666667,58.50000000000001,6.166666666666657,7.8333333333333215
41,56.50000000000001,55.666666666666664,56.333333333333336,55.166666666666664,0.1666666666666714,0.5
42,65.83333333333333,66.16666666666667,60.66666666666667,64.16666666666667,5.166666666666657,2.0
43,85.66666666666666,85.33333333333334,56.49999999999999,58.666666666666664,29.166666666666664,26.66666666666668
44,97.00000000000001,95.66666666666667,95.83333333333334,96.16666666666666,1.1666666666666714,-0.4999999999999858
45,82.5,80.83333333333333,85.0,85.16666666666666,-2.5,-4.333333333333329
46,69.83333333333334,69.0,62.66666666666667,63.16666666666667,7.166666666666671,5.833333333333329
47,76.16666666666667,76.00000000000001,73.33333333333334,77.49999999999999,2.8333333333333286,-1.4999999999999716
48,70.0,70.5,61.0,60.0,9.0,10.5
49,65.49999999999999,66.33333333333334,54.666666666666664,53.333333333333336,10.833333333333321,13.000000000000007
50,52.66666666666667,50.16666666666666,52.49999999999999,53.0,0.1666666666666785,-2.833333333333343
51,64.66666666666666,62.5,59.5,60.0,5.166666666666657,2.5
52,64.0,67.16666666666666,63.500000000000014,67.16666666666667,0.4999999999999858,-1.4210854715202004e-14
53,55.50000000000001,55.166666666666664,52.166666666666664,51.16666666666667,3.333333333333343,3.999999999999993
54,56.99999999999999,54.99999999999999,55.666666666666664,56.66666666666668,1.3333333333333286,-1.6666666666666856
