model,subject,accuracy,seed_sd,kappa
core,1,0.767361111111111,0.036582131086294274,0.6898148148148149
core,2,0.6099537037037036,0.041132767694251976,0.4799382716049383
core,3,0.8715277777777778,0.03182344232608222,0.8287037037037037
core,4,0.5983796296296297,0.13386456191320387,0.4645061728395062
core,5,0.670138888888889,0.0216840208277722,0.5601851851851851
core,6,0.59375,0.024305555555555573,0.4583333333333333
core,7,0.8125,0.04209845712841017,0.75
core,8,0.6909722222222222,0.08673608331108884,0.5879629629629629
core,9,0.6990740740740741,0.06717949935616414,0.5987654320987654
eegnet,1,0.6539351851851851,0.10441713714140309,0.5385802469135802
eegnet,2,0.4641203703703704,0.05382877756589575,0.2854938271604938
eegnet,3,0.7581018518518517,0.0265195352717352,0.6774691358024691
eegnet,4,0.5925925925925926,0.020929561712992078,0.45679012345679015
eegnet,5,0.6284722222222223,0.04004362012038469,0.5046296296296297
eegnet,6,0.5532407407407408,0.004009376869372387,0.404320987654321
eegnet,7,0.6712962962962963,0.019123508844743398,0.5617283950617283
eegnet,8,0.6365740740740741,0.09030003286939597,0.5154320987654321
eegnet,9,0.6597222222222222,0.02083333333333337,0.5462962962962963
fbcnet,1,0.7858796296296297,0.01314562117083392,0.714506172839506
fbcnet,2,0.4988425925925926,0.024388087390862845,0.3317901234567901
fbcnet,3,0.8784722222222222,0.021684020827772203,0.8379629629629629
fbcnet,4,0.601851851851852,0.06301230365192685,0.46913580246913583
fbcnet,5,0.5717592592592592,0.03478004444749245,0.4290123456790124
fbcnet,6,0.4976851851851851,0.07335625869208715,0.3302469135802469
fbcnet,7,0.8310185185185185,0.010023442173431032,0.7746913580246915
fbcnet,8,0.7453703703703703,0.011161632825223353,0.6604938271604939
fbcnet,9,0.7407407407407408,0.034952937200327536,0.654320987654321
