frequency_hz,4_8,8_13,13_20,20_30,30_40
0.000000000000000000e+00,1.204020332065141273e-02,1.901714142626586201e-04,1.008637965182843855e-06,7.286534143301203689e-10,3.308081389996687229e-14
2.500000000000000000e-01,1.537988592509479009e-02,2.441615167901177615e-04,1.295115951321881886e-06,9.356095034084288203e-10,4.247660585227346216e-14
5.000000000000000000e-01,1.961772141138960410e-02,3.134710007966495381e-04,1.662960426976195327e-06,1.201346381567932635e-09,5.454104152894452993e-14
7.500000000000000000e-01,2.497774846439074908e-02,4.024411218456477933e-04,2.135281193012050718e-06,1.542559286690137733e-09,7.003208357578335503e-14
1.000000000000000000e+00,3.172921429571307073e-02,5.166397906640916513e-04,2.741751593921899442e-06,1.980685328403007258e-09,8.992297529490089238e-14
1.250000000000000000e+00,4.018922309405355275e-02,6.632058525531360970e-04,3.520472583654707523e-06,2.543250300082616291e-09,1.154633858228282561e-13
1.500000000000000000e+00,5.072123284293596907e-02,8.512884899722115246e-04,4.520366137913080593e-06,3.265598019631851112e-09,1.482579220933207803e-13
1.750000000000000000e+00,6.372656502511145349e-02,1.092607053947853126e-03,5.804248298748947297e-06,4.193110846890611194e-09,1.903669401931122118e-13
2.000000000000000000e+00,7.962538626603662961e-02,1.402162723005746835e-03,7.452774782056391464e-06,5.384060884257636243e-09,2.444359897049939347e-13
2.250000000000000000e+00,9.882343611009372641e-02,1.799140519746185180e-03,9.569506809431511674e-06,6.913270990474979637e-09,3.138620235343736280e-13
2.500000000000000000e+00,1.216617848845448213e-01,2.308048250401020709e-03,1.228741505868363655e-05,8.876815614913083550e-09,4.030068155510802201e-13
2.750000000000000000e+00,1.483499161662728827e-01,2.960147441639970033e-03,1.577722973709080626e-05,1.139805678750580788e-08,5.174709942658079826e-13
3.000000000000000000e+00,1.788879487365924448e-01,3.795239378130232585e-03,2.025816036788762126e-05,1.463539448197783388e-08,6.644459090356977450e-13
3.250000000000000000e+00,2.129912683589078592e-01,4.863875055645110190e-03,2.601165710367126202e-05,1.879221827713320298e-08,8.531654352155714858e-13
3.500000000000000000e+00,2.500377564095911942e-01,6.230057981703749324e-03,3.339907538520061475e-05,2.412968553945206401e-08,1.095486103455501349e-12
3.750000000000000000e+00,2.890598570006207013e-01,7.974497757108407747e-03,4.288434921167471876e-05,3.098312892865904540e-08,1.406632000463842517e-12
4.000000000000000000e+00,3.287966756733275431e-01,1.019844138661280680e-02,5.506309001904856890e-05,3.978312404255750890e-08,1.806151240519855310e-12
4.250000000000000000e+00,3.678045845469238850e-01,1.302804472428818923e-02,7.069992701178398099e-05,5.108254079306747283e-08,2.319144099206223363e-12
4.500000000000000000e+00,4.046041811336127947e-01,1.661912877111983849e-02,9.077641458459449178e-05,6.559127803522624486e-08,2.977839968336638647e-12
4.750000000000000000e+00,4.378271874512641992e-01,2.116196861429772008e-02,1.165524832002371515e-04,8.422086367180540469e-08,3.823622206163715207e-12
5.000000000000000000e+00,4.663272412115990750e-01,2.688545611540925709e-02,1.496452392950589280e-04,1.081417222522130471e-07,4.909628096510781799e-12
5.250000000000000000e+00,4.892335538936997685e-01,3.405953404373707888e-02,1.921299740583746790e-04,1.388567079112529006e-07,6.304087262379232121e-12
5.500000000000000000e+00,5.059478743440902759e-01,4.299421482633294933e-02,2.466695774623226759e-04,1.782955223438576410e-07,8.094608273871376468e-12
5.750000000000000000e+00,5.161027903623561786e-01,5.403282607959943723e-02,3.166802418086196876e-04,2.289359495751429478e-07,1.039368276171413982e-11
6.000000000000000000e+00,5.195071839558688120e-01,6.753653805814073541e-02,4.065434599519947181e-04,2.939595239766023430e-07,1.334575283891874297e-11
6.250000000000000000e+00,5.161027903623561786e-01,8.385707724743100833e-02,5.218769705107696244e-04,3.774514111147171841e-07,1.713628584982049687e-11
6.500000000000000000e+00,5.059478743440902759e-01,1.032953794137381476e-01,6.698805766477749710e-04,4.846570584547216657e-07,2.200342657849305743e-11
6.750000000000000000e+00,4.892335538936997685e-01,1.260464587133516001e-01,8.597767652465311029e-04,6.223117391020682911e-07,2.825295898050820117e-11
7.000000000000000000e+00,4.663272412115990750e-01,1.521353919412940237e-01,1.103370856836117034e-03,7.990636905744345587e-07,3.627751742678519190e-11
7.250000000000000000e+00,4.378271874512641992e-01,1.813555557736497015e-01,1.415761042928156445e-03,1.026017429527509901e-06,4.658125442896693061e-11
7.500000000000000000e+00,4.046041811336127947e-01,2.132260362401876830e-01,1.816235014192181529e-03,1.317431371429950386e-06,5.981151462575342836e-11
7.750000000000000000e+00,3.678045845469238850e-01,2.469868300219464630e-01,2.329396617434286495e-03,1.691613575070785104e-06,7.679950498636730188e-11
8.000000000000000000e+00,3.287966756733275431e-01,2.816445188902924057e-01,2.986572360639812990e-03,2.172071873433068741e-06,9.861251638544759353e-11
8.250000000000000000e+00,2.890598570006207013e-01,3.160670358475671793e-01,3.827552181499833516e-03,2.788990625067227820e-06,1.266209774324187334e-10
8.500000000000000000e+00,2.500377564095911942e-01,3.491087591504132837e-01,4.902719150790302814e-03,3.581126824711992820e-06,1.625845532925299490e-10
8.750000000000000000e+00,2.129912683589078592e-01,3.797350491439747677e-01,6.275614388103067584e-03,4.598244632757734063e-06,2.087626987611602565e-10
9.000000000000000000e+00,1.788879487365924448e-01,4.071153734214601472e-01,8.025959496895735540e-03,5.904241167255256859e-06,2.680566112206942606e-10
9.250000000000000000e+00,1.483499161662728827e-01,4.306663617959355927e-01,1.025310867812530974e-02,7.581159761173145795e-06,3.441915018444260196e-10
9.500000000000000000e+00,1.216617848845448213e-01,4.500436316257388492e-01,1.307981105360037088e-02,9.734342527616559433e-06,4.419506364539491608e-10
9.750000000000000000e+00,9.882343611009372641e-02,4.650954769858345328e-01,1.665601023324940130e-02,1.249904546277941860e-05,5.674758499266890599e-10
1.000000000000000000e+01,7.962538626603662961e-02,4.757977508997809912e-01,2.116216895531531847e-02,1.604893088667800266e-05,7.286534143301203689e-10
1.025000000000000000e+01,6.372656502511145349e-02,4.821880029268322265e-01,2.681126065215034410e-02,2.060696944776986575e-05,9.356095034084288203e-10
1.050000000000000000e+01,5.072123284293596907e-02,4.843117277055112302e-01,3.384811366465949323e-02,2.645943444423902200e-05,1.201346381567932635e-09
1.075000000000000000e+01,4.018922309405355275e-02,4.821880029268322265e-01,4.254427034130915664e-02,3.397386408054481522e-05,1.542559286690137733e-09
1.100000000000000000e+01,3.172921429571307073e-02,4.757977508997809912e-01,5.318606583211456934e-02,4.362211423978325898e-05,1.980685328403007258e-09
1.125000000000000000e+01,2.497774846439074908e-02,4.650954769858345328e-01,6.605351558144514912e-02,5.600994033305511325e-05,2.543250300082616291e-09
1.150000000000000000e+01,1.961772141138960410e-02,4.500436316257388492e-01,8.138826753708995609e-02,7.191495066132116499e-05,3.265598019631851112e-09
1.175000000000000000e+01,1.537988592509479009e-02,4.306663617959355927e-01,9.935085243120145293e-02,9.233528925845910695e-05,4.193110846890611194e-09
1.200000000000000000e+01,1.204020332065141273e-02,4.071153734214601472e-01,1.199710856621757360e-01,1.185520631177029038e-04,5.384060884257636243e-09
1.225000000000000000e+01,9.415073603464709992e-03,3.797350491439747677e-01,1.431003595176257026e-01,1.522093639539329288e-04,6.913270990474979637e-09
1.250000000000000000e+01,7.355773158164070728e-03,3.491087591504132837e-01,1.683790923095078718e-01,1.954167935347435716e-04,8.876815614913083550e-09
1.275000000000000000e+01,5.742896665466960121e-03,3.160670358475671793e-01,1.952339362505954579e-01,2.508807388822206362e-04,1.139805678750580788e-08
1.300000000000000000e+01,4.481231560059201723e-03,2.816445188902924057e-01,2.229147046226194473e-01,3.220723240075269332e-04,1.463539448197783388e-08
1.325000000000000000e+01,3.495256473400939080e-03,2.469868300219464630e-01,2.505699793688648258e-01,4.134420622058003285e-04,1.879221827713320298e-08
1.350000000000000000e+01,2.725313231440508292e-03,2.132260362401876830e-01,2.773467589021407220e-01,5.306938272764316535e-04,2.412968553945206401e-08
1.375000000000000000e+01,2.124423861658038606e-03,1.813555557736497015e-01,3.024900110202601855e-01,6.811339317500386681e-04,3.098312892865904540e-08
1.400000000000000000e+01,1.655686252709957307e-03,1.521353919412940237e-01,3.254179910118521479e-01,8.741149067107568775e-04,3.978312404255750890e-08
1.425000000000000000e+01,1.290168346531279757e-03,1.260464587133516001e-01,3.457586702956254587e-01,1.121598036804755767e-03,5.108254079306747283e-08
1.450000000000000000e+01,1.005220393914368167e-03,1.032953794137381476e-01,3.633462126439935824e-01,1.438863734877199969e-03,6.559127803522624486e-08
1.475000000000000000e+01,7.831312451364010399e-04,8.385707724743100833e-02,3.781874250628344813e-01,1.845404180505039442e-03,8.422086367180540469e-08
1.500000000000000000e+01,6.100639404556217884e-04,6.753653805814073541e-02,3.904127431579982321e-01,2.366037709528300351e-03,1.081417222522130471e-07
1.525000000000000000e+01,4.752157971044543511e-04,5.403282607959943723e-02,4.002249692551521632e-01,3.032288094876298828e-03,1.388567079112529006e-07
1.550000000000000000e+01,3.701576065501540973e-04,4.299421482633294933e-02,4.078544520889748060e-01,3.884072081061304936e-03,1.782955223438576410e-07
1.575000000000000000e+01,2.883149332809400154e-04,3.405953404373707888e-02,4.135245189719468639e-01,4.971731915688519868e-03,2.289359495751429478e-07
1.600000000000000000e+01,2.245616746598001333e-04,2.688545611540925709e-02,4.174273742774065044e-01,6.358430679939904712e-03,2.939595239766023430e-07
1.625000000000000000e+01,1.749020198517460068e-04,2.116196861429772008e-02,4.197087501749405813e-01,8.122888567573963506e-03,3.774514111147171841e-07
1.650000000000000000e+01,1.362218444281121875e-04,1.661912877111983849e-02,4.204590195901524718e-01,1.036236578806450960e-02,4.846570584547216657e-07
1.675000000000000000e+01,1.060945405952708095e-04,1.302804472428818923e-02,4.197087501749405813e-01,1.319567633927470202e-02,6.223117391020682911e-07
1.700000000000000000e+01,8.262946016993851547e-05,1.019844138661280680e-02,4.174273742774065044e-01,1.676582764300960440e-02,7.990636905744345587e-07
1.725000000000000000e+01,6.435367697960103826e-05,7.974497757108407747e-03,4.135245189719468639e-01,2.124160729629603547e-02,1.026017429527509901e-06
1.750000000000000000e+01,5.011977897597766791e-05,6.230057981703749324e-03,4.078544520889748060e-01,2.681707729209787533e-02,1.317431371429950386e-06
1.775000000000000000e+01,3.903398119463776363e-05,4.863875055645110190e-03,4.002249692551521632e-01,3.370752188847462444e-02,1.691613575070785104e-06
1.800000000000000000e+01,3.040009427870734229e-05,3.795239378130232585e-03,3.904127431579982321e-01,4.214003347186563025e-02,2.172071873433068741e-06
1.825000000000000000e+01,2.367585933677855421e-05,2.960147441639970033e-03,3.781874250628344813e-01,5.233682939535853201e-02,2.788990625067227820e-06
1.850000000000000000e+01,1.843892463936050896e-05,2.308048250401020709e-03,3.633462126439935824e-01,6.448992112015979050e-02,3.581126824711992820e-06
1.875000000000000000e+01,1.436033801717569636e-05,1.799140519746185180e-03,3.457586702956254587e-01,7.872732260819495509e-02,4.598244632757734063e-06
1.900000000000000000e+01,1.118389651663990993e-05,1.402162723005746835e-03,3.254179910118521479e-01,9.507385102745236072e-02,5.904241167255256859e-06
1.925000000000000000e+01,8.710060132251703097e-06,1.092607053947853126e-03,3.024900110202601855e-01,1.134134404344886299e-01,7.581159761173145795e-06
1.950000000000000000e+01,6.783421526101196383e-06,8.512884899722115246e-04,2.773467589021407220e-01,1.334634740340907288e-01,9.734342527616559433e-06
1.975000000000000000e+01,5.282946050989102216e-06,6.632058525531360970e-04,2.505699793688648258e-01,1.547726987842957258e-01,1.249904546277941860e-05
2.000000000000000000e+01,4.114369832922508441e-06,5.166397906640916513e-04,2.229147046226194473e-01,1.767506139736252091e-01,1.604893088667800266e-05
2.025000000000000000e+01,3.204278882380952450e-06,4.024411218456477933e-04,1.952339362505954579e-01,1.987275209640368967e-01,2.060696944776986575e-05
2.050000000000000000e+01,2.495497592538505245e-06,3.134710007966495381e-04,1.683790923095078718e-01,2.200336578119625464e-01,2.645943444423902200e-05
2.075000000000000000e+01,1.943497110647412273e-06,2.441615167901177615e-04,1.431003595176257026e-01,2.400783299212299604e-01,3.397386408054481522e-05
2.100000000000000000e+01,1.513598061180325964e-06,1.901714142626586201e-04,1.199710856621757360e-01,2.584099476346933266e-01,4.362211423978325898e-05
2.125000000000000000e+01,1.178791955472108829e-06,1.481167075725828308e-04,9.935085243120145293e-02,2.747453937210980190e-01,5.600994033305511325e-05
2.150000000000000000e+01,9.180444620214843223e-07,1.153601177022178928e-04,8.138826753708995609e-02,2.889679066404127195e-01,7.191495066132116499e-05
2.175000000000000000e+01,7.149739667070723360e-07,8.984662015505019011e-05,6.605351558144514912e-02,3.011013692712267709e-01,9.233528925845910695e-05
2.200000000000000000e+01,5.568224190633397665e-07,6.997508700349369041e-05,5.318606583211456934e-02,3.112725641766176943e-01,1.185520631177029038e-04
2.225000000000000000e+01,4.336538172225602870e-07,5.449815009277657850e-05,4.254427034130915664e-02,3.196718974100053456e-01,1.522093639539329288e-04
2.250000000000000000e+01,3.377299816998886381e-07,4.244411031559840777e-05,3.384811366465949323e-02,3.265195068123598610e-01,1.954167935347435716e-04
2.275000000000000000e+01,2.630244040953382927e-07,3.305605731194018372e-05,2.681126065215034410e-02,3.320398017686313485e-01,2.508807388822206362e-04
2.300000000000000000e+01,2.048436299999481844e-07,2.574441750460546881e-05,2.116216895531531847e-02,3.364446135633509805e-01,3.220723240075269332e-04
2.325000000000000000e+01,1.595323904436750511e-07,2.004997521028840536e-05,1.665601023324940130e-02,3.399235677318514504e-01,4.134420622058003285e-04
2.350000000000000000e+01,1.242439572700922182e-07,1.561505933907334013e-05,1.307981105360037088e-02,3.426397588412118389e-01,5.306938272764316535e-04
2.375000000000000000e+01,9.676129525776328295e-08,1.216109501176754836e-05,1.025310867812530974e-02,3.447288963139889528e-01,6.811339317500386681e-04
2.400000000000000000e+01,7.535777497051430330e-08,9.471115548131311189e-06,8.025959496895735540e-03,3.463004479219455312e-01,8.741149067107568775e-04
2.425000000000000000e+01,5.868869564523242549e-08,7.376139639033995555e-06,6.275614388103067584e-03,3.474397172826996782e-01,1.121598036804755767e-03
2.450000000000000000e+01,4.570680302826820955e-08,5.744559966346237276e-06,4.902719150790302814e-03,3.482101475525849477e-01,1.438863734877199969e-03
2.475000000000000000e+01,3.559649453739162464e-08,4.473877892562672459e-06,3.827552181499833516e-03,3.486554119033156707e-01,1.845404180505039442e-03
2.500000000000000000e+01,2.772257815226326527e-08,3.484265727450847807e-06,2.986572360639812990e-03,3.488010355540760443e-01,2.366037709528300351e-03
2.525000000000000000e+01,2.159036577507609282e-08,2.713552589769920355e-06,2.329396617434286495e-03,3.486554119033156707e-01,3.032288094876298828e-03
2.550000000000000000e+01,1.681459389454331443e-08,2.113319133752150439e-06,1.816235014192181529e-03,3.482101475525849477e-01,3.884072081061304936e-03
2.575000000000000000e+01,1.309521896616509137e-08,1.645855962115482684e-06,1.415761042928156445e-03,3.474397172826996782e-01,4.971731915688519868e-03
2.600000000000000000e+01,1.019856683026485125e-08,1.281794740561236971e-06,1.103370856836117034e-03,3.463004479219455312e-01,6.358430679939904712e-03
2.625000000000000000e+01,7.942651860864085360e-09,9.982632501625277592e-07,8.597767652465311029e-04,3.447288963139889528e-01,8.122888567573963506e-03
2.650000000000000000e+01,6.185743505431104184e-09,7.774485057057342396e-07,6.698805766477749710e-04,3.426397588412118389e-01,1.036236578806450960e-02
2.675000000000000000e+01,4.817461895932493415e-09,6.054776898924328815e-07,5.218769705107696244e-04,3.399235677318514504e-01,1.319567633927470202e-02
2.700000000000000000e+01,3.751843103048677439e-09,4.715466111384203232e-07,4.065434599519947181e-04,3.364446135633509805e-01,1.676582764300960440e-02
2.725000000000000000e+01,2.921938350302943148e-09,3.672409380122586441e-07,3.166802418086196876e-04,3.320398017686313485e-01,2.124160729629603547e-02
2.750000000000000000e+01,2.275607877538933601e-09,2.860075713457359078e-07,2.466695774623226759e-04,3.265195068123598610e-01,2.681707729209787533e-02
2.775000000000000000e+01,1.772245198347365593e-09,2.227429455453262275e-07,1.921299740583746790e-04,3.196718974100053456e-01,3.370752188847462444e-02
2.800000000000000000e+01,1.380225949090276741e-09,1.734723955878611512e-07,1.496452392950589280e-04,3.112725641766176943e-01,4.214003347186563025e-02
2.825000000000000000e+01,1.074921050466040764e-09,1.351004467283112893e-07,1.165524832002371515e-04,3.011013692712267709e-01,5.233682939535853201e-02
2.850000000000000000e+01,8.371493561455849403e-10,1.052163392873366370e-07,9.077641458459449178e-05,2.889679066404127195e-01,6.448992112015979050e-02
2.875000000000000000e+01,6.519725742974979094e-10,8.194257081455776678e-08,7.069992701178398099e-05,2.747453937210980190e-01,7.872732260819495509e-02
2.900000000000000000e+01,5.077567515153264436e-10,6.381694037077649891e-08,5.506309001904856890e-05,2.584099476346933266e-01,9.507385102745236072e-02
2.925000000000000000e+01,3.954413557574693658e-10,4.970068437950168502e-08,4.288434921167471876e-05,2.400783299212299604e-01,1.134134404344886299e-01
2.950000000000000000e+01,3.079700375637004904e-10,3.870693266938662836e-08,3.339907538520061475e-05,2.200336578119625464e-01,1.334634740340907288e-01
2.975000000000000000e+01,2.398473064419866282e-10,3.014498993141160609e-08,2.601165710367126202e-05,1.987275209640368967e-01,1.547726987842957258e-01
3.000000000000000000e+01,1.867932700896567586e-10,2.347694204217603404e-08,2.025816036788762126e-05,1.767506139736252091e-01,1.767506139736252091e-01
3.025000000000000000e+01,1.454747450274336860e-10,1.828386101513148144e-08,1.577722973709080626e-05,1.547726987842957258e-01,1.987275209640368967e-01
3.050000000000000000e+01,1.132958453500223661e-10,1.423948537839163385e-08,1.228741505868363655e-05,1.334634740340907288e-01,2.200336578119625464e-01
3.075000000000000000e+01,8.823489308069687369e-11,1.108972242523601612e-08,9.569506809431511674e-06,1.134134404344886299e-01,2.400783299212299604e-01
3.100000000000000000e+01,6.871740382750792052e-11,8.636684546429772053e-09,7.452774782056391464e-06,9.507385102745236072e-02,2.584099476346933266e-01
3.125000000000000000e+01,5.351716791273419658e-11,6.726256710712702869e-09,5.804248298748947297e-06,7.872732260819495509e-02,2.747453937210980190e-01
3.150000000000000000e+01,4.167921227895154859e-11,5.238414007278821234e-09,4.520366137913080593e-06,6.448992112015979050e-02,2.889679066404127195e-01
3.175000000000000000e+01,3.245980316110187018e-11,4.079680939313210310e-09,3.520472583654707523e-06,5.233682939535853201e-02,3.011013692712267709e-01
3.200000000000000000e+01,2.527972012048582146e-11,3.177258715308768749e-09,2.741751593921899442e-06,4.214003347186563025e-02,3.112725641766176943e-01
3.225000000000000000e+01,1.968786582582772366e-11,2.474451578590250018e-09,2.135281193012050718e-06,3.370752188847462444e-02,3.196718974100053456e-01
3.250000000000000000e+01,1.533292532226092217e-11,1.927104828950924779e-09,1.662960426976195327e-06,2.681707729209787533e-02,3.265195068123598610e-01
3.275000000000000000e+01,1.194129424781376844e-11,1.500830750983433074e-09,1.295115951321881886e-06,2.124160729629603547e-02,3.320398017686313485e-01
3.300000000000000000e+01,9.299889311120779600e-12,1.168848164812419783e-09,1.008637965182843855e-06,1.676582764300960440e-02,3.364446135633509805e-01
3.325000000000000000e+01,7.242761078000911038e-12,9.102998664653125787e-10,7.855284302281374613e-07,1.319567633927470202e-02,3.399235677318514504e-01
3.350000000000000000e+01,5.640667999159942847e-12,7.089422490864045816e-10,6.117703950189068160e-07,1.036236578806450960e-02,3.426397588412118389e-01
3.375000000000000000e+01,4.392956654799913796e-12,5.521247788946041633e-10,4.764474073172774443e-07,8.122888567573963506e-03,3.447288963139889528e-01
3.400000000000000000e+01,3.421238082761967388e-12,4.299952102494735649e-10,3.710577016255156869e-07,6.358430679939904712e-03,3.463004479219455312e-01
3.425000000000000000e+01,2.664462897931798251e-12,3.348806065157898528e-10,2.889800817921709014e-07,4.971731915688519868e-03,3.474397172826996782e-01
3.450000000000000000e+01,2.075085791375849058e-12,2.608052786242213318e-10,2.250579462601591208e-07,3.884072081061304936e-03,3.482101475525849477e-01
3.475000000000000000e+01,1.616078439264985346e-12,2.031153552425018318e-10,1.752753243556195271e-07,3.032288094876298828e-03,3.486554119033156707e-01
3.500000000000000000e+01,1.258603154005068686e-12,1.581863977293041883e-10,1.365045717321291388e-07,2.366037709528300351e-03,3.488010355540760443e-01
3.525000000000000000e+01,9.802011219157022389e-13,1.231956904304795816e-10,1.063098745578616264e-07,1.845404180505039442e-03,3.486554119033156707e-01
3.550000000000000000e+01,7.633814013156702704e-13,9.594490018292149771e-11,8.279421792093870250e-08,1.438863734877199969e-03,3.482101475525849477e-01
3.575000000000000000e+01,5.945220331269430237e-13,7.472196339698234572e-11,6.448020439936351892e-08,1.121598036804755767e-03,3.474397172826996782e-01
3.600000000000000000e+01,4.630142249525595748e-13,5.819352360791023113e-11,5.021723528537792452e-08,8.741149067107568775e-04,3.463004479219455312e-01
3.625000000000000000e+01,3.605958409663091605e-13,4.532116175656047134e-11,3.910922313835481618e-08,6.811339317500386681e-04,3.447288963139889528e-01
3.650000000000000000e+01,2.808323233168873875e-13,3.529615626634326610e-11,3.045829419648157566e-08,5.306938272764316535e-04,3.426397588412118389e-01
3.675000000000000000e+01,2.187124333109745164e-13,2.748867414001982580e-11,2.372094372970874893e-08,4.134420622058003285e-04,3.399235677318514504e-01
3.700000000000000000e+01,1.703334143300519266e-13,2.140820094607320616e-11,1.847388976931275580e-08,3.220723240075269332e-04,3.364446135633509805e-01
3.725000000000000000e+01,1.326557964634781090e-13,1.667272366109197114e-11,1.438747995058921566e-08,2.508807388822206362e-04,3.320398017686313485e-01
3.750000000000000000e+01,1.033124381647222161e-13,1.298473024327657934e-11,1.120498073192841780e-08,1.954167935347435716e-04,3.265195068123598610e-01
3.775000000000000000e+01,8.045980774370455884e-14,1.011251808148631891e-11,8.726447816839452066e-09,1.522093639539329288e-04,3.196718974100053456e-01
3.800000000000000000e+01,6.266216127657350096e-14,7.875637000716559381e-12,6.796164422611301736e-09,1.185520631177029038e-04,3.112725641766176943e-01
3.825000000000000000e+01,4.880134027114312676e-14,6.133552263363157259e-12,5.292858192058859434e-09,9.233528925845910695e-05,3.011013692712267709e-01
3.850000000000000000e+01,3.800652201810097690e-14,4.776815305728119466e-12,4.122082115486186892e-09,7.191495066132116499e-05,2.889679066404127195e-01
3.875000000000000000e+01,2.959950910951801526e-14,3.720187500695510559e-12,3.210280785990877055e-09,5.600994033305511325e-05,2.747453937210980190e-01
3.900000000000000000e+01,2.305212087302203955e-14,2.897284938718348157e-12,2.500169193991019454e-09,4.362211423978325898e-05,2.584099476346933266e-01
3.925000000000000000e+01,1.795300978736638260e-14,2.256407779057404514e-12,1.947133728506558435e-09,3.397386408054481522e-05,2.400783299212299604e-01
3.950000000000000000e+01,1.398181808088961740e-14,1.757292145259872909e-12,1.516429273970635850e-09,2.645943444423902200e-05,2.200336578119625464e-01
3.975000000000000000e+01,1.088905087015881382e-14,1.368580498814562634e-12,1.180996306929290766e-09,2.060696944776986575e-05,1.987275209640368967e-01
4.000000000000000000e+01,8.480401344584077881e-15,1.065851564173607957e-12,9.197608491799062556e-10,1.604893088667800266e-05,1.767506139736252091e-01
4.025000000000000000e+01,6.604543207921893506e-15,8.300860328166351276e-13,7.163104699066134860e-10,1.249904546277941860e-05,1.547726987842957258e-01
4.050000000000000000e+01,5.143623422158509533e-15,6.464716523744419556e-13,5.578631550837804378e-10,9.734342527616559433e-06,1.334634740340907288e-01
4.075000000000000000e+01,4.005857949001474411e-15,5.034726291028082401e-13,4.344642621461859846e-10,7.581159761173145795e-06,1.134134404344886299e-01
4.100000000000000000e+01,3.119765307555164121e-15,3.921048778003636226e-13,3.383611076489270237e-10,5.904241167255256859e-06,9.507385102745236072e-02
4.125000000000000000e+01,2.429675664522966405e-15,3.053715858770876910e-13,2.635158956421310041e-10,4.598244632757734063e-06,7.872732260819495509e-02
4.150000000000000000e+01,1.892233310140023776e-15,2.378236302088611919e-13,2.052263859046863235e-10,3.581126824711992820e-06,6.448992112015979050e-02
4.175000000000000000e+01,1.473672783690847890e-15,1.852172294395626165e-13,1.598304700657585375e-10,2.788990625067227820e-06,5.233682939535853201e-02
4.200000000000000000e+01,1.147697517929450104e-15,1.442473233258579168e-13,1.244760952557544427e-10,2.172071873433068741e-06,4.214003347186563025e-02
4.225000000000000000e+01,8.938277256925638525e-16,1.123399283621386567e-13,9.694208046483940764e-11,1.691613575070785104e-06,3.370752188847462444e-02
4.250000000000000000e+01,6.961137327003017467e-16,8.749042417862293668e-14,7.549856818221939573e-11,1.317431371429950386e-06,2.681707729209787533e-02
4.275000000000000000e+01,5.421339201337537133e-16,6.813761086156327450e-14,5.879834402328485671e-11,1.026017429527509901e-06,2.124160729629603547e-02
4.300000000000000000e+01,4.222143215297379385e-16,5.306562469560155475e-14,4.579219636997198570e-11,7.990636905744345587e-07,1.676582764300960440e-02
4.325000000000000000e+01,3.288208442313218863e-16,4.132755006710862913e-14,3.566299839230399084e-11,6.223117391020682911e-07,1.319567633927470202e-02
4.350000000000000000e+01,2.560859309775539480e-16,3.218592835468741374e-14,2.777437107509203549e-11,4.846570584547216657e-07,1.036236578806450960e-02
4.375000000000000000e+01,1.994399235788887544e-16,2.506642620651101222e-14,2.163070194289553982e-11,3.774514111147171841e-07,8.122888567573963506e-03
4.400000000000000000e+01,1.553239686589397424e-16,1.952175235843255400e-14,1.684600761169199869e-11,2.939595239766023430e-07,6.358430679939904712e-03
4.425000000000000000e+01,1.209664284213406267e-16,1.520355602367343297e-14,1.311968391972223220e-11,2.289359495751429478e-07,4.971731915688519868e-03
4.450000000000000000e+01,9.420874917989112827e-17,1.184054133670691462e-14,1.021762011039550096e-11,1.782955223438576410e-07,3.884072081061304936e-03
4.475000000000000000e+01,7.336984763347678115e-17,9.221422865016727936e-15,7.957490543142493157e-12,1.388567079112529006e-07,3.032288094876298828e-03
4.500000000000000000e+01,5.714049479078137960e-17,7.181651348307612532e-15,6.197299866307138532e-12,1.081417222522130471e-07,2.366037709528300351e-03
4.525000000000000000e+01,4.450106208814806761e-17,5.593075693807794263e-15,4.826461988823154100e-12,8.422086367180540469e-08,1.845404180505039442e-03
4.550000000000000000e+01,3.465746200175892790e-17,4.355891730115160627e-15,3.758852376368841783e-12,6.559127803522624486e-08,1.438863734877199969e-03
4.575000000000000000e+01,2.699125854623730861e-17,3.392371890387949561e-15,2.927397174171325183e-12,5.108254079306747283e-08,1.121598036804755767e-03
4.600000000000000000e+01,2.102081329189236435e-17,2.641981884703560315e-15,2.279859211608957137e-12,3.978312404255750890e-08,8.741149067107568775e-04
4.625000000000000000e+01,1.637102585252356907e-17,2.057577560667600997e-15,1.775556139295620441e-12,3.098312892865904540e-08,6.811339317500386681e-04
4.650000000000000000e+01,1.274976775362757041e-17,1.602443015478079993e-15,1.382804511671887299e-12,2.412968553945206401e-08,5.306938272764316535e-04
4.675000000000000000e+01,9.929529110503696377e-18,1.247983875281632918e-15,1.076929236525476529e-12,1.879221827713320298e-08,4.134420622058003285e-04
4.700000000000000000e+01,7.733125046790590699e-18,9.719308193298226742e-16,8.387133327189794396e-13,1.463539448197783388e-08,3.220723240075269332e-04
4.725000000000000000e+01,6.022563842029606556e-18,7.569404831852983003e-16,6.531906002942407350e-13,1.139805678750580788e-08,2.508807388822206362e-04
4.750000000000000000e+01,4.690377436270185721e-18,5.895058410431581539e-16,5.087053510042005977e-13,8.876815614913083550e-09,1.954167935347435716e-04
4.775000000000000000e+01,3.652869620267669296e-18,4.591076106295787615e-16,3.961801257147852311e-13,6.913270990474979637e-09,1.522093639539329288e-04
4.800000000000000000e+01,2.844857720722205959e-18,3.575533666723576052e-16,3.085453921440630201e-13,5.384060884257636243e-09,1.185520631177029038e-04
4.825000000000000000e+01,2.215577420625186061e-18,2.784628419542492858e-16,2.402953930149068066e-13,4.193110846890611194e-09,9.233528925845910695e-05
4.850000000000000000e+01,1.725493430138218118e-18,2.168670793702582508e-16,1.871422402484827022e-13,3.265598019631851112e-09,7.191495066132116499e-05
4.875000000000000000e+01,1.343815634576208830e-18,1.688962512359656248e-16,1.457465232512688703e-13,2.543250300082616291e-09,5.600994033305511325e-05
4.900000000000000000e+01,1.046564668511548401e-18,1.315365327203947914e-16,1.135075064380311055e-13,1.980685328403007258e-09,4.362211423978325898e-05
4.925000000000000000e+01,8.150653833716591044e-19,1.024407546851409423e-16,8.839973489842612894e-14,1.542559286690137733e-09,3.397386408054481522e-05
4.950000000000000000e+01,6.347735588242429922e-19,7.978093996721345185e-17,6.884578276220188134e-14,1.201346381567932635e-09,2.645943444423902200e-05
4.975000000000000000e+01,4.943621446853428284e-19,6.213345852063858513e-17,5.361714952636849149e-14,9.356095034084288203e-10,2.060696944776986575e-05
5.000000000000000000e+01,3.850096254018041576e-19,4.838958615080797917e-17,4.175707803719349722e-14,7.286534143301203689e-10,1.604893088667800266e-05
5.025000000000000000e+01,2.998457977529533584e-19,3.768584758675046455e-17,3.252044507414072481e-14,5.674758499266890599e-10,1.249904546277941860e-05
5.050000000000000000e+01,2.335201420906701606e-19,2.934976761127087418e-17,2.532694808957181561e-14,4.419506364539491608e-10,9.734342527616559433e-06
5.075000000000000000e+01,1.818656695231596271e-19,2.285762199862151106e-17,1.972464700496760197e-14,3.441915018444260196e-10,7.581159761173145795e-06
5.100000000000000000e+01,1.416371258384420799e-19,1.780153391167660388e-17,1.536157053327595944e-14,2.680566112206942606e-10,5.904241167255256859e-06
5.125000000000000000e+01,1.103071045149617894e-19,1.386384855028590793e-17,1.196360316052202714e-14,2.087626987611602565e-10,4.598244632757734063e-06
5.150000000000000000e+01,8.590725937459153538e-20,1.079717610734602646e-17,9.317263509770143702e-15,1.625845532925299490e-10,3.581126824711992820e-06
5.175000000000000000e+01,6.690464087245017542e-20,8.408849207360948452e-18,7.256292117491646983e-15,1.266209774324187334e-10,2.788990625067227820e-06
5.200000000000000000e+01,5.210538670257532073e-20,6.548818347422069336e-18,5.651205983297378348e-15,9.861251638544759353e-11,2.172071873433068741e-06
5.225000000000000000e+01,4.057971596620401966e-20,5.100224857164690801e-18,4.401163645089818958e-15,7.679950498636730188e-11,1.691613575070785104e-06
5.250000000000000000e+01,3.160351457129488743e-20,3.972059112600105702e-18,3.427629693221356994e-15,5.981151462575342836e-11,1.317431371429950386e-06
5.275000000000000000e+01,2.461284189593300713e-20,3.093442747298871669e-18,2.669440689159596618e-15,4.658125442896693061e-11,1.026017429527509901e-06
5.300000000000000000e+01,1.916850054216530977e-20,2.409175633982918992e-18,2.078962499080167385e-15,3.627751742678519190e-11,7.990636905744345587e-07
5.325000000000000000e+01,1.492844323254299196e-20,1.876267870302445659e-18,1.619097622259720714e-15,2.825295898050820117e-11,6.223117391020682911e-07
5.350000000000000000e+01,1.162628327954149635e-20,1.461238886643261735e-18,1.260954496084921279e-15,2.200342657849305743e-11,4.846570584547216657e-07
5.375000000000000000e+01,9.054558522316899663e-21,1.138013989172160248e-18,9.820323489683459265e-16,1.713628584982049687e-11,3.774514111147171841e-07
5.400000000000000000e+01,7.051697267546263863e-21,8.862861859134916706e-19,7.648075623779993500e-16,1.334575283891874297e-11,2.939595239766023430e-07
5.425000000000000000e+01,5.491867353947516086e-21,6.902403756147960554e-19,5.956327284789184803e-16,1.039368276171413982e-11,2.289359495751429478e-07
5.450000000000000000e+01,4.277070595778609372e-21,5.375597450363037768e-19,4.638792353623393897e-16,8.094608273871376468e-12,1.782955223438576410e-07
5.475000000000000000e+01,3.330985929244061529e-21,4.186519503819380564e-19,3.612695117507544966e-16,6.304087262379232121e-12,1.388567079112529006e-07
5.500000000000000000e+01,2.594174450095105992e-21,3.260464667918243363e-19,2.813569786513117279e-16,4.909628096510781799e-12,1.081417222522130471e-07
5.525000000000000000e+01,2.020345093157899573e-21,2.539252436551376227e-19,2.191210352962461470e-16,3.823622206163715207e-12,8.422086367180540469e-08
5.550000000000000000e+01,1.573446340625842741e-21,1.977571786002184550e-19,1.706516338761334835e-16,2.977839968336638647e-12,6.559127803522624486e-08
5.575000000000000000e+01,1.225401242200242792e-21,1.540134455518417711e-19,1.329036260951474306e-16,2.319144099206223363e-12,5.108254079306747283e-08
5.600000000000000000e+01,9.543434470022213384e-22,1.199457919992995663e-19,1.035054480759300397e-16,1.806151240519855310e-12,3.978312404255750890e-08
5.625000000000000000e+01,7.432434238443937447e-22,9.341387673517434562e-20,8.061012401369095190e-17,1.406632000463842517e-12,3.098312892865904540e-08
5.650000000000000000e+01,5.788385605026859414e-22,7.275080035108946230e-20,6.277922770534556954e-17,1.095486103455501349e-12,2.412968553945206401e-08
5.675000000000000000e+01,4.507999241914165440e-22,5.665838028249991679e-20,4.889251169754116819e-17,8.531654352155714858e-13,1.879221827713320298e-08
5.700000000000000000e+01,3.510833339688051830e-22,4.412559093156837949e-20,3.807752639637288451e-17,6.644459090356977450e-13,1.463539448197783388e-08
5.725000000000000000e+01,2.734239754182250402e-22,3.436504477099393237e-20,2.965480737491729247e-17,5.174709942658079826e-13,1.139805678750580788e-08
5.750000000000000000e+01,2.129428061662102211e-22,2.676352377793396487e-20,2.309518720541726156e-17,4.030068155510802201e-13,8.876815614913083550e-09
5.775000000000000000e+01,1.658400241916668904e-22,2.084345327600513159e-20,1.798654988075965209e-17,3.138620235343736280e-13,6.913270990474979637e-09
5.800000000000000000e+01,1.291563407050509283e-22,1.623289773326503924e-20,1.400793913188850096e-17,2.444359897049939347e-13,5.384060884257636243e-09
5.825000000000000000e+01,1.005870592797307992e-22,1.264219346618484490e-20,1.090939396513134009e-17,1.903669401931122118e-13,4.193110846890611194e-09
5.850000000000000000e+01,7.833728053390416720e-23,9.845750171204954504e-21,8.496244562878747036e-18,1.482579220933207803e-13,3.265598019631851112e-09
5.875000000000000000e+01,6.100913542348889324e-23,7.667877943259836993e-21,6.616881918736133391e-18,1.154633858228282561e-13,2.543250300082616291e-09
5.900000000000000000e+01,4.751396244232252821e-23,5.971749346706715388e-21,5.153232819802721055e-18,8.992297529490089238e-14,1.980685328403007258e-09
5.925000000000000000e+01,3.700391115690611166e-23,4.650803067521340348e-21,4.013341755411622874e-18,7.003208357578335503e-14,1.542559286690137733e-09
5.950000000000000000e+01,2.881867498570317258e-23,3.622049070896511017e-21,3.125593701847738640e-18,5.454104152894452993e-14,1.201346381567932635e-09
5.975000000000000000e+01,2.244400664594594069e-23,2.820854652737257770e-21,2.434214822562069824e-18,4.247660585227346216e-14,9.356095034084288203e-10
6.000000000000000000e+01,1.747940995112251293e-23,2.196883812482391724e-21,1.895768409975360981e-18,3.308081389996687229e-14,7.286534143301203689e-10
6.025000000000000000e+01,1.361297815756032098e-23,1.710934833478180387e-21,1.476425922210843212e-18,2.576336376993414661e-14,5.674758499266890599e-10
6.050000000000000000e+01,1.060179804904190626e-23,1.332477388096950477e-21,1.149841664364725718e-18,2.006452787857849538e-14,4.419506364539491608e-10
6.075000000000000000e+01,8.256688622558729260e-24,1.037734433274845390e-21,8.954975886153759563e-19,1.562627002379516702e-14,3.441915018444260196e-10
6.100000000000000000e+01,6.430315564825497934e-24,8.081883892546101393e-22,6.974142232522095340e-19,1.216975133101701442e-14,2.680566112206942606e-10
6.125000000000000000e+01,5.007934797282341315e-24,6.294177504207077485e-22,5.431467431939563836e-19,9.477811866380394306e-15,2.087626987611602565e-10
6.150000000000000000e+01,3.900183541694024227e-24,4.901910369066892278e-22,4.230031089221364778e-19,7.381327303340548324e-15,1.625845532925299490e-10
6.175000000000000000e+01,3.037465996393511271e-24,3.817611633975135249e-22,3.294351524701986191e-19,5.748583483947986324e-15,1.266209774324187334e-10
6.200000000000000000e+01,2.365580896544031653e-24,2.973158930002340654e-22,2.565643547150383855e-19,4.477001318850053531e-15,9.861251638544759353e-11
6.225000000000000000e+01,1.842316254647247793e-24,2.315498502881562915e-22,1.998125203602815642e-19,3.486692132932143401e-15,7.679950498636730188e-11
6.250000000000000000e+01,1.434797341784454431e-24,1.803312047244827062e-22,1.556141473240583213e-19,2.715438563456465908e-15,5.981151462575342836e-11
6.275000000000000000e+01,1.117421293330503133e-24,1.404420834516369487e-22,1.211924197929655567e-19,2.114785679602190249e-15,4.658125442896693061e-11
6.300000000000000000e+01,8.702485782664577570e-25,1.093764045683144628e-22,9.438475143708002812e-20,1.646996743302380931e-15,3.627751742678519190e-11
6.325000000000000000e+01,6.777502742206940540e-25,8.518242952733807028e-23,7.350691832919782361e-20,1.282682353399949224e-15,2.825295898050820117e-11
6.350000000000000000e+01,5.278324442899360006e-25,6.634014281981565511e-23,5.724724555594506591e-20,9.989540212597537299e-16,2.200342657849305743e-11
6.375000000000000000e+01,4.110763209434958778e-25,5.166575517714126513e-23,4.458419966765102175e-20,7.779861740094254333e-16,1.713628584982049687e-11
6.400000000000000000e+01,3.201465606529066903e-25,4.023733058993310453e-23,3.472220961377848390e-20,6.058962415372670817e-16,1.334575283891874297e-11
6.425000000000000000e+01,2.493303921341007681e-25,3.133686457214290114e-23,2.704168403718014453e-20,4.718724673692448883e-16,1.039368276171413982e-11
6.450000000000000000e+01,1.941787046375381414e-25,2.440517466778745432e-23,2.106008470372540809e-20,3.674946470970039805e-16,8.094608273871376468e-12
6.475000000000000000e+01,1.512265272275057151e-25,1.900676914226728173e-23,1.640161045881146041e-20,2.862051189336963312e-16,6.304087262379232121e-12
6.500000000000000000e+01,1.177753378259505898e-25,1.480248669165517278e-23,1.277358706895451051e-20,2.228967707446073101e-16,4.909628096510781799e-12
6.525000000000000000e+01,9.172352532534955798e-26,1.152818822686509870e-23,9.948079611932543151e-21,1.735921795999875958e-16,3.823622206163715207e-12
6.550000000000000000e+01,7.143435334945206987e-26,8.978162018477088131e-24,7.747572191829742203e-21,1.351937254075423105e-16,2.977839968336638647e-12
6.575000000000000000e+01,5.563313032675270503e-26,6.992199610531902892e-24,6.033815289899244565e-21,1.052889792137344396e-16,2.319144099206223363e-12
6.600000000000000000e+01,4.332712546318853181e-26,5.445530532073817422e-24,4.699140072681747399e-21,8.199913946044526769e-17,1.806151240519855310e-12
6.625000000000000000e+01,3.374319923896423282e-26,4.240983442618333401e-24,3.659693968366763231e-21,6.386099402297610620e-17,1.406632000463842517e-12
6.650000000000000000e+01,2.627922999063977810e-26,3.302881226104020370e-24,2.850172528365732202e-21,4.973499215281210720e-17,1.095486103455501349e-12
6.675000000000000000e+01,2.046628489522380900e-26,2.572286485281652640e-24,2.219716596979838444e-21,3.873365083466024534e-17,8.531654352155714858e-13
6.700000000000000000e+01,1.593915870296276588e-26,2.003298729021342812e-24,1.728717023924492027e-21,3.016579760124777404e-17,6.644459090356977450e-13
6.725000000000000000e+01,1.241342927936680025e-26,1.560170618887772067e-24,1.346326171941262768e-21,2.349314679382527400e-17,5.174709942658079826e-13
6.750000000000000000e+01,9.667588443372370298e-27,1.215062099714795247e-24,1.048519876977382353e-21,1.829648111984258978e-17,4.030068155510802201e-13
6.775000000000000000e+01,7.529125450110464771e-27,9.462913147382677791e-25,8.165881012559185061e-22,1.424931382358458236e-17,3.138620235343736280e-13
6.800000000000000000e+01,5.863688796388874064e-27,7.369724169318321868e-25,6.359594527049010550e-22,1.109737676403786702e-17,2.444359897049939347e-13
6.825000000000000000e+01,4.566645426314679166e-27,5.739546954085367803e-25,4.952857197682389521e-22,8.642645713871103610e-18,1.903669401931122118e-13
6.850000000000000000e+01,3.556507034023321926e-27,4.469963662316782478e-25,3.857289063995889274e-22,6.730899249771536294e-18,1.482579220933207803e-13
6.875000000000000000e+01,2.769810463096322333e-27,3.481211200513034335e-25,3.004059743572764730e-22,5.242029606496803603e-18,1.154633858228282561e-13
6.900000000000000000e+01,2.157130557618786197e-27,2.711170008996496461e-25,2.339564080687752625e-22,4.082496762423199636e-18,8.992297529490089238e-14
6.925000000000000000e+01,1.679974967460767201e-27,2.111461326046179526e-25,1.822054338085353496e-22,3.179451675461662789e-18,7.003208357578335503e-14
6.950000000000000000e+01,1.308365820198803332e-27,1.644407734149751485e-25,1.419017345299523474e-22,2.476159454587233369e-18,5.454104152894452993e-14
6.975000000000000000e+01,1.018956325314688715e-27,1.280666031044500819e-25,1.105131819711175042e-22,1.928434922242200067e-18,4.247660585227346216e-14
7.000000000000000000e+01,7.935639840706409467e-28,9.973837078304054404e-26,8.606775265881898832e-23,1.501866627544469113e-18,3.308081389996687229e-14
7.025000000000000000e+01,6.180282522114789425e-28,7.767632126809809588e-26,6.702963316788420539e-23,1.169654905600442509e-18,2.576336376993414661e-14
7.050000000000000000e+01,4.813208867825515433e-28,6.049437982970081349e-26,5.220273080013722870e-23,9.109281564049345913e-19,2.006452787857849538e-14
7.075000000000000000e+01,3.748530835348741371e-28,4.711307038278999822e-26,4.065552762561262095e-23,7.094315615299543993e-19,1.562627002379516702e-14
7.100000000000000000e+01,2.919358749936906960e-28,3.669169610701506321e-26,3.166255675100824248e-23,5.525058556550980436e-19,1.216975133101701442e-14
7.125000000000000000e+01,2.273598880517221173e-28,2.857552166036134731e-26,2.465882399172801544e-23,4.302919930357269557e-19,9.477811866380394306e-15
7.150000000000000000e+01,1.770680588537081132e-28,2.225463864576331176e-26,1.920431143437772481e-23,3.351117411255796273e-19,7.381327303340548324e-15
7.175000000000000000e+01,1.379007428922014525e-28,1.733193000429161483e-26,1.495633278344050560e-23,2.609852864050232542e-19,5.748583483947986324e-15
7.200000000000000000e+01,1.073972065505749767e-28,1.349812065948108542e-26,1.164800368361999071e-23,2.032555454223470159e-19,4.477001318850053531e-15
7.225000000000000000e+01,8.364102856126920780e-29,1.051234693959617920e-26,9.071474390021857065e-24,1.582955779385293674e-19,3.486692132932143401e-15
7.250000000000000000e+01,6.513969854041420175e-29,8.187024028475791008e-27,7.064871358561216853e-24,1.232807200552672666e-19,2.715438563456465908e-15
7.275000000000000000e+01,5.073084823230982140e-29,6.376060724401353372e-27,5.502127346346215883e-24,9.601112131664878071e-20,2.114785679602190249e-15
7.300000000000000000e+01,3.950922432919948746e-29,4.965681085074603196e-27,4.285061085893023260e-24,7.477353646496973783e-20,1.646996743302380931e-15
7.325000000000000000e+01,3.076981484612436085e-29,3.867276317538964677e-27,3.337208929202292065e-24,5.823368875193667988e-20,1.282682353399949224e-15
7.350000000000000000e+01,2.396355589712379575e-29,3.011837824452844778e-27,2.599020927335628995e-24,4.535244240114474273e-20,9.989540212597537299e-16
7.375000000000000000e+01,1.866283609785539205e-29,2.345621656167951651e-27,2.024119533427956761e-24,3.532051765621231070e-20,7.779861740094254333e-16
7.400000000000000000e+01,1.453463136734305917e-29,1.826771982612846519e-27,1.576385877663819492e-24,2.750764680914552916e-20,6.058962415372670817e-16
7.425000000000000000e+01,1.131958229054097993e-29,1.422691450551787565e-27,1.227690555947286388e-24,2.142297687541416957e-20,4.718724673692448883e-16
7.450000000000000000e+01,8.815699551914520660e-30,1.107993215758725031e-27,9.561263663411150456e-25,1.668423116629315510e-20,3.674946470970039805e-16
7.475000000000000000e+01,6.865673714353261537e-30,8.629059840706990403e-28,7.446319628216772716e-25,1.299369229725344497e-20,2.862051189336963312e-16
7.500000000000000000e+01,5.346992065051082330e-30,6.720318561112617016e-28,5.799199557455194638e-25,1.011949773608986591e-20,2.228967707446073101e-16
7.525000000000000000e+01,4.164241607338370452e-30,5.233789357883802420e-28,4.516421156533450009e-25,7.881072761156097148e-21,1.735921795999875958e-16
7.550000000000000000e+01,3.243114624693649310e-30,4.076079250350690367e-28,3.517392333388511757e-25,6.137785637831086779e-21,1.351937254075423105e-16
7.575000000000000000e+01,2.525740209301739226e-30,3.174453712034222911e-28,2.739347903612328866e-25,4.780112261067273122e-21,1.052889792137344396e-16
7.600000000000000000e+01,1.967048452839128296e-30,2.472267036756180774e-28,2.133406292438292794e-25,3.722755172088416160e-21,8.199913946044526769e-17
7.625000000000000000e+01,1.531938875410508538e-30,1.925403504187335334e-28,1.661498491160405172e-25,2.899284643205580743e-21,6.386099402297610620e-17
7.650000000000000000e+01,1.193075195787231322e-30,1.499505756789523520e-28,1.293976325987681294e-25,2.257965150475404946e-21,4.973499215281210720e-17
7.675000000000000000e+01,9.291678967421656494e-31,1.167816257607760443e-28,1.007749775955065353e-25,1.758505027338188127e-21,3.873365083466024534e-17
7.700000000000000000e+01,7.236366855876087705e-31,9.094962159084414898e-29,7.848363146538377668e-26,1.369525092325982810e-21,3.016579760124777404e-17
7.725000000000000000e+01,5.635688173948256766e-31,7.083163651499737182e-29,6.112311364352843638e-26,1.066587214339413620e-21,2.349314679382527400e-17
7.750000000000000000e+01,4.389078363017157894e-31,5.516373398410906305e-29,4.760272876934241480e-26,8.306589577414836941e-22,1.829648111984258978e-17
7.775000000000000000e+01,3.418217666079522701e-31,4.296155922396680587e-29,3.707304244189957054e-26,6.469178467543444559e-22,1.424931382358458236e-17
7.800000000000000000e+01,2.662110595051242406e-31,3.345849596559388247e-29,2.887251448459081038e-26,5.038201256351506021e-22,1.109737676403786702e-17
7.825000000000000000e+01,2.073253816048591030e-31,2.605750285839596256e-29,2.248593688983980443e-26,3.923755083717888520e-22,8.642645713871103610e-18
7.850000000000000000e+01,1.614651695444421101e-31,2.029360363100414528e-29,1.751206525790143154e-26,3.055823531779897440e-22,6.730899249771536294e-18
7.875000000000000000e+01,1.257492004799686493e-31,1.580467439916673268e-29,1.363841013605117645e-26,2.379877759478210261e-22,5.242029606496803603e-18
7.900000000000000000e+01,9.793357580440267545e-32,1.230869279825963572e-29,1.062160449380564179e-26,1.853450662695850406e-22,4.082496762423199636e-18
7.925000000000000000e+01,7.627074552545160627e-32,9.586019589869966839e-30,8.272113897250587157e-27,1.443468827491742655e-22,3.179451675461662789e-18
7.950000000000000000e+01,5.939971634066155242e-32,7.465599563128556259e-30,6.442328780834608559e-27,1.124174653189731737e-22,2.476159454587233369e-18
7.975000000000000000e+01,4.626054560032654035e-32,5.814214785862058077e-30,5.017290699317441771e-27,8.755081002131881128e-23,1.928434922242200067e-18
8.000000000000000000e+01,3.602774913884474060e-32,4.528115028174711845e-30,3.907469925525300288e-27,6.818463940313890658e-23,1.501866627544469113e-18
8.025000000000000000e+01,2.805843924163241466e-32,3.526499529779862353e-30,3.043140637827068148e-27,5.310225056060593796e-23,1.169654905600442509e-18
8.050000000000000000e+01,2.185193445314476587e-32,2.746440595293497678e-30,2.370000311736135150e-27,4.135607431945385163e-23,9.109281564049345913e-19
8.075000000000000000e+01,1.701830366373415267e-32,2.138930086273671599e-30,1.845758098659575656e-27,3.220814306474987956e-23,7.094315615299543993e-19
8.100000000000000000e+01,1.325386821986311626e-32,1.665800426124922561e-30,1.437477852596464834e-27,2.508372704010304184e-23,5.525058556550980436e-19
8.125000000000000000e+01,1.032212294835460208e-32,1.297326676306769718e-30,1.119508877249928331e-27,1.953522626118162333e-23,4.302919930357269557e-19
8.150000000000000000e+01,8.038877435137882092e-33,1.010359031407135257e-30,8.718743902576333661e-28,1.521404950968532005e-23,3.351117411255796273e-19
8.175000000000000000e+01,6.260684041500429315e-33,7.868684048431431792e-31,6.790164578725484505e-28,1.184871367183005110e-23,2.609852864050232542e-19
8.200000000000000000e+01,4.875825634083183082e-33,6.128137298659870365e-31,5.288185491095124363e-28,9.227787486010103948e-24,2.032555454223470159e-19
8.225000000000000000e+01,3.797296821943611275e-33,4.772598126965390948e-31,4.118443001491724359e-28,7.186608120121179481e-24,1.582955779385293674e-19
8.250000000000000000e+01,2.957337738484241816e-33,3.716903158565766655e-31,3.207446634596702081e-28,5.596936031577690779e-24,1.232807200552672666e-19
8.275000000000000000e+01,2.303176946538144745e-33,2.894727090491596978e-31,2.497961950683653723e-28,4.358898164193267430e-24,9.601112131664878071e-20
8.300000000000000000e+01,1.793716009515914513e-33,2.254415724852865408e-31,1.945414723275003491e-28,3.394713303602225736e-24,7.477353646496973783e-20
8.325000000000000000e+01,1.396947432818709712e-33,1.755740731883900277e-31,1.515090509885213115e-28,2.643805379148329674e-24,5.823368875193667988e-20
8.350000000000000000e+01,1.087943754588799846e-33,1.367372256861543050e-31,1.179953675522657944e-28,2.058997699569111149e-24,4.535244240114474273e-20
8.375000000000000000e+01,8.472914480114015687e-34,1.064910584393883741e-31,9.189488464850283196e-29,1.603549020766644990e-24,3.532051765621231070e-20
8.400000000000000000e+01,6.598712432009841327e-34,8.293531970269841900e-32,7.156780812451044600e-29,1.248845233066447719e-24,2.750764680914552916e-20
8.425000000000000000e+01,5.139082409312278371e-34,6.459009192873884553e-32,5.573706501007278015e-29,9.726016454471405376e-25,2.142297687541416957e-20
8.450000000000000000e+01,4.002321404640884893e-34,5.030281417275583387e-32,4.340806987594648018e-29,7.574629230907699408e-25,1.668423116629315510e-20
8.475000000000000000e+01,3.117011044037766240e-34,3.917587106843761266e-32,3.380623881100538201e-29,5.899127176506469174e-25,1.299369229725344497e-20
8.500000000000000000e+01,2.427530641938829318e-34,3.051019906560360157e-32,2.632832525870990768e-29,4.594244864501043359e-25,1.011949773608986591e-20
8.525000000000000000e+01,1.890562764871790485e-34,2.376136692395653221e-32,2.050452032844192490e-29,3.578001498095192907e-25,7.881072761156097148e-21
8.550000000000000000e+01,1.472371761727790713e-34,1.850537116722432975e-32,1.596893648829411419e-29,2.786550368547196544e-25,6.137785637831086779e-21
8.575000000000000000e+01,1.146684281005827408e-34,1.441199755606130460e-32,1.243662024190098396e-29,2.170167609092468339e-25,4.780112261067273122e-21
8.600000000000000000e+01,8.930386159830091014e-35,1.122407498228371730e-32,9.685649583154170532e-30,1.690128233357412682e-25,3.722755172088416160e-21
8.625000000000000000e+01,6.954991734405712644e-35,8.741318385454722715e-33,7.543191479915694577e-30,1.316273191629843326e-25,2.899284643205580743e-21
8.650000000000000000e+01,5.416553009010317390e-35,6.807745603668606163e-33,5.874643431415891490e-30,1.025114592377219408e-25,2.257965150475404946e-21
8.675000000000000000e+01,4.218415724965009388e-35,5.301877607088024239e-33,4.575176904651981498e-30,7.983600472813022346e-26,1.758505027338188127e-21
8.700000000000000000e+01,3.285305469923477360e-35,4.129106432148900585e-33,3.563151356033169954e-30,6.217634299956020338e-26,1.369525092325982810e-21
8.725000000000000000e+01,2.558598472605174149e-35,3.215751322742737717e-33,2.774985066280570572e-30,4.842298461657375203e-26,1.066587214339413620e-21
8.750000000000000000e+01,1.992638494030209591e-35,2.504429648314950482e-33,2.161160542630762832e-30,3.771185833804222416e-26,8.306589577414836941e-22
8.775000000000000000e+01,1.551868419528952054e-35,1.950451771254926290e-33,1.683113522943860453e-30,2.937002480474517393e-26,6.469178467543444559e-22
8.800000000000000000e+01,1.208596340352931688e-35,1.519013366796345432e-33,1.310810129666749278e-30,2.287339831676212767e-26,5.038201256351506021e-22
8.825000000000000000e+01,9.412557762840972048e-36,1.183008799556924777e-33,1.020859955442394106e-30,1.781382052059850052e-26,3.923755083717888520e-22
8.850000000000000000e+01,7.330507356405378544e-36,9.213281794752955975e-34,7.950465327047759867e-31,1.387341737093557423e-26,3.055823531779897440e-22
8.875000000000000000e+01,5.709004869479204495e-36,7.175311076411120623e-34,6.191828622486849257e-31,1.080462831236105629e-26,2.379877759478210261e-22
8.900000000000000000e+01,4.446177462908866562e-36,5.588137885089905730e-34,4.822200979836696292e-31,8.414652990462260623e-27,1.853450662695850406e-22
8.925000000000000000e+01,3.462686489787857635e-36,4.352046160819003568e-34,3.755533899224514378e-31,6.553338338246148102e-27,1.443468827491742655e-22
8.950000000000000000e+01,2.696742949777557871e-36,3.389376958008741456e-34,2.924812741567258421e-31,5.103745029557959563e-27,1.124174653189731737e-22
8.975000000000000000e+01,2.100225521029052486e-36,2.639649429021383505e-34,2.277846453469803484e-31,3.974800625616528727e-27,8.755081002131881128e-23
9.000000000000000000e+01,1.635657280403975561e-36,2.055761042355839949e-34,1.773988601678705390e-31,3.095577839782862612e-27,6.818463940313890658e-23
9.025000000000000000e+01,1.273851170815060512e-36,1.601028309594415886e-34,1.381583712147122281e-31,2.410838445681381724e-27,5.310225056060593796e-23
9.050000000000000000e+01,9.920762893471951314e-37,1.246882101231618787e-34,1.075978476898877331e-31,1.877562869355308514e-27,4.135607431945385163e-23
9.075000000000000000e+01,7.726297910101691887e-37,9.710727568369034375e-35,8.379728803768230117e-32,1.462247432919708017e-27,3.220814306474987956e-23
9.100000000000000000e+01,6.017246862630156003e-37,7.562722234438881537e-35,6.526139354300704792e-32,1.138799445802020174e-27,2.508372704010304184e-23
9.125000000000000000e+01,4.686236568550320249e-37,5.889853998332526841e-35,5.082562439562502424e-32,8.868979001518953389e-28,1.953522626118162333e-23
9.150000000000000000e+01,3.649644709244842741e-37,4.587022906077616993e-35,3.958303607940586238e-32,6.907167791426806334e-28,1.521404950968532005e-23
9.175000000000000000e+01,2.842346157492292898e-37,3.572377031219719190e-35,3.082729949498495747e-32,5.379307684768782087e-28,1.184871367183005110e-23
9.200000000000000000e+01,2.213621413214996163e-37,2.782170029340217803e-35,2.400832498667100925e-32,4.189409037279954245e-28,9.227787486010103948e-24
9.225000000000000000e+01,1.723970090035469067e-37,2.166756197487955449e-35,1.869770229985215661e-32,3.262715038840048178e-28,7.186608120121179481e-24
9.250000000000000000e+01,1.342629256111303819e-37,1.687471423328438898e-35,1.456178519276086913e-32,2.541005027187479098e-28,5.596936031577690779e-24
9.275000000000000000e+01,1.045640716034061094e-37,1.314204065898806240e-35,1.134072971103975263e-32,1.978936704961985028e-28,4.358898164193267430e-24
9.300000000000000000e+01,8.143458084586712713e-38,1.023503155637614753e-35,8.832169179558906949e-33,1.541197455473139520e-28,3.394713303602225736e-24
9.325000000000000000e+01,6.342131533185294208e-38,7.971050590866282623e-36,6.878500273259603736e-33,1.200285785190137824e-28,2.643805379148329674e-24
9.350000000000000000e+01,4.939257004386556839e-38,6.207860442068443815e-36,5.356981399171451781e-33,9.347835094155553939e-29,2.058997699569111149e-24
9.375000000000000000e+01,3.846697222807172498e-38,4.834686573480903564e-36,4.172021308573676250e-33,7.280101291350703938e-29,1.603549020766644990e-24
9.400000000000000000e+01,2.995810809360823848e-38,3.765257689331734088e-36,3.249173462107767054e-33,5.669748586543075357e-29,1.248845233066447719e-24
9.425000000000000000e+01,2.333139804263989074e-38,2.932385636917182929e-36,2.530458836624356300e-33,4.415604639017737276e-29,9.726016454471405376e-25
9.450000000000000000e+01,1.817051106575858936e-38,2.283744230298442450e-36,1.970723323493005024e-33,3.438876350600741599e-29,7.574629230907699408e-25
9.475000000000000000e+01,1.415120824682041583e-38,1.778581794891229974e-36,1.534800867553433616e-33,2.678199594733593118e-29,5.899127176506469174e-25
9.500000000000000000e+01,1.102097206403026209e-38,1.385160894617834650e-36,1.195304117509285848e-33,2.085783941600041079e-29,4.594244864501043359e-25
9.525000000000000000e+01,8.583141673674844923e-39,1.078764389408257237e-36,9.309037827247062274e-34,1.624410167035873680e-29,3.578001498095192907e-25
9.550000000000000000e+01,6.684557456670777766e-39,8.401425512206968390e-37,7.249885949501341771e-34,1.265091910116690149e-29,2.786550368547196544e-25
9.575000000000000000e+01,5.205938581741000554e-39,6.543036767822865287e-37,5.646216854650020051e-34,9.852545702561773705e-30,2.170167609092468339e-25
9.600000000000000000e+01,4.054389044081529725e-39,5.095722158445440851e-37,4.397278107792400196e-34,7.673170308401913746e-30,1.690128233357412682e-25
9.625000000000000000e+01,3.157561362406820314e-39,3.968552407311618986e-37,3.424603633731466983e-34,5.975871044823664558e-30,1.316273191629843326e-25
9.650000000000000000e+01,2.459111261638443957e-39,3.090711722474197997e-37,2.667083991659245058e-34,4.654013049242404031e-30,1.025114592377219408e-25
9.675000000000000000e+01,1.915157776223730295e-39,2.407048709710875988e-37,2.077127101221428160e-34,3.624549007174520492e-30,7.983600472813022346e-26
9.700000000000000000e+01,1.491526375828331239e-39,1.874611420013844541e-37,1.617668212970085433e-34,2.822801605068200254e-30,6.217634299956020338e-26
9.725000000000000000e+01,1.161601909466759263e-39,1.459948841861380585e-37,1.259841271010822667e-34,2.198400100482332906e-30,4.842298461657375203e-26
9.750000000000000000e+01,9.046564767099511664e-40,1.137009301285833742e-37,9.811653684089027923e-35,1.712115719759896091e-30,3.771185833804222416e-26
9.775000000000000000e+01,7.045471724723280945e-40,8.855037342008782502e-38,7.641323572393969661e-35,1.333397063257869096e-30,2.937002480474517393e-26
9.800000000000000000e+01,5.487018896321932508e-40,6.896310016082971434e-38,5.951068781882407779e-35,1.038450677010339831e-30,2.287339831676212767e-26
9.825000000000000000e+01,4.273294613183116870e-40,5.370851640828590603e-38,4.634697027441811747e-35,8.087462004366832975e-31,1.781382052059850052e-26
9.850000000000000000e+01,3.328045191041827354e-40,4.182823463637646454e-38,3.609505674270395105e-35,6.298521742061122450e-31,1.387341737093557423e-26
9.875000000000000000e+01,2.591884200880398303e-40,3.257586188930445053e-38,2.811085845622463000e-35,4.905293664909472292e-31,1.080462831236105629e-26
9.900000000000000000e+01,2.018561445276056568e-40,2.537010674861624147e-38,2.189275857851716530e-35,3.820246547426697784e-31,8.414652990462260623e-27
9.925000000000000000e+01,1.572057234258739690e-40,1.975825900242746264e-38,1.705009752454238442e-35,2.975211002661742976e-31,6.553338338246148102e-27
9.950000000000000000e+01,1.224319405073773391e-40,1.538774758321814158e-38,1.327862930355742864e-35,2.317096658675625112e-31,5.103745029557959563e-27
9.975000000000000000e+01,9.535009114009712285e-41,1.198398986751540477e-38,1.034140689972542865e-35,1.804556692228712628e-31,3.974800625616528727e-27
1.000000000000000000e+02,7.425872564583747905e-41,9.333140693140779686e-39,8.053895791566195331e-36,1.405390165004465454e-31,3.095577839782862612e-27
1.002500000000000000e+02,5.783275368286283712e-41,7.268657280333633236e-39,6.272380349247243698e-36,1.094518961026328568e-31,2.410838445681381724e-27
1.005000000000000000e+02,4.504019385538925114e-41,5.660835981801502140e-39,4.884934727715444756e-36,8.524122239338052466e-32,1.877562869355308514e-27
1.007500000000000000e+02,3.507733824426502911e-41,4.408663495465794569e-39,3.804390991197489368e-36,6.638593074992851738e-32,1.462247432919708017e-27
1.010000000000000000e+02,2.731825849269414062e-41,3.433470582567077538e-39,2.962862683054402357e-36,5.170141485296839182e-32,1.138799445802020174e-27
1.012500000000000000e+02,2.127548110625725213e-41,2.673989578355872877e-39,2.307479777695812221e-36,4.026510237339134785e-32,8.868979001518953389e-28
1.015000000000000000e+02,1.656936134577403001e-41,2.082505177548329745e-39,1.797067057790929684e-36,3.135849325884746243e-32,6.907167791426806334e-28
1.017500000000000000e+02,1.290423159108187974e-41,1.621856663024893949e-39,1.399557231839401781e-36,2.442201910592977503e-32,5.379307684768782087e-28
1.020000000000000000e+02,1.004982566806932877e-41,1.263103239193362989e-39,1.089976268109773859e-36,1.901988760388291764e-32,4.189409037279954245e-28
1.022500000000000000e+02,7.826812100023498873e-42,9.837057917838192306e-40,8.488743711331393629e-37,1.481270335983412466e-32,3.262715038840048178e-28
1.025000000000000000e+02,6.095527392451046329e-42,7.661108409531147207e-40,6.611040249677353831e-37,1.153614497604324747e-32,2.541005027187479098e-28
1.027500000000000000e+02,4.747201506474074774e-42,5.966477228537782625e-40,5.148683323365299031e-37,8.984358740967733500e-33,1.978936704961985028e-28
1.030000000000000000e+02,3.697124250639761404e-42,4.646697137762930599e-40,4.009798604023578055e-37,6.997025622860092494e-33,1.541197455473139520e-28
1.032500000000000000e+02,2.879323261510527212e-42,3.618851369585425951e-40,3.122834292772189092e-37,5.449289034254123354e-33,1.200285785190137824e-28
1.035000000000000000e+02,2.242419210780110070e-42,2.818364280452155767e-40,2.432065792613217555e-37,4.243910567059530847e-33,9.347835094155553939e-29
1.037500000000000000e+02,1.746397837329911549e-42,2.194944308596615265e-40,1.894094743768350742e-37,3.305160872910972745e-33,7.280101291350703938e-29
1.040000000000000000e+02,1.360096003266742982e-42,1.709424346333167227e-40,1.475122469658223298e-37,2.574061876000033802e-33,5.669748586543075357e-29
1.042500000000000000e+02,1.059243832396427582e-42,1.331301019525595181e-40,1.148826534496049015e-37,2.004681404703075658e-33,4.415604639017737276e-29
1.045000000000000000e+02,8.249399261338937976e-43,1.036818276510293086e-40,8.947070046787314064e-38,1.561247447791439363e-33,3.438876350600741599e-29
1.047500000000000000e+02,6.424638604599432358e-43,8.074748856489606974e-41,6.967985158632670530e-38,1.215900734908204997e-33,2.678199594733593118e-29
1.050000000000000000e+02,5.003513576212816081e-43,6.288620732539037641e-41,5.426672297973051275e-38,9.469444444836068767e-34,2.085783941600041079e-29
1.052500000000000000e+02,3.896740291262946288e-43,4.897582750940473480e-41,4.226296635133312578e-38,7.374810748889494642e-34,1.624410167035873680e-29
1.055000000000000000e+02,3.034784390261476661e-43,3.814241281589446259e-41,3.291443128933867479e-38,5.743508386238551517e-34,1.265091910116690149e-29
1.057500000000000000e+02,2.363492459588514289e-43,2.970534096925139928e-41,2.563378486248691027e-38,4.473048828779764712e-34,9.852545702561773705e-30
1.060000000000000000e+02,1.840689778310895605e-43,2.313454280825607000e-41,1.996361172398872693e-38,3.483613930570311420e-34,7.673170308401913746e-30
1.062500000000000000e+02,1.433530640740056251e-43,1.801720005506876611e-41,1.554767644357590247e-38,2.713041257046613203e-34,5.975871044823664558e-30
1.065000000000000000e+02,1.116434785565208566e-43,1.403180951164171647e-41,1.210854258919774728e-38,2.112918655492931070e-34,4.654013049242404031e-30
1.067500000000000000e+02,8.694802852463402760e-44,1.092798423557535390e-41,9.430142450320659804e-39,1.645542703464074698e-34,3.624549007174520492e-30
1.070000000000000000e+02,6.771519270149983678e-44,8.510722680058053775e-42,7.344202324784627454e-39,1.281549946035257679e-34,2.822801605068200254e-30
1.072500000000000000e+02,5.273664510175915267e-44,6.628157487732777522e-42,5.719670521577099677e-39,9.980721015173754499e-35,2.198400100482332906e-30
1.075000000000000000e+02,4.107134050180878922e-44,5.162014241766882625e-42,4.454483881114675895e-39,7.772993342234547396e-35,1.712115719759896091e-30
1.077500000000000000e+02,3.198639214460099215e-44,4.020180733713793384e-42,3.469155534791060387e-39,6.053613301741081204e-35,1.333397063257869096e-30
1.080000000000000000e+02,2.491102724984428721e-44,3.130919903504876602e-42,2.701781047091776132e-39,4.714558779807426944e-35,1.038450677010339831e-30
1.082500000000000000e+02,1.940072752929183885e-44,2.438362872583445229e-42,2.104149195162555681e-39,3.671702069550191946e-35,8.087462004366832975e-31
1.085000000000000000e+02,1.510930179196744300e-44,1.898998914580227311e-42,1.638713040891664609e-39,2.859524446970587162e-35,6.298521742061122450e-31
1.087500000000000000e+02,1.176713606724642720e-44,1.478941841726829307e-42,1.276230999475751523e-39,2.226999878512519238e-35,4.905293664909472292e-31
1.090000000000000000e+02,9.164254783679289834e-45,1.151801064453920259e-42,9.939297017717168007e-40,1.734389249285473563e-35,3.820246547426697784e-31
1.092500000000000000e+02,7.137128801795298740e-45,8.970235709391908144e-43,7.740732300577410584e-40,1.350743705494152793e-35,2.975211002661742976e-31
1.095000000000000000e+02,5.558401499719656313e-45,6.986026594809496568e-43,6.028488377235804439e-40,1.051960255567617064e-35,2.317096658675625112e-31
1.097500000000000000e+02,4.328887440606939323e-45,5.440722982595295165e-43,4.694991468928107254e-40,8.192674707960553727e-36,1.804556692228712628e-31
1.100000000000000000e+02,3.371340928572653473e-45,4.237239319319806446e-43,3.656463032514775312e-40,6.380461478008973222e-36,1.405390165004465454e-31
1.102500000000000000e+02,2.625602955173060404e-45,3.299965299947211131e-43,2.847656272994150874e-40,4.969108395430321315e-36,1.094518961026328568e-31
1.105000000000000000e+02,2.044821637523374287e-45,2.570015559707351058e-43,2.217756935326042762e-40,3.869945509527825939e-36,8.524122239338052466e-32
1.107500000000000000e+02,1.592508692544555710e-45,2.001530130405780224e-43,1.727190837893961145e-40,3.013916593263938740e-36,6.638593074992851738e-32
1.110000000000000000e+02,1.240247016801719229e-45,1.558793232901032612e-43,1.345137577065572804e-40,2.347240602945855669e-36,5.170141485296839182e-32
1.112500000000000000e+02,9.659053478871528340e-46,1.213989390429731287e-43,1.047594198357440354e-40,1.828032819631229098e-36,4.026510237339134785e-32
1.115000000000000000e+02,7.522478413073723795e-46,9.454558879070520027e-44,8.158671820218352053e-41,1.423673391409029369e-36,3.135849325884746243e-32
1.117500000000000000e+02,5.858512078739555215e-46,7.363217858614824218e-44,6.353980002408657179e-41,1.108757952067274842e-36,2.442201910592977503e-32
1.120000000000000000e+02,4.562613794555648964e-46,5.734479834214578523e-44,4.948484601495909863e-41,8.635015613066407716e-37,1.901988760388291764e-32
1.122500000000000000e+02,3.553367196052333428e-46,4.466017385393493943e-44,3.853883682661802536e-41,6.724956921289925848e-37,1.481270335983412466e-32
1.125000000000000000e+02,2.767365154825799532e-46,3.478137836954961111e-44,3.001407629923121615e-41,5.237401716422058655e-37,1.153614497604324747e-32
1.127500000000000000e+02,2.155226149622852548e-46,2.708776471050805762e-44,2.337498612500616393e-41,4.078892558009019289e-37,8.984358740967733500e-33
1.130000000000000000e+02,1.678491813022246141e-46,2.109597236819764303e-44,1.820445749843802244e-41,3.176644718241549996e-37,6.997025622860092494e-33
1.132500000000000000e+02,1.307210738360667434e-46,1.642955980000504598e-44,1.417764575517364004e-41,2.473973394106161511e-37,5.449289034254123354e-33
1.135000000000000000e+02,1.018056746674637244e-46,1.279535403776240158e-44,1.104156161623821133e-41,1.926732416627699959e-37,4.243910567059530847e-33
1.137500000000000000e+02,7.928633915213342603e-47,9.965031744285222538e-45,8.599176833057484886e-42,1.500540714838712779e-37,3.305160872910972745e-33
1.140000000000000000e+02,6.174826301854648758e-47,7.760774525780739352e-45,6.697045651354653609e-42,1.168622283746915090e-37,2.574061876000033802e-33
1.142500000000000000e+02,4.808959559214307744e-47,6.044097277918649850e-45,5.215664397539950801e-42,9.101239496967910864e-38,2.004681404703075658e-33
1.145000000000000000e+02,3.745221470474821319e-47,4.707147693002791041e-45,4.061963517041760491e-42,7.088052447159008083e-38,1.561247447791439363e-33
1.147500000000000000e+02,2.916781413981629336e-47,3.665930309343330662e-45,3.163460367879601163e-42,5.520180796298622411e-38,1.215900734908204997e-33
1.150000000000000000e+02,2.271591649257012563e-47,2.855029395601783481e-45,2.463705411719987761e-42,4.299121126853098519e-38,9.469444444836068767e-34
1.152500000000000000e+02,1.769117355259825036e-47,2.223499128986548748e-45,1.918735703904784301e-42,3.348158900112013711e-38,7.374810748889494642e-34
1.155000000000000000e+02,1.377789981621564560e-47,1.731662862813310902e-45,1.494312868708109278e-42,2.607548773254730235e-38,5.743508386238551517e-34
1.157500000000000000e+02,1.073023916594811129e-47,1.348620393574676879e-45,1.163772032303553025e-42,2.030761026507664912e-38,4.473048828779764712e-34
1.160000000000000000e+02,8.356718664983847548e-48,1.050306618582024684e-45,9.063465700746074041e-43,1.581558277675059275e-38,3.483613930570311420e-34
1.162500000000000000e+02,6.508219040196846274e-48,8.179796170167601892e-46,7.058634185081861182e-43,1.231718825126398732e-38,2.713041257046613203e-34
1.165000000000000000e+02,5.068606084905530347e-48,6.370431662691007363e-46,5.497269830756342123e-43,9.592635855322300964e-39,2.112918655492931070e-34
1.167500000000000000e+02,3.947434388004914667e-48,4.961297167406627956e-46,4.281278048947847288e-43,7.470752315843841742e-39,1.645542703464074698e-34
1.170000000000000000e+02,3.074264992501219496e-48,3.863862119026225062e-46,3.334262697067000740e-43,5.818227753711696553e-39,1.281549946035257679e-34
1.172500000000000000e+02,2.394239983528956372e-48,3.009178843977561475e-46,2.596726399441554272e-43,4.531240330678449794e-39,9.980721015173754499e-35
1.175000000000000000e+02,1.864635974033218772e-48,2.343550840091629567e-46,2.022332553307271736e-43,3.528933517817108156e-39,7.772993342234547396e-35
1.177500000000000000e+02,1.452179956720182163e-48,1.825159229431010119e-46,1.574994176146497297e-43,2.748336187082891489e-39,6.053613301741081204e-35
1.180000000000000000e+02,1.130958887454276993e-48,1.421435437110872510e-46,1.226606697715794196e-43,2.140406374643634831e-39,4.714558779807426944e-35
1.182500000000000000e+02,8.807916671709556953e-49,1.107015031507392272e-46,9.552822567016905259e-44,1.666950160663489715e-39,3.671702069550191946e-35
1.185000000000000000e+02,6.859612401155084464e-49,8.621441734097729893e-47,7.439745695734954055e-44,1.298222090465729973e-39,2.859524446970587162e-35
1.187500000000000000e+02,5.342271509585899987e-49,6.714385573719802700e-47,5.794079773690495365e-44,1.011056380655306700e-39,2.226999878512519238e-35
1.190000000000000000e+02,4.160565235045555427e-49,5.229168742656325202e-47,4.512433864928346366e-44,7.874115009836931756e-40,1.734389249285473563e-35
1.192500000000000000e+02,3.240251463073142314e-49,4.072480711593260564e-47,3.514287027564121965e-44,6.132366935655305754e-40,1.350743705494152793e-35
1.195000000000000000e+02,2.523510376789628495e-49,3.171651167232023218e-47,2.736929489004617951e-44,4.775892171569542989e-40,1.051960255567617064e-35
1.197500000000000000e+02,1.965311857532578353e-49,2.470084412669635142e-47,2.131522829248016431e-44,3.719468563082952667e-40,8.192674707960553727e-36
1.200000000000000000e+02,1.530586413625889625e-49,1.923703674839583174e-47,1.660031648552931482e-44,2.896725029538476224e-40,6.380461478008973222e-36
1.202500000000000000e+02,1.192021897490295731e-49,1.498181928362406177e-47,1.292833947816338450e-44,2.255971721347103706e-40,4.969108395430321315e-36
1.205000000000000000e+02,9.283475872037043503e-50,1.166785258992069461e-47,1.006860090940660079e-44,1.756952543172069766e-40,3.869945509527825939e-36
1.207500000000000000e+02,7.229978278766942427e-50,9.086932733791956494e-48,7.841434272679321031e-45,1.368316016441704110e-40,3.013916593263938740e-36
1.210000000000000000e+02,5.630712745092942931e-50,7.076910328794358752e-48,6.106915151965607681e-45,1.065645585093944416e-40,2.347240602945855669e-36
1.212500000000000000e+02,4.385203495128522920e-50,5.511503305791159737e-48,4.756070302501442328e-45,8.299256161477493799e-41,1.828032819631229098e-36
1.215000000000000000e+02,3.415199915933555678e-50,4.292363090450791161e-48,3.704031275930776905e-45,6.463467197468854146e-41,1.423673391409029369e-36
1.217500000000000000e+02,2.659760368874449237e-50,3.342895736069872027e-48,2.884702458215863931e-45,5.033753314745081796e-41,1.108757952067274842e-36
1.220000000000000000e+02,2.071423458061709392e-50,2.603449816977276647e-48,2.246608533386520991e-45,3.920291023311750303e-41,8.635015613066407716e-37
1.222500000000000000e+02,1.613226211210936886e-50,2.027568756149008747e-48,1.749660485056323334e-45,3.053125718822989989e-41,6.724956921289925848e-37
1.225000000000000000e+02,1.256381836562393215e-50,1.579072135019962445e-48,1.362636955870958600e-45,2.377776700634790443e-41,5.237401716422058655e-37
1.227500000000000000e+02,9.784711581514818175e-51,1.229782615279781716e-48,1.061222728274337647e-45,1.851814356423316279e-41,4.078892558009019289e-37
1.230000000000000000e+02,7.620341041811583098e-51,9.577556637874943569e-49,8.264810917932270227e-46,1.442194470885348354e-41,3.176644718241549996e-37
1.232500000000000000e+02,5.934727570634026056e-51,7.459008609487738031e-49,6.436641214822748492e-46,1.123182183266759600e-41,2.473973394106161511e-37
1.235000000000000000e+02,4.621970479325235948e-51,5.809081746005400363e-49,5.012861218453635317e-46,8.747351638600026512e-42,1.926732416627699959e-37
1.237500000000000000e+02,3.599594228631410737e-51,4.524117412714809426e-49,3.904020242359968031e-46,6.812444305942637209e-42,1.500540714838712779e-37
1.240000000000000000e+02,2.803366803997452337e-51,3.523386183729271689e-49,3.040454021876558873e-46,5.305536960098459025e-42,1.168622283746915090e-37
1.242500000000000000e+02,2.183264262189597362e-51,2.744015918951325795e-49,2.367907973130066106e-46,4.131956339138960915e-42,9.101239496967910864e-38
1.245000000000000000e+02,1.700327917045071169e-51,2.137041746439693180e-49,1.844128583714718425e-46,3.217970832538277569e-42,7.088052447159008083e-38
1.247500000000000000e+02,1.324216713272872301e-51,1.664329785583515611e-49,1.436208785081383801e-46,2.506158204281751828e-42,5.520180796298622411e-38
1.250000000000000000e+02,1.031301013253154928e-51,1.296181340301505450e-49,1.118520526475412762e-46,1.951797971995453929e-42,4.299121126853098519e-38
