study,evidence_role,subjects,runs,trials,accuracy_pct,subject_sd_pct,pooled_nll,pooled_ece10_pct
openbmi_bp830_nodemean,post-confirmatory,54,162,32400,66.49382716049384,17.266439708658798,0.5725251760035208,4.181737583544515
openbmi_bp830_rd,post-confirmatory,54,162,32400,66.67592592592594,17.409346409842318,0.5704371411303462,4.215049091864516
common-duration-20260928__no_at_no,post-confirmatory,54,162,32400,66.59567901234567,13.414321715926498,0.8482111129884319,14.118377076438918
common-duration-20260928__no_at_rd,post-confirmatory,54,162,32400,66.91975308641975,13.482527739099122,0.8637864714542993,14.944972681410517
common-duration-20260928__rd_at_no,post-confirmatory,54,162,32400,70.33333333333334,13.708289126498657,0.6259170184258386,8.251457881228427
common-duration-20260928__rd_at_rd,post-confirmatory,54,162,32400,70.87654320987653,12.97938961205233,0.6282725571365687,8.95728768500281
openbmi_fbcnet_stronger_recipe,post-confirmatory,54,162,32400,69.70679012345678,14.46404256934358,0.6538904258956726,12.465866717659393
component-author-20260926__no_spectral_prior,post-confirmatory,54,162,32400,64.94444444444443,11.66675651358036,0.6987018974003596,10.377453522181801
component-author-20260926__spectral_only,post-confirmatory,54,162,32400,67.26234567901233,14.867006576332884,0.810850067480854,15.99806414930909
methods-audit-20260928__current_nodemean,post-confirmatory,54,162,32400,66.44753086419755,13.461523088091878,0.8448982746584344,14.171939800182976
methods-audit-20260928__current_rd,post-confirmatory,54,162,32400,70.77160493827162,13.542242950342336,0.6306650451361602,8.646129242615933
methods-audit-20260928__fft_reflect_nodemean,post-confirmatory,54,162,32400,66.69444444444444,13.541563860277389,0.8271120021607493,13.854696821651341
methods-audit-20260928__fft_reflect_rd,post-confirmatory,54,162,32400,70.92283950617283,13.888395868258584,0.6174073570250371,8.147204064476636
methods-audit-20260928__raw_reflect_nodemean,post-confirmatory,54,162,32400,66.94753086419753,13.581758950087236,0.8318042414294123,14.063218781425629
methods-audit-20260928__raw_reflect_rd,post-confirmatory,54,162,32400,70.9506172839506,13.745463502820435,0.6270958718429155,8.84266144460366
paper-20260917__openbmi_atcnet_final_demean_3seed,post-confirmatory,54,162,32400,60.817901234567906,11.09191957186868,0.786524710853381,14.959275779900727
paper-20260917__openbmi_baseline_final_eegnet_demean_3seed,post-confirmatory,54,162,32400,64.60493827160496,11.340281642532815,0.7152381651262164,9.88976242347264
paper-20260917__openbmi_eegconformer_final_demean_3seed,post-confirmatory,54,162,32400,62.29938271604938,10.163463751049589,1.0697128369502187,20.20350835794284
openbmi_primary_nodemean,original internally locked primary,54,162,32400,66.45061728395063,13.725201752024766,0.8359492005605299,14.33605457695178
openbmi_primary_rd,original internally locked primary,54,162,32400,70.6358024691358,13.164062081134706,0.63633714176785,9.119184704842386
openbmi_fulldemean,post-confirmatory,54,162,32400,70.41358024691358,13.244109514616603,0.6389648693182559,9.08887744152252
openbmi_epoch_hp1,post-confirmatory,54,162,32400,64.5432098765432,15.556085894922766,0.6452531917507269,8.516863617264192
reviewer-controls-20260925__bnci2015_001_eegnet_demean_final,post-confirmatory,12,36,7200,67.34722222222223,12.548785271272747,0.6256743080392055,7.782602800263301
reviewer-controls-20260925__bnci2015_001_nodemean_final,post-confirmatory,12,36,7200,76.04166666666669,15.675066252498013,0.565473178052727,6.745135385957028
reviewer-controls-20260925__bnci2015_001_rd_final,post-confirmatory,12,36,7200,76.34722222222221,15.56421340952504,0.547712408409711,6.398065423799888
reviewer-controls-20260925__eegnet_large_final,post-confirmatory,54,162,32400,65.79938271604941,11.449798348064991,0.8486921895441368,16.111637723850613
reviewer-controls-20260925__hp05_eegnet_large_demean_final,post-confirmatory,54,162,32400,63.91666666666668,11.942812281835522,0.8302057900991662,15.219510459237629
reviewer-controls-20260925__hp05_eegnet_large_nodemean_final,post-confirmatory,54,162,32400,63.515432098765444,11.884280816379093,0.8338796675477834,14.912512270572748
reviewer-controls-20260925__hp05_eegnet_small_demean_final,post-confirmatory,54,162,32400,62.88888888888887,11.584345686723866,0.7028212704265464,9.325988813866802
reviewer-controls-20260925__hp05_eegnet_small_nodemean_final,post-confirmatory,54,162,32400,62.36728395061729,11.231058110366885,0.7106855072708425,9.636353788736427
openbmi_hp05_nodemean,post-confirmatory,54,162,32400,68.91358024691358,14.62080955540027,0.6296431558839755,8.195356317324407
openbmi_hp05_rd,post-confirmatory,54,162,32400,69.33024691358027,14.5708883373657,0.6293066984615014,8.396663609478207
zhou2016-20260927__zhou2016_eegnet_demean_final,post-confirmatory,4,12,1758,49.948164500040875,11.065454020964422,1.339679781536087,9.90390615861977
zhou2016-20260927__zhou2016_nodemean_final,post-confirmatory,4,12,1758,67.47968277328101,15.190107530869938,1.3020887866556978,8.879691660743257
zhou2016-20260927__zhou2016_rd_final,post-confirmatory,4,12,1758,65.95490965579266,11.065207781254863,1.2088338296000856,9.323694001760362
openbmi_fbcnet_filtermatched,post-confirmatory,54,162,32400,67.15123456790124,15.06113567004172,0.5953264968986793,7.6767256201049445
openbmi_fbcnet_hp05,post-confirmatory,54,162,32400,67.58024691358024,15.94867753896437,0.5715527882806359,6.404082211079419
zhou2020_rd,later independently locked external audit; post-confirmatory,20,60,14391,38.7083926666901,10.934845348002527,2.8761010198741292,26.53538586055253
zhou2020_nodemean,later independently locked external audit; post-confirmatory,20,60,14391,38.37415712449554,10.899443146659678,2.848371950898993,26.67272513644689
zhou2020_eegnet_demean,later independently locked external audit; post-confirmatory,20,60,14391,35.116511667428476,9.422073169230384,2.810364863633491,25.558241356877904
