subject,seed,selection_strategy,retrain_epochs,test_loss,test_accuracy,test_kappa,selected_epoch_source
1,0,preselected_group_cv,8,0.7486750781536102,0.485,-0.030000000000000027,/mnt/helongfei/NPFEEGNet-RD-reviewer-controls-20260925/results/hp05_eegnet_large_demean_selected_epochs.json
2,0,preselected_group_cv,18,0.7746656984090805,0.66,0.31999999999999995,/mnt/helongfei/NPFEEGNet-RD-reviewer-controls-20260925/results/hp05_eegnet_large_demean_selected_epochs.json
3,0,preselected_group_cv,78,0.6841820999979973,0.72,0.43999999999999995,/mnt/helongfei/NPFEEGNet-RD-reviewer-controls-20260925/results/hp05_eegnet_large_demean_selected_epochs.json
4,0,preselected_group_cv,48,0.447603315114975,0.795,0.5900000000000001,/mnt/helongfei/NPFEEGNet-RD-reviewer-controls-20260925/results/hp05_eegnet_large_demean_selected_epochs.json
5,0,preselected_group_cv,20,0.8275866359472275,0.61,0.21999999999999997,/mnt/helongfei/NPFEEGNet-RD-reviewer-controls-20260925/results/hp05_eegnet_large_demean_selected_epochs.json
6,0,preselected_group_cv,23,0.45941396057605743,0.8,0.6,/mnt/helongfei/NPFEEGNet-RD-reviewer-controls-20260925/results/hp05_eegnet_large_demean_selected_epochs.json
7,0,preselected_group_cv,102,1.030614212155342,0.735,0.47,/mnt/helongfei/NPFEEGNet-RD-reviewer-controls-20260925/results/hp05_eegnet_large_demean_selected_epochs.json
8,0,preselected_group_cv,30,0.762547105550766,0.685,0.37,/mnt/helongfei/NPFEEGNet-RD-reviewer-controls-20260925/results/hp05_eegnet_large_demean_selected_epochs.json
9,0,preselected_group_cv,12,0.74711112678051,0.48,-0.040000000000000036,/mnt/helongfei/NPFEEGNet-RD-reviewer-controls-20260925/results/hp05_eegnet_large_demean_selected_epochs.json
10,0,preselected_group_cv,44,0.8959425091743469,0.605,0.20999999999999996,/mnt/helongfei/NPFEEGNet-RD-reviewer-controls-20260925/results/hp05_eegnet_large_demean_selected_epochs.json
11,0,preselected_group_cv,2,0.6951866149902344,0.54,0.07999999999999996,/mnt/helongfei/NPFEEGNet-RD-reviewer-controls-20260925/results/hp05_eegnet_large_demean_selected_epochs.json
12,0,preselected_group_cv,136,2.170243740081787,0.625,0.25,/mnt/helongfei/NPFEEGNet-RD-reviewer-controls-20260925/results/hp05_eegnet_large_demean_selected_epochs.json
13,0,preselected_group_cv,40,0.8916671425104141,0.57,0.14,/mnt/helongfei/NPFEEGNet-RD-reviewer-controls-20260925/results/hp05_eegnet_large_demean_selected_epochs.json
14,0,preselected_group_cv,50,1.2655544131994247,0.62,0.24,/mnt/helongfei/NPFEEGNet-RD-reviewer-controls-20260925/results/hp05_eegnet_large_demean_selected_epochs.json
15,0,preselected_group_cv,12,0.7569636255502701,0.675,0.35,/mnt/helongfei/NPFEEGNet-RD-reviewer-controls-20260925/results/hp05_eegnet_large_demean_selected_epochs.json
16,0,preselected_group_cv,25,0.8051423281431198,0.7,0.4,/mnt/helongfei/NPFEEGNet-RD-reviewer-controls-20260925/results/hp05_eegnet_large_demean_selected_epochs.json
17,0,preselected_group_cv,18,1.122999593615532,0.505,0.010000000000000009,/mnt/helongfei/NPFEEGNet-RD-reviewer-controls-20260925/results/hp05_eegnet_large_demean_selected_epochs.json
18,0,preselected_group_cv,4,0.7121948152780533,0.46,-0.08000000000000007,/mnt/helongfei/NPFEEGNet-RD-reviewer-controls-20260925/results/hp05_eegnet_large_demean_selected_epochs.json
19,0,preselected_group_cv,28,0.7474674060940742,0.62,0.24,/mnt/helongfei/NPFEEGNet-RD-reviewer-controls-20260925/results/hp05_eegnet_large_demean_selected_epochs.json
20,0,preselected_group_cv,16,0.676875039935112,0.62,0.24,/mnt/helongfei/NPFEEGNet-RD-reviewer-controls-20260925/results/hp05_eegnet_large_demean_selected_epochs.json
21,0,preselected_group_cv,101,0.5444054678082466,0.8,0.6,/mnt/helongfei/NPFEEGNet-RD-reviewer-controls-20260925/results/hp05_eegnet_large_demean_selected_epochs.json
22,0,preselected_group_cv,36,0.8973045200109482,0.525,0.050000000000000044,/mnt/helongfei/NPFEEGNet-RD-reviewer-controls-20260925/results/hp05_eegnet_large_demean_selected_epochs.json
23,0,preselected_group_cv,2,0.7204506397247314,0.465,-0.07000000000000006,/mnt/helongfei/NPFEEGNet-RD-reviewer-controls-20260925/results/hp05_eegnet_large_demean_selected_epochs.json
24,0,preselected_group_cv,2,0.6918062120676041,0.515,0.030000000000000027,/mnt/helongfei/NPFEEGNet-RD-reviewer-controls-20260925/results/hp05_eegnet_large_demean_selected_epochs.json
25,0,preselected_group_cv,20,0.18226714446791448,0.91,0.8200000000000001,/mnt/helongfei/NPFEEGNet-RD-reviewer-controls-20260925/results/hp05_eegnet_large_demean_selected_epochs.json
26,0,preselected_group_cv,24,0.6992450207471848,0.66,0.31999999999999995,/mnt/helongfei/NPFEEGNet-RD-reviewer-controls-20260925/results/hp05_eegnet_large_demean_selected_epochs.json
27,0,preselected_group_cv,35,0.5476650595664978,0.815,0.63,/mnt/helongfei/NPFEEGNet-RD-reviewer-controls-20260925/results/hp05_eegnet_large_demean_selected_epochs.json
28,0,preselected_group_cv,28,0.9066133499145508,0.65,0.30000000000000004,/mnt/helongfei/NPFEEGNet-RD-reviewer-controls-20260925/results/hp05_eegnet_large_demean_selected_epochs.json
29,0,preselected_group_cv,56,0.3005440980195999,0.84,0.6799999999999999,/mnt/helongfei/NPFEEGNet-RD-reviewer-controls-20260925/results/hp05_eegnet_large_demean_selected_epochs.json
30,0,preselected_group_cv,28,1.2131808176636696,0.635,0.27,/mnt/helongfei/NPFEEGNet-RD-reviewer-controls-20260925/results/hp05_eegnet_large_demean_selected_epochs.json
31,0,preselected_group_cv,55,1.1034970432519913,0.67,0.33999999999999997,/mnt/helongfei/NPFEEGNet-RD-reviewer-controls-20260925/results/hp05_eegnet_large_demean_selected_epochs.json
32,0,preselected_group_cv,12,0.7695543318986893,0.545,0.08999999999999997,/mnt/helongfei/NPFEEGNet-RD-reviewer-controls-20260925/results/hp05_eegnet_large_demean_selected_epochs.json
33,0,preselected_group_cv,52,0.5149981137365103,0.73,0.45999999999999996,/mnt/helongfei/NPFEEGNet-RD-reviewer-controls-20260925/results/hp05_eegnet_large_demean_selected_epochs.json
34,0,preselected_group_cv,22,0.7267264425754547,0.53,0.06000000000000005,/mnt/helongfei/NPFEEGNet-RD-reviewer-controls-20260925/results/hp05_eegnet_large_demean_selected_epochs.json
35,0,preselected_group_cv,154,0.21998159009672236,0.93,0.86,/mnt/helongfei/NPFEEGNet-RD-reviewer-controls-20260925/results/hp05_eegnet_large_demean_selected_epochs.json
36,0,preselected_group_cv,99,0.22677722200751305,0.915,0.83,/mnt/helongfei/NPFEEGNet-RD-reviewer-controls-20260925/results/hp05_eegnet_large_demean_selected_epochs.json
37,0,preselected_group_cv,14,0.7977731227874756,0.515,0.030000000000000027,/mnt/helongfei/NPFEEGNet-RD-reviewer-controls-20260925/results/hp05_eegnet_large_demean_selected_epochs.json
38,0,preselected_group_cv,7,0.6905121952295303,0.605,0.20999999999999996,/mnt/helongfei/NPFEEGNet-RD-reviewer-controls-20260925/results/hp05_eegnet_large_demean_selected_epochs.json
39,0,preselected_group_cv,6,0.8052714467048645,0.53,0.06000000000000005,/mnt/helongfei/NPFEEGNet-RD-reviewer-controls-20260925/results/hp05_eegnet_large_demean_selected_epochs.json
40,0,preselected_group_cv,70,0.9807539284229279,0.625,0.25,/mnt/helongfei/NPFEEGNet-RD-reviewer-controls-20260925/results/hp05_eegnet_large_demean_selected_epochs.json
41,0,preselected_group_cv,68,1.5538911819458008,0.605,0.20999999999999996,/mnt/helongfei/NPFEEGNet-RD-reviewer-controls-20260925/results/hp05_eegnet_large_demean_selected_epochs.json
42,0,preselected_group_cv,32,0.9239339604973793,0.515,0.030000000000000027,/mnt/helongfei/NPFEEGNet-RD-reviewer-controls-20260925/results/hp05_eegnet_large_demean_selected_epochs.json
43,0,preselected_group_cv,62,0.8531852215528488,0.765,0.53,/mnt/helongfei/NPFEEGNet-RD-reviewer-controls-20260925/results/hp05_eegnet_large_demean_selected_epochs.json
44,0,preselected_group_cv,42,0.5914398729801178,0.775,0.55,/mnt/helongfei/NPFEEGNet-RD-reviewer-controls-20260925/results/hp05_eegnet_large_demean_selected_epochs.json
45,0,preselected_group_cv,65,0.8181245774030685,0.705,0.41000000000000003,/mnt/helongfei/NPFEEGNet-RD-reviewer-controls-20260925/results/hp05_eegnet_large_demean_selected_epochs.json
46,0,preselected_group_cv,1,0.6753444522619247,0.615,0.22999999999999998,/mnt/helongfei/NPFEEGNet-RD-reviewer-controls-20260925/results/hp05_eegnet_large_demean_selected_epochs.json
47,0,preselected_group_cv,8,0.6221484690904617,0.695,0.39,/mnt/helongfei/NPFEEGNet-RD-reviewer-controls-20260925/results/hp05_eegnet_large_demean_selected_epochs.json
48,0,preselected_group_cv,26,0.7266227826476097,0.695,0.39,/mnt/helongfei/NPFEEGNet-RD-reviewer-controls-20260925/results/hp05_eegnet_large_demean_selected_epochs.json
49,0,preselected_group_cv,38,0.7135519534349442,0.685,0.37,/mnt/helongfei/NPFEEGNet-RD-reviewer-controls-20260925/results/hp05_eegnet_large_demean_selected_epochs.json
50,0,preselected_group_cv,23,0.9901245832443237,0.5,0.0,/mnt/helongfei/NPFEEGNet-RD-reviewer-controls-20260925/results/hp05_eegnet_large_demean_selected_epochs.json
51,0,preselected_group_cv,78,1.2148727625608444,0.565,0.13,/mnt/helongfei/NPFEEGNet-RD-reviewer-controls-20260925/results/hp05_eegnet_large_demean_selected_epochs.json
52,0,preselected_group_cv,50,0.7212487012147903,0.73,0.45999999999999996,/mnt/helongfei/NPFEEGNet-RD-reviewer-controls-20260925/results/hp05_eegnet_large_demean_selected_epochs.json
53,0,preselected_group_cv,74,1.99517622590065,0.585,0.17000000000000004,/mnt/helongfei/NPFEEGNet-RD-reviewer-controls-20260925/results/hp05_eegnet_large_demean_selected_epochs.json
54,0,preselected_group_cv,5,0.7382457703351974,0.535,0.06999999999999995,/mnt/helongfei/NPFEEGNet-RD-reviewer-controls-20260925/results/hp05_eegnet_large_demean_selected_epochs.json
1,1,preselected_group_cv,1,0.6913695782423019,0.505,0.010000000000000009,/mnt/helongfei/NPFEEGNet-RD-reviewer-controls-20260925/results/hp05_eegnet_large_demean_selected_epochs.json
2,1,preselected_group_cv,28,0.7572502642869949,0.675,0.35,/mnt/helongfei/NPFEEGNet-RD-reviewer-controls-20260925/results/hp05_eegnet_large_demean_selected_epochs.json
3,1,preselected_group_cv,77,0.6374685652554035,0.74,0.48,/mnt/helongfei/NPFEEGNet-RD-reviewer-controls-20260925/results/hp05_eegnet_large_demean_selected_epochs.json
4,1,preselected_group_cv,34,0.40211041271686554,0.825,0.65,/mnt/helongfei/NPFEEGNet-RD-reviewer-controls-20260925/results/hp05_eegnet_large_demean_selected_epochs.json
5,1,preselected_group_cv,26,0.8814791589975357,0.61,0.21999999999999997,/mnt/helongfei/NPFEEGNet-RD-reviewer-controls-20260925/results/hp05_eegnet_large_demean_selected_epochs.json
6,1,preselected_group_cv,74,0.422372505068779,0.81,0.62,/mnt/helongfei/NPFEEGNet-RD-reviewer-controls-20260925/results/hp05_eegnet_large_demean_selected_epochs.json
7,1,preselected_group_cv,80,0.7802266925573349,0.76,0.52,/mnt/helongfei/NPFEEGNet-RD-reviewer-controls-20260925/results/hp05_eegnet_large_demean_selected_epochs.json
8,1,preselected_group_cv,28,0.7267886847257614,0.695,0.39,/mnt/helongfei/NPFEEGNet-RD-reviewer-controls-20260925/results/hp05_eegnet_large_demean_selected_epochs.json
9,1,preselected_group_cv,56,1.2618409842252731,0.51,0.020000000000000018,/mnt/helongfei/NPFEEGNet-RD-reviewer-controls-20260925/results/hp05_eegnet_large_demean_selected_epochs.json
10,1,preselected_group_cv,63,1.1490793228149414,0.58,0.16000000000000003,/mnt/helongfei/NPFEEGNet-RD-reviewer-controls-20260925/results/hp05_eegnet_large_demean_selected_epochs.json
11,1,preselected_group_cv,44,0.9815318286418915,0.56,0.12,/mnt/helongfei/NPFEEGNet-RD-reviewer-controls-20260925/results/hp05_eegnet_large_demean_selected_epochs.json
12,1,preselected_group_cv,64,1.3563983142375946,0.64,0.28,/mnt/helongfei/NPFEEGNet-RD-reviewer-controls-20260925/results/hp05_eegnet_large_demean_selected_epochs.json
13,1,preselected_group_cv,29,0.9132784157991409,0.625,0.25,/mnt/helongfei/NPFEEGNet-RD-reviewer-controls-20260925/results/hp05_eegnet_large_demean_selected_epochs.json
14,1,preselected_group_cv,74,1.3031574338674545,0.62,0.24,/mnt/helongfei/NPFEEGNet-RD-reviewer-controls-20260925/results/hp05_eegnet_large_demean_selected_epochs.json
15,1,preselected_group_cv,18,0.9419035837054253,0.615,0.22999999999999998,/mnt/helongfei/NPFEEGNet-RD-reviewer-controls-20260925/results/hp05_eegnet_large_demean_selected_epochs.json
16,1,preselected_group_cv,22,0.9321308881044388,0.615,0.22999999999999998,/mnt/helongfei/NPFEEGNet-RD-reviewer-controls-20260925/results/hp05_eegnet_large_demean_selected_epochs.json
17,1,preselected_group_cv,10,0.8960139155387878,0.535,0.06999999999999995,/mnt/helongfei/NPFEEGNet-RD-reviewer-controls-20260925/results/hp05_eegnet_large_demean_selected_epochs.json
18,1,preselected_group_cv,40,0.7483287304639816,0.605,0.20999999999999996,/mnt/helongfei/NPFEEGNet-RD-reviewer-controls-20260925/results/hp05_eegnet_large_demean_selected_epochs.json
19,1,preselected_group_cv,40,0.7108203694224358,0.665,0.32999999999999996,/mnt/helongfei/NPFEEGNet-RD-reviewer-controls-20260925/results/hp05_eegnet_large_demean_selected_epochs.json
20,1,preselected_group_cv,5,0.6891761869192123,0.55,0.09999999999999998,/mnt/helongfei/NPFEEGNet-RD-reviewer-controls-20260925/results/hp05_eegnet_large_demean_selected_epochs.json
21,1,preselected_group_cv,39,0.7150888368487358,0.675,0.35,/mnt/helongfei/NPFEEGNet-RD-reviewer-controls-20260925/results/hp05_eegnet_large_demean_selected_epochs.json
22,1,preselected_group_cv,6,0.74281807243824,0.51,0.020000000000000018,/mnt/helongfei/NPFEEGNet-RD-reviewer-controls-20260925/results/hp05_eegnet_large_demean_selected_epochs.json
23,1,preselected_group_cv,14,0.8263756334781647,0.5,0.0,/mnt/helongfei/NPFEEGNet-RD-reviewer-controls-20260925/results/hp05_eegnet_large_demean_selected_epochs.json
24,1,preselected_group_cv,12,1.0709392577409744,0.49,-0.020000000000000018,/mnt/helongfei/NPFEEGNet-RD-reviewer-controls-20260925/results/hp05_eegnet_large_demean_selected_epochs.json
25,1,preselected_group_cv,15,0.2010773700894788,0.905,0.81,/mnt/helongfei/NPFEEGNet-RD-reviewer-controls-20260925/results/hp05_eegnet_large_demean_selected_epochs.json
26,1,preselected_group_cv,25,0.787350133061409,0.675,0.35,/mnt/helongfei/NPFEEGNet-RD-reviewer-controls-20260925/results/hp05_eegnet_large_demean_selected_epochs.json
27,1,preselected_group_cv,28,0.510699175298214,0.825,0.65,/mnt/helongfei/NPFEEGNet-RD-reviewer-controls-20260925/results/hp05_eegnet_large_demean_selected_epochs.json
28,1,preselected_group_cv,27,1.0059636682271957,0.595,0.18999999999999995,/mnt/helongfei/NPFEEGNet-RD-reviewer-controls-20260925/results/hp05_eegnet_large_demean_selected_epochs.json
29,1,preselected_group_cv,90,0.33285411447286606,0.84,0.6799999999999999,/mnt/helongfei/NPFEEGNet-RD-reviewer-controls-20260925/results/hp05_eegnet_large_demean_selected_epochs.json
30,1,preselected_group_cv,25,1.0755995959043503,0.605,0.20999999999999996,/mnt/helongfei/NPFEEGNet-RD-reviewer-controls-20260925/results/hp05_eegnet_large_demean_selected_epochs.json
31,1,preselected_group_cv,70,0.6918774023652077,0.74,0.48,/mnt/helongfei/NPFEEGNet-RD-reviewer-controls-20260925/results/hp05_eegnet_large_demean_selected_epochs.json
32,1,preselected_group_cv,13,0.7809282392263412,0.54,0.07999999999999996,/mnt/helongfei/NPFEEGNet-RD-reviewer-controls-20260925/results/hp05_eegnet_large_demean_selected_epochs.json
33,1,preselected_group_cv,60,0.615205354988575,0.74,0.48,/mnt/helongfei/NPFEEGNet-RD-reviewer-controls-20260925/results/hp05_eegnet_large_demean_selected_epochs.json
34,1,preselected_group_cv,17,0.7202572673559189,0.5,0.0,/mnt/helongfei/NPFEEGNet-RD-reviewer-controls-20260925/results/hp05_eegnet_large_demean_selected_epochs.json
35,1,preselected_group_cv,102,0.20202615918242373,0.945,0.89,/mnt/helongfei/NPFEEGNet-RD-reviewer-controls-20260925/results/hp05_eegnet_large_demean_selected_epochs.json
36,1,preselected_group_cv,174,0.17628360353410244,0.965,0.9299999999999999,/mnt/helongfei/NPFEEGNet-RD-reviewer-controls-20260925/results/hp05_eegnet_large_demean_selected_epochs.json
37,1,preselected_group_cv,8,0.8241427540779114,0.51,0.020000000000000018,/mnt/helongfei/NPFEEGNet-RD-reviewer-controls-20260925/results/hp05_eegnet_large_demean_selected_epochs.json
38,1,preselected_group_cv,42,0.5686005651950836,0.725,0.44999999999999996,/mnt/helongfei/NPFEEGNet-RD-reviewer-controls-20260925/results/hp05_eegnet_large_demean_selected_epochs.json
39,1,preselected_group_cv,4,0.7575229406356812,0.485,-0.030000000000000027,/mnt/helongfei/NPFEEGNet-RD-reviewer-controls-20260925/results/hp05_eegnet_large_demean_selected_epochs.json
40,1,preselected_group_cv,18,0.6476200222969055,0.63,0.26,/mnt/helongfei/NPFEEGNet-RD-reviewer-controls-20260925/results/hp05_eegnet_large_demean_selected_epochs.json
41,1,preselected_group_cv,24,1.1301378905773163,0.585,0.17000000000000004,/mnt/helongfei/NPFEEGNet-RD-reviewer-controls-20260925/results/hp05_eegnet_large_demean_selected_epochs.json
42,1,preselected_group_cv,26,0.7631738483905792,0.575,0.15000000000000002,/mnt/helongfei/NPFEEGNet-RD-reviewer-controls-20260925/results/hp05_eegnet_large_demean_selected_epochs.json
43,1,preselected_group_cv,85,1.0397889614105225,0.735,0.47,/mnt/helongfei/NPFEEGNet-RD-reviewer-controls-20260925/results/hp05_eegnet_large_demean_selected_epochs.json
44,1,preselected_group_cv,56,0.3609093762934208,0.835,0.6699999999999999,/mnt/helongfei/NPFEEGNet-RD-reviewer-controls-20260925/results/hp05_eegnet_large_demean_selected_epochs.json
45,1,preselected_group_cv,81,0.5971850752830505,0.81,0.62,/mnt/helongfei/NPFEEGNet-RD-reviewer-controls-20260925/results/hp05_eegnet_large_demean_selected_epochs.json
46,1,preselected_group_cv,1,0.6818483173847198,0.58,0.16000000000000003,/mnt/helongfei/NPFEEGNet-RD-reviewer-controls-20260925/results/hp05_eegnet_large_demean_selected_epochs.json
47,1,preselected_group_cv,59,1.0922695994377136,0.62,0.24,/mnt/helongfei/NPFEEGNet-RD-reviewer-controls-20260925/results/hp05_eegnet_large_demean_selected_epochs.json
48,1,preselected_group_cv,64,1.015974834561348,0.695,0.39,/mnt/helongfei/NPFEEGNet-RD-reviewer-controls-20260925/results/hp05_eegnet_large_demean_selected_epochs.json
49,1,preselected_group_cv,20,0.7652893662452698,0.61,0.21999999999999997,/mnt/helongfei/NPFEEGNet-RD-reviewer-controls-20260925/results/hp05_eegnet_large_demean_selected_epochs.json
50,1,preselected_group_cv,2,0.7583340257406235,0.445,-0.1100000000000001,/mnt/helongfei/NPFEEGNet-RD-reviewer-controls-20260925/results/hp05_eegnet_large_demean_selected_epochs.json
51,1,preselected_group_cv,77,1.9216837882995605,0.52,0.040000000000000036,/mnt/helongfei/NPFEEGNet-RD-reviewer-controls-20260925/results/hp05_eegnet_large_demean_selected_epochs.json
52,1,preselected_group_cv,54,0.6674712747335434,0.745,0.49,/mnt/helongfei/NPFEEGNet-RD-reviewer-controls-20260925/results/hp05_eegnet_large_demean_selected_epochs.json
53,1,preselected_group_cv,6,0.8395247310400009,0.55,0.09999999999999998,/mnt/helongfei/NPFEEGNet-RD-reviewer-controls-20260925/results/hp05_eegnet_large_demean_selected_epochs.json
54,1,preselected_group_cv,3,0.6897301822900772,0.57,0.14,/mnt/helongfei/NPFEEGNet-RD-reviewer-controls-20260925/results/hp05_eegnet_large_demean_selected_epochs.json
1,2,preselected_group_cv,40,0.9327524602413177,0.535,0.06999999999999995,/mnt/helongfei/NPFEEGNet-RD-reviewer-controls-20260925/results/hp05_eegnet_large_demean_selected_epochs.json
2,2,preselected_group_cv,27,0.8108452558517456,0.63,0.26,/mnt/helongfei/NPFEEGNet-RD-reviewer-controls-20260925/results/hp05_eegnet_large_demean_selected_epochs.json
3,2,preselected_group_cv,116,0.617602052167058,0.745,0.49,/mnt/helongfei/NPFEEGNet-RD-reviewer-controls-20260925/results/hp05_eegnet_large_demean_selected_epochs.json
4,2,preselected_group_cv,66,0.52580726146698,0.795,0.5900000000000001,/mnt/helongfei/NPFEEGNet-RD-reviewer-controls-20260925/results/hp05_eegnet_large_demean_selected_epochs.json
5,2,preselected_group_cv,25,0.8400394320487976,0.6,0.19999999999999996,/mnt/helongfei/NPFEEGNet-RD-reviewer-controls-20260925/results/hp05_eegnet_large_demean_selected_epochs.json
6,2,preselected_group_cv,70,0.4959052447229624,0.79,0.5800000000000001,/mnt/helongfei/NPFEEGNet-RD-reviewer-controls-20260925/results/hp05_eegnet_large_demean_selected_epochs.json
7,2,preselected_group_cv,80,0.8023659512400627,0.755,0.51,/mnt/helongfei/NPFEEGNet-RD-reviewer-controls-20260925/results/hp05_eegnet_large_demean_selected_epochs.json
8,2,preselected_group_cv,29,0.7706692665815353,0.65,0.30000000000000004,/mnt/helongfei/NPFEEGNet-RD-reviewer-controls-20260925/results/hp05_eegnet_large_demean_selected_epochs.json
9,2,preselected_group_cv,26,1.0153271853923798,0.49,-0.020000000000000018,/mnt/helongfei/NPFEEGNet-RD-reviewer-controls-20260925/results/hp05_eegnet_large_demean_selected_epochs.json
10,2,preselected_group_cv,4,0.7516543418169022,0.485,-0.030000000000000027,/mnt/helongfei/NPFEEGNet-RD-reviewer-controls-20260925/results/hp05_eegnet_large_demean_selected_epochs.json
11,2,preselected_group_cv,2,0.7289983183145523,0.52,0.040000000000000036,/mnt/helongfei/NPFEEGNet-RD-reviewer-controls-20260925/results/hp05_eegnet_large_demean_selected_epochs.json
12,2,preselected_group_cv,22,1.026452511548996,0.545,0.08999999999999997,/mnt/helongfei/NPFEEGNet-RD-reviewer-controls-20260925/results/hp05_eegnet_large_demean_selected_epochs.json
13,2,preselected_group_cv,62,1.0743708312511444,0.6,0.19999999999999996,/mnt/helongfei/NPFEEGNet-RD-reviewer-controls-20260925/results/hp05_eegnet_large_demean_selected_epochs.json
14,2,preselected_group_cv,26,1.0408385396003723,0.565,0.13,/mnt/helongfei/NPFEEGNet-RD-reviewer-controls-20260925/results/hp05_eegnet_large_demean_selected_epochs.json
15,2,preselected_group_cv,47,0.9573329873383045,0.685,0.37,/mnt/helongfei/NPFEEGNet-RD-reviewer-controls-20260925/results/hp05_eegnet_large_demean_selected_epochs.json
16,2,preselected_group_cv,27,0.9458352625370026,0.64,0.28,/mnt/helongfei/NPFEEGNet-RD-reviewer-controls-20260925/results/hp05_eegnet_large_demean_selected_epochs.json
17,2,preselected_group_cv,14,0.965555727481842,0.495,-0.010000000000000009,/mnt/helongfei/NPFEEGNet-RD-reviewer-controls-20260925/results/hp05_eegnet_large_demean_selected_epochs.json
18,2,preselected_group_cv,2,0.6948931664228439,0.525,0.050000000000000044,/mnt/helongfei/NPFEEGNet-RD-reviewer-controls-20260925/results/hp05_eegnet_large_demean_selected_epochs.json
19,2,preselected_group_cv,2,0.7078912258148193,0.505,0.010000000000000009,/mnt/helongfei/NPFEEGNet-RD-reviewer-controls-20260925/results/hp05_eegnet_large_demean_selected_epochs.json
20,2,preselected_group_cv,16,0.7472794204950333,0.57,0.14,/mnt/helongfei/NPFEEGNet-RD-reviewer-controls-20260925/results/hp05_eegnet_large_demean_selected_epochs.json
21,2,preselected_group_cv,19,0.7126734256744385,0.58,0.16000000000000003,/mnt/helongfei/NPFEEGNet-RD-reviewer-controls-20260925/results/hp05_eegnet_large_demean_selected_epochs.json
22,2,preselected_group_cv,6,0.6976632922887802,0.565,0.13,/mnt/helongfei/NPFEEGNet-RD-reviewer-controls-20260925/results/hp05_eegnet_large_demean_selected_epochs.json
23,2,preselected_group_cv,24,0.8624101430177689,0.515,0.030000000000000027,/mnt/helongfei/NPFEEGNet-RD-reviewer-controls-20260925/results/hp05_eegnet_large_demean_selected_epochs.json
24,2,preselected_group_cv,10,0.9171260595321655,0.535,0.06999999999999995,/mnt/helongfei/NPFEEGNet-RD-reviewer-controls-20260925/results/hp05_eegnet_large_demean_selected_epochs.json
25,2,preselected_group_cv,9,0.22414239682257175,0.89,0.78,/mnt/helongfei/NPFEEGNet-RD-reviewer-controls-20260925/results/hp05_eegnet_large_demean_selected_epochs.json
26,2,preselected_group_cv,76,0.974525585770607,0.66,0.31999999999999995,/mnt/helongfei/NPFEEGNet-RD-reviewer-controls-20260925/results/hp05_eegnet_large_demean_selected_epochs.json
27,2,preselected_group_cv,53,0.6233662068843842,0.775,0.55,/mnt/helongfei/NPFEEGNet-RD-reviewer-controls-20260925/results/hp05_eegnet_large_demean_selected_epochs.json
28,2,preselected_group_cv,53,1.2761736512184143,0.61,0.21999999999999997,/mnt/helongfei/NPFEEGNet-RD-reviewer-controls-20260925/results/hp05_eegnet_large_demean_selected_epochs.json
29,2,preselected_group_cv,34,0.3186257928609848,0.85,0.7,/mnt/helongfei/NPFEEGNet-RD-reviewer-controls-20260925/results/hp05_eegnet_large_demean_selected_epochs.json
30,2,preselected_group_cv,100,2.795952320098877,0.57,0.14,/mnt/helongfei/NPFEEGNet-RD-reviewer-controls-20260925/results/hp05_eegnet_large_demean_selected_epochs.json
31,2,preselected_group_cv,22,0.6931994557380676,0.625,0.25,/mnt/helongfei/NPFEEGNet-RD-reviewer-controls-20260925/results/hp05_eegnet_large_demean_selected_epochs.json
32,2,preselected_group_cv,22,0.8119770437479019,0.49,-0.020000000000000018,/mnt/helongfei/NPFEEGNet-RD-reviewer-controls-20260925/results/hp05_eegnet_large_demean_selected_epochs.json
33,2,preselected_group_cv,64,0.6482003033161163,0.725,0.44999999999999996,/mnt/helongfei/NPFEEGNet-RD-reviewer-controls-20260925/results/hp05_eegnet_large_demean_selected_epochs.json
34,2,preselected_group_cv,9,0.7306254655122757,0.49,-0.020000000000000018,/mnt/helongfei/NPFEEGNet-RD-reviewer-controls-20260925/results/hp05_eegnet_large_demean_selected_epochs.json
35,2,preselected_group_cv,125,0.1947587628965266,0.945,0.89,/mnt/helongfei/NPFEEGNet-RD-reviewer-controls-20260925/results/hp05_eegnet_large_demean_selected_epochs.json
36,2,preselected_group_cv,116,0.04324089037254453,0.985,0.97,/mnt/helongfei/NPFEEGNet-RD-reviewer-controls-20260925/results/hp05_eegnet_large_demean_selected_epochs.json
37,2,preselected_group_cv,6,0.7996134757995605,0.475,-0.050000000000000044,/mnt/helongfei/NPFEEGNet-RD-reviewer-controls-20260925/results/hp05_eegnet_large_demean_selected_epochs.json
38,2,preselected_group_cv,84,0.7823024541139603,0.71,0.42000000000000004,/mnt/helongfei/NPFEEGNet-RD-reviewer-controls-20260925/results/hp05_eegnet_large_demean_selected_epochs.json
39,2,preselected_group_cv,91,1.802688181400299,0.55,0.09999999999999998,/mnt/helongfei/NPFEEGNet-RD-reviewer-controls-20260925/results/hp05_eegnet_large_demean_selected_epochs.json
40,2,preselected_group_cv,60,0.9458665400743484,0.575,0.15000000000000002,/mnt/helongfei/NPFEEGNet-RD-reviewer-controls-20260925/results/hp05_eegnet_large_demean_selected_epochs.json
41,2,preselected_group_cv,66,1.5203575491905212,0.57,0.14,/mnt/helongfei/NPFEEGNet-RD-reviewer-controls-20260925/results/hp05_eegnet_large_demean_selected_epochs.json
42,2,preselected_group_cv,53,0.9616138935089111,0.54,0.07999999999999996,/mnt/helongfei/NPFEEGNet-RD-reviewer-controls-20260925/results/hp05_eegnet_large_demean_selected_epochs.json
43,2,preselected_group_cv,64,0.8778902590274811,0.76,0.52,/mnt/helongfei/NPFEEGNet-RD-reviewer-controls-20260925/results/hp05_eegnet_large_demean_selected_epochs.json
44,2,preselected_group_cv,60,0.5776782035827637,0.775,0.55,/mnt/helongfei/NPFEEGNet-RD-reviewer-controls-20260925/results/hp05_eegnet_large_demean_selected_epochs.json
45,2,preselected_group_cv,109,0.7198000401258469,0.765,0.53,/mnt/helongfei/NPFEEGNet-RD-reviewer-controls-20260925/results/hp05_eegnet_large_demean_selected_epochs.json
46,2,preselected_group_cv,1,0.6726720780134201,0.615,0.22999999999999998,/mnt/helongfei/NPFEEGNet-RD-reviewer-controls-20260925/results/hp05_eegnet_large_demean_selected_epochs.json
47,2,preselected_group_cv,4,0.8278891742229462,0.5,0.0,/mnt/helongfei/NPFEEGNet-RD-reviewer-controls-20260925/results/hp05_eegnet_large_demean_selected_epochs.json
48,2,preselected_group_cv,48,1.0460209548473358,0.63,0.26,/mnt/helongfei/NPFEEGNet-RD-reviewer-controls-20260925/results/hp05_eegnet_large_demean_selected_epochs.json
49,2,preselected_group_cv,18,0.7725243866443634,0.54,0.07999999999999996,/mnt/helongfei/NPFEEGNet-RD-reviewer-controls-20260925/results/hp05_eegnet_large_demean_selected_epochs.json
50,2,preselected_group_cv,12,0.8675608783960342,0.475,-0.050000000000000044,/mnt/helongfei/NPFEEGNet-RD-reviewer-controls-20260925/results/hp05_eegnet_large_demean_selected_epochs.json
51,2,preselected_group_cv,58,1.359856367111206,0.53,0.06000000000000005,/mnt/helongfei/NPFEEGNet-RD-reviewer-controls-20260925/results/hp05_eegnet_large_demean_selected_epochs.json
52,2,preselected_group_cv,44,0.750173881649971,0.65,0.30000000000000004,/mnt/helongfei/NPFEEGNet-RD-reviewer-controls-20260925/results/hp05_eegnet_large_demean_selected_epochs.json
53,2,preselected_group_cv,24,1.213147148489952,0.515,0.030000000000000027,/mnt/helongfei/NPFEEGNet-RD-reviewer-controls-20260925/results/hp05_eegnet_large_demean_selected_epochs.json
54,2,preselected_group_cv,3,0.7352481633424759,0.53,0.06000000000000005,/mnt/helongfei/NPFEEGNet-RD-reviewer-controls-20260925/results/hp05_eegnet_large_demean_selected_epochs.json
