subject,seed,selection_strategy,cv_epoch_aggregation,cv_num_folds,cv_group_partitions,cv_mean_peak_val_accuracy,cv_weighted_peak_val_accuracy,cv_mean_peak_val_loss,cv_weighted_peak_val_loss,best_val_accuracy,best_val_loss,best_val_epoch,cv_val_accuracy_std,cv_fold_epochs,cv_fold_accuracies
1,0,group_cv,median,2,0|1,0.565,0.565,1.3926861882209778,1.3926861882209778,0.565,1.3926861882209778,42,0.004999999999999949,52;32,0.570000;0.560000
2,0,group_cv,median,2,0|1,0.62,0.62,0.9631006270647049,0.9631006270647049,0.62,0.9631006270647049,40,0.010000000000000009,71;10,0.630000;0.610000
3,0,group_cv,median,2,0|1,0.71,0.71,1.1616974622011185,1.1616974622011185,0.71,1.1616974622011185,103,0.010000000000000009,71;135,0.700000;0.720000
4,0,group_cv,median,2,0|1,0.6699999999999999,0.6699999999999999,0.8894347697496414,0.8894347697496414,0.6699999999999999,0.8894347697496414,46,0.02999999999999997,20;72,0.640000;0.700000
5,0,group_cv,median,2,0|1,0.625,0.625,0.9639580100774765,0.9639580100774765,0.625,0.9639580100774765,21,0.025000000000000022,22;20,0.650000;0.600000
6,0,group_cv,median,2,0|1,0.715,0.715,0.6309231147170067,0.6309231147170067,0.715,0.6309231147170067,14,0.015000000000000013,13;15,0.730000;0.700000
7,0,group_cv,median,2,0|1,0.81,0.81,0.622004184871912,0.622004184871912,0.81,0.622004184871912,92,0.10000000000000003,67;118,0.710000;0.910000
8,0,group_cv,median,2,0|1,0.775,0.775,0.8276876583695412,0.8276876583695412,0.775,0.8276876583695412,38,0.10499999999999998,43;34,0.670000;0.880000
9,0,group_cv,median,2,0|1,0.5700000000000001,0.5700000000000001,0.9085170775651932,0.9085170775651932,0.5700000000000001,0.9085170775651932,12,0.019999999999999962,22;1,0.550000;0.590000
10,0,group_cv,median,2,0|1,0.55,0.55,0.9745668172836304,0.9745668172836304,0.55,0.9745668172836304,59,0.010000000000000009,1;117,0.540000;0.560000
11,0,group_cv,median,2,0|1,0.525,0.525,0.7797061949968338,0.7797061949968338,0.525,0.7797061949968338,8,0.0050000000000000044,2;13,0.530000;0.520000
12,0,group_cv,median,2,0|1,0.63,0.63,0.9442980289459229,0.9442980289459229,0.63,0.9442980289459229,64,0.08999999999999997,7;120,0.540000;0.720000
13,0,group_cv,median,2,0|1,0.63,0.63,1.1788941025733948,1.1788941025733948,0.63,1.1788941025733948,58,0.010000000000000009,37;79,0.640000;0.620000
14,0,group_cv,median,2,0|1,0.675,0.675,0.8327733799815178,0.8327733799815178,0.675,0.8327733799815178,32,0.014999999999999958,45;20,0.690000;0.660000
15,0,group_cv,median,2,0|1,0.9,0.9,0.31520333513617516,0.31520333513617516,0.9,0.31520333513617516,13,0.010000000000000009,9;17,0.910000;0.890000
16,0,group_cv,median,2,0|1,0.655,0.655,0.9124349504709244,0.9124349504709244,0.655,0.9124349504709244,27,0.025000000000000022,32;22,0.680000;0.630000
17,0,group_cv,median,2,0|1,0.6,0.6,0.8428813368082047,0.8428813368082047,0.6,0.8428813368082047,18,0.030000000000000027,6;29,0.570000;0.630000
18,0,group_cv,median,2,0|1,0.515,0.515,0.8419849425554276,0.8419849425554276,0.515,0.8419849425554276,15,0.015000000000000013,24;6,0.500000;0.530000
19,0,group_cv,median,2,0|1,0.575,0.575,1.1009467542171478,1.1009467542171478,0.575,1.1009467542171478,36,0.024999999999999967,3;69,0.550000;0.600000
20,0,group_cv,median,2,0|1,0.52,0.52,0.9959165155887604,0.9959165155887604,0.52,0.9959165155887604,16,0.010000000000000009,23;9,0.530000;0.510000
21,0,group_cv,median,2,0|1,0.635,0.635,1.1364034414291382,1.1364034414291382,0.635,1.1364034414291382,62,0.0050000000000000044,40;83,0.640000;0.630000
22,0,group_cv,median,2,0|1,0.5549999999999999,0.5549999999999999,0.8079503178596497,0.8079503178596497,0.5549999999999999,0.8079503178596497,32,0.04499999999999999,1;62,0.510000;0.600000
23,0,group_cv,median,2,0|1,0.56,0.56,0.6886221915483475,0.6886221915483475,0.56,0.6886221915483475,2,0.04999999999999999,1;2,0.610000;0.510000
24,0,group_cv,median,2,0|1,0.605,0.605,0.6920180320739746,0.6920180320739746,0.605,0.6920180320739746,2,0.025000000000000022,4;1,0.580000;0.630000
25,0,group_cv,median,2,0|1,0.615,0.615,1.0206394493579865,1.0206394493579865,0.615,1.0206394493579865,51,0.015000000000000013,100;2,0.630000;0.600000
26,0,group_cv,median,2,0|1,0.65,0.65,0.8823361992835999,0.8823361992835999,0.65,0.8823361992835999,26,0.0,34;19,0.650000;0.650000
27,0,group_cv,median,2,0|1,0.6699999999999999,0.6699999999999999,0.7926018387079239,0.7926018387079239,0.6699999999999999,0.7926018387079239,17,0.019999999999999962,18;16,0.690000;0.650000
28,0,group_cv,median,2,0|1,0.88,0.88,0.5028471127152443,0.5028471127152443,0.88,0.5028471127152443,26,0.010000000000000009,7;45,0.870000;0.890000
29,0,group_cv,median,2,0|1,0.86,0.86,0.3237880142405629,0.3237880142405629,0.86,0.3237880142405629,53,0.09999999999999998,17;89,0.760000;0.960000
30,0,group_cv,median,2,0|1,0.72,0.72,0.7109478265047073,0.7109478265047073,0.72,0.7109478265047073,24,0.04999999999999999,19;30,0.670000;0.770000
31,0,group_cv,median,2,0|1,0.765,0.765,0.8383835852146149,0.8383835852146149,0.765,0.8383835852146149,90,0.015000000000000013,79;100,0.750000;0.780000
32,0,group_cv,median,2,0|1,0.51,0.51,0.8692901432514191,0.8692901432514191,0.51,0.8692901432514191,11,0.020000000000000018,1;21,0.490000;0.530000
33,0,group_cv,median,2,0|1,0.6399999999999999,0.6399999999999999,1.1670307219028473,1.1670307219028473,0.6399999999999999,1.1670307219028473,52,0.07,85;20,0.710000;0.570000
34,0,group_cv,median,2,0|1,0.595,0.595,0.7228051275014877,0.7228051275014877,0.595,0.7228051275014877,5,0.015000000000000013,6;4,0.610000;0.580000
35,0,group_cv,median,2,0|1,0.99,0.99,0.041594017448005616,0.041594017448005616,0.99,0.041594017448005616,150,0.010000000000000009,18;281,0.980000;1.000000
36,0,group_cv,median,2,0|1,0.74,0.74,0.6355937793850899,0.6355937793850899,0.74,0.6355937793850899,73,0.13,12;134,0.610000;0.870000
37,0,group_cv,median,2,0|1,0.645,0.645,0.9851539731025696,0.9851539731025696,0.645,0.9851539731025696,14,0.0050000000000000044,27;1,0.650000;0.640000
38,0,group_cv,median,2,0|1,0.615,0.615,0.8326555043458939,0.8326555043458939,0.615,0.8326555043458939,28,0.015000000000000013,2;55,0.600000;0.630000
39,0,group_cv,median,2,0|1,0.625,0.625,0.7090277969837189,0.7090277969837189,0.625,0.7090277969837189,6,0.015000000000000013,12;1,0.640000;0.610000
40,0,group_cv,median,2,0|1,0.63,0.63,1.5323157012462616,1.5323157012462616,0.63,1.5323157012462616,70,0.010000000000000009,65;74,0.640000;0.620000
41,0,group_cv,median,2,0|1,0.5800000000000001,0.5800000000000001,1.0713212490081787,1.0713212490081787,0.5800000000000001,1.0713212490081787,46,0.019999999999999962,4;89,0.560000;0.600000
42,0,group_cv,median,2,0|1,0.615,0.615,1.0461386144161224,1.0461386144161224,0.615,1.0461386144161224,32,0.015000000000000013,10;53,0.600000;0.630000
43,0,group_cv,median,2,0|1,0.6699999999999999,0.6699999999999999,1.01722951233387,1.01722951233387,0.6699999999999999,1.01722951233387,60,0.03999999999999998,90;29,0.710000;0.630000
44,0,group_cv,median,2,0|1,0.625,0.625,0.8380461782217026,0.8380461782217026,0.625,0.8380461782217026,24,0.05500000000000005,47;2,0.680000;0.570000
45,0,group_cv,median,2,0|1,0.63,0.63,0.9548792839050293,0.9548792839050293,0.63,0.9548792839050293,38,0.030000000000000027,37;39,0.660000;0.600000
46,0,group_cv,median,2,0|1,0.505,0.505,0.7010146230459213,0.7010146230459213,0.505,0.7010146230459213,1,0.025000000000000022,1;1,0.480000;0.530000
47,0,group_cv,median,2,0|1,0.56,0.56,1.1474754512310028,1.1474754512310028,0.56,1.1474754512310028,7,0.019999999999999962,9;5,0.540000;0.580000
48,0,group_cv,median,2,0|1,0.75,0.75,0.6990154162049294,0.6990154162049294,0.75,0.6990154162049294,26,0.07999999999999996,11;42,0.670000;0.830000
49,0,group_cv,median,2,0|1,0.605,0.605,0.9501917809247971,0.9501917809247971,0.605,0.9501917809247971,38,0.015000000000000013,2;74,0.590000;0.620000
50,0,group_cv,median,2,0|1,0.54,0.54,1.1695220321416855,1.1695220321416855,0.54,1.1695220321416855,23,0.0,45;1,0.540000;0.540000
51,0,group_cv,median,2,0|1,0.66,0.66,1.3058064579963684,1.3058064579963684,0.66,1.3058064579963684,94,0.020000000000000018,80;107,0.640000;0.680000
52,0,group_cv,median,2,0|1,0.64,0.64,1.1091251075267792,1.1091251075267792,0.64,1.1091251075267792,62,0.030000000000000027,28;95,0.610000;0.670000
53,0,group_cv,median,2,0|1,0.605,0.605,1.3720712065696716,1.3720712065696716,0.605,1.3720712065696716,88,0.065,28;149,0.540000;0.670000
54,0,group_cv,median,2,0|1,0.545,0.545,0.739304780960083,0.739304780960083,0.545,0.739304780960083,6,0.0050000000000000044,3;8,0.550000;0.540000
1,1,group_cv,median,2,0|1,0.56,0.56,0.6973288655281067,0.6973288655281067,0.56,0.6973288655281067,1,0.009999999999999953,1;1,0.550000;0.570000
2,1,group_cv,median,2,0|1,0.6,0.6,0.769932895898819,0.769932895898819,0.6,0.769932895898819,6,0.020000000000000018,1;11,0.620000;0.580000
3,1,group_cv,median,2,0|1,0.705,0.705,1.0168538391590118,1.0168538391590118,0.705,1.0168538391590118,57,0.0050000000000000044,41;73,0.700000;0.710000
4,1,group_cv,median,2,0|1,0.71,0.71,0.9096937030553818,0.9096937030553818,0.71,0.9096937030553818,50,0.0,64;35,0.710000;0.710000
5,1,group_cv,median,2,0|1,0.605,0.605,1.0308030545711517,1.0308030545711517,0.605,1.0308030545711517,25,0.015000000000000013,32;18,0.620000;0.590000
6,1,group_cv,median,2,0|1,0.745,0.745,0.914374515414238,0.914374515414238,0.745,0.914374515414238,66,0.025000000000000022,105;28,0.770000;0.720000
7,1,group_cv,median,2,0|1,0.81,0.81,0.580030519515276,0.580030519515276,0.81,0.580030519515276,92,0.11000000000000004,38;147,0.700000;0.920000
8,1,group_cv,median,2,0|1,0.76,0.76,0.8791133984923363,0.8791133984923363,0.76,0.8791133984923363,36,0.07999999999999996,46;27,0.680000;0.840000
9,1,group_cv,median,2,0|1,0.535,0.535,0.7048629075288773,0.7048629075288773,0.535,0.7048629075288773,2,0.015000000000000013,1;3,0.550000;0.520000
10,1,group_cv,median,2,0|1,0.53,0.53,0.9126674979925156,0.9126674979925156,0.53,0.9126674979925156,12,0.010000000000000009,14;10,0.520000;0.540000
11,1,group_cv,median,2,0|1,0.52,0.52,0.7030205577611923,0.7030205577611923,0.52,0.7030205577611923,2,0.0,1;2,0.520000;0.520000
12,1,group_cv,median,2,0|1,0.6499999999999999,0.6499999999999999,1.0059373676776886,1.0059373676776886,0.6499999999999999,1.0059373676776886,43,0.08000000000000002,11;75,0.570000;0.730000
13,1,group_cv,median,2,0|1,0.665,0.665,1.1501971632242203,1.1501971632242203,0.665,1.1501971632242203,62,0.015000000000000013,74;49,0.680000;0.650000
14,1,group_cv,median,2,0|1,0.635,0.635,1.2756021171808243,1.2756021171808243,0.635,1.2756021171808243,74,0.0050000000000000044,77;72,0.630000;0.640000
15,1,group_cv,median,2,0|1,0.9,0.9,0.3045578822493553,0.3045578822493553,0.9,0.3045578822493553,17,0.030000000000000027,20;14,0.930000;0.870000
16,1,group_cv,median,2,0|1,0.65,0.65,0.9841866493225098,0.9841866493225098,0.65,0.9841866493225098,32,0.010000000000000009,23;41,0.660000;0.640000
17,1,group_cv,median,2,0|1,0.61,0.61,0.7273001074790955,0.7273001074790955,0.61,0.7273001074790955,8,0.020000000000000018,9;8,0.590000;0.630000
18,1,group_cv,median,2,0|1,0.545,0.545,0.9963964372873306,0.9963964372873306,0.545,0.9963964372873306,20,0.015000000000000013,6;35,0.530000;0.560000
19,1,group_cv,median,2,0|1,0.515,0.515,1.1550266742706299,1.1550266742706299,0.515,1.1550266742706299,42,0.03500000000000003,3;80,0.480000;0.550000
20,1,group_cv,median,2,0|1,0.51,0.51,0.760692372918129,0.760692372918129,0.51,0.760692372918129,5,0.0,2;8,0.510000;0.510000
21,1,group_cv,median,2,0|1,0.66,0.66,1.042384296655655,1.042384296655655,0.66,1.042384296655655,41,0.010000000000000009,32;50,0.670000;0.650000
22,1,group_cv,median,2,0|1,0.56,0.56,0.7211183160543442,0.7211183160543442,0.56,0.7211183160543442,6,0.009999999999999953,1;12,0.570000;0.550000
23,1,group_cv,median,2,0|1,0.5800000000000001,0.5800000000000001,0.7960830330848694,0.7960830330848694,0.5800000000000001,0.7960830330848694,14,0.02999999999999997,27;1,0.610000;0.550000
24,1,group_cv,median,2,0|1,0.61,0.61,1.248300015926361,1.248300015926361,0.61,1.248300015926361,44,0.020000000000000018,67;20,0.590000;0.630000
25,1,group_cv,median,2,0|1,0.57,0.57,0.8788074404001236,0.8788074404001236,0.57,0.8788074404001236,16,0.0,28;3,0.570000;0.570000
26,1,group_cv,median,2,0|1,0.665,0.665,0.7178764939308167,0.7178764939308167,0.665,0.7178764939308167,18,0.015000000000000013,21;16,0.680000;0.650000
27,1,group_cv,median,2,0|1,0.71,0.71,0.79679836332798,0.79679836332798,0.71,0.79679836332798,28,0.03999999999999998,40;16,0.750000;0.670000
28,1,group_cv,median,2,0|1,0.855,0.855,0.4943166896700859,0.4943166896700859,0.855,0.4943166896700859,28,0.015000000000000013,35;20,0.840000;0.870000
29,1,group_cv,median,2,0|1,0.825,0.825,0.4937906600534916,0.4937906600534916,0.825,0.4937906600534916,94,0.08500000000000002,53;134,0.740000;0.910000
30,1,group_cv,median,2,0|1,0.725,0.725,0.7597071379423141,0.7597071379423141,0.725,0.7597071379423141,28,0.03500000000000003,21;36,0.690000;0.760000
31,1,group_cv,median,2,0|1,0.74,0.74,0.8615493774414062,0.8615493774414062,0.74,0.8615493774414062,72,0.010000000000000009,67;77,0.730000;0.750000
32,1,group_cv,median,2,0|1,0.53,0.53,0.9248094111680984,0.9248094111680984,0.53,0.9248094111680984,14,0.010000000000000009,1;27,0.540000;0.520000
33,1,group_cv,median,2,0|1,0.6,0.6,1.357551485300064,1.357551485300064,0.6,1.357551485300064,40,0.010000000000000009,25;54,0.610000;0.590000
34,1,group_cv,median,2,0|1,0.585,0.585,1.033097431063652,1.033097431063652,0.585,1.033097431063652,20,0.0050000000000000044,31;8,0.580000;0.590000
35,1,group_cv,median,2,0|1,0.99,0.99,0.038193622864127974,0.038193622864127974,0.99,0.038193622864127974,102,0.010000000000000009,16;187,0.980000;1.000000
36,1,group_cv,median,2,0|1,0.8600000000000001,0.8600000000000001,0.47654347866773605,0.47654347866773605,0.8600000000000001,0.47654347866773605,193,0.07,226;160,0.790000;0.930000
37,1,group_cv,median,2,0|1,0.62,0.62,0.7945279777050018,0.7945279777050018,0.62,0.7945279777050018,5,0.010000000000000009,9;1,0.630000;0.610000
38,1,group_cv,median,2,0|1,0.595,0.595,0.8926179707050323,0.8926179707050323,0.595,0.8926179707050323,24,0.025000000000000022,40;9,0.620000;0.570000
39,1,group_cv,median,2,0|1,0.615,0.615,0.7065508365631104,0.7065508365631104,0.615,0.7065508365631104,6,0.0050000000000000044,8;3,0.610000;0.620000
40,1,group_cv,median,2,0|1,0.56,0.56,0.7731169760227203,0.7731169760227203,0.56,0.7731169760227203,8,0.02999999999999997,14;1,0.590000;0.530000
41,1,group_cv,median,2,0|1,0.585,0.585,1.0217315256595612,1.0217315256595612,0.585,1.0217315256595612,24,0.024999999999999967,18;30,0.560000;0.610000
42,1,group_cv,median,2,0|1,0.605,0.605,0.9056170433759689,0.9056170433759689,0.605,0.9056170433759689,18,0.0050000000000000044,1;36,0.600000;0.610000
43,1,group_cv,median,2,0|1,0.73,0.73,1.1003748178482056,1.1003748178482056,0.73,1.1003748178482056,111,0.020000000000000018,143;79,0.750000;0.710000
44,1,group_cv,median,2,0|1,0.6950000000000001,0.6950000000000001,0.8919189870357513,0.8919189870357513,0.6950000000000001,0.8919189870357513,55,0.034999999999999976,53;57,0.730000;0.660000
45,1,group_cv,median,2,0|1,0.675,0.675,0.8846089988946915,0.8846089988946915,0.675,0.8846089988946915,42,0.05499999999999999,52;31,0.730000;0.620000
46,1,group_cv,median,2,0|1,0.515,0.515,0.6968951374292374,0.6968951374292374,0.515,0.6968951374292374,1,0.025000000000000022,1;1,0.540000;0.490000
47,1,group_cv,median,2,0|1,0.5549999999999999,0.5549999999999999,1.81600521504879,1.81600521504879,0.5549999999999999,1.81600521504879,22,0.014999999999999958,38;5,0.570000;0.540000
48,1,group_cv,median,2,0|1,0.73,0.73,0.9818485826253891,0.9818485826253891,0.73,0.9818485826253891,22,0.08999999999999997,14;29,0.640000;0.820000
49,1,group_cv,median,2,0|1,0.605,0.605,0.8797427862882614,0.8797427862882614,0.605,0.8797427862882614,24,0.025000000000000022,9;38,0.580000;0.630000
50,1,group_cv,median,2,0|1,0.51,0.51,0.7053302973508835,0.7053302973508835,0.51,0.7053302973508835,2,0.030000000000000027,3;2,0.540000;0.480000
51,1,group_cv,median,2,0|1,0.69,0.69,1.108009397983551,1.108009397983551,0.69,1.108009397983551,85,0.009999999999999953,101;69,0.700000;0.680000
52,1,group_cv,median,2,0|1,0.61,0.61,0.890742838382721,0.890742838382721,0.61,0.890742838382721,24,0.010000000000000009,33;14,0.620000;0.600000
53,1,group_cv,median,2,0|1,0.525,0.525,0.8264967203140259,0.8264967203140259,0.525,0.8264967203140259,9,0.0050000000000000044,2;16,0.520000;0.530000
54,1,group_cv,median,2,0|1,0.5900000000000001,0.5900000000000001,0.6960752755403519,0.6960752755403519,0.5900000000000001,0.6960752755403519,2,0.04999999999999999,1;4,0.640000;0.540000
1,2,group_cv,median,2,0|1,0.56,0.56,0.831272304058075,0.831272304058075,0.56,0.831272304058075,14,0.03999999999999998,7;21,0.520000;0.600000
2,2,group_cv,median,2,0|1,0.615,0.615,1.0263479948043823,1.0263479948043823,0.615,1.0263479948043823,32,0.03500000000000003,50;15,0.580000;0.650000
3,2,group_cv,median,2,0|1,0.71,0.71,1.2613276094198227,1.2613276094198227,0.71,1.2613276094198227,105,0.0,142;68,0.710000;0.710000
4,2,group_cv,median,2,0|1,0.685,0.685,0.9354984015226364,0.9354984015226364,0.685,0.9354984015226364,44,0.014999999999999958,59;30,0.670000;0.700000
5,2,group_cv,median,2,0|1,0.62,0.62,1.2356350868940353,1.2356350868940353,0.62,1.2356350868940353,61,0.030000000000000027,80;42,0.650000;0.590000
6,2,group_cv,median,2,0|1,0.75,0.75,0.691323921084404,0.691323921084404,0.75,0.691323921084404,58,0.040000000000000036,96;19,0.790000;0.710000
7,2,group_cv,median,2,0|1,0.7749999999999999,0.7749999999999999,0.6747578456997871,0.6747578456997871,0.7749999999999999,0.6747578456997871,86,0.08500000000000002,55;117,0.690000;0.860000
8,2,group_cv,median,2,0|1,0.78,0.78,0.730434462428093,0.730434462428093,0.78,0.730434462428093,52,0.07,20;84,0.710000;0.850000
9,2,group_cv,median,2,0|1,0.5700000000000001,0.5700000000000001,1.1428365260362625,1.1428365260362625,0.5700000000000001,1.1428365260362625,28,0.009999999999999953,53;2,0.580000;0.560000
10,2,group_cv,median,2,0|1,0.53,0.53,1.4620623141527176,1.4620623141527176,0.53,1.4620623141527176,55,0.030000000000000027,108;2,0.560000;0.500000
11,2,group_cv,median,2,0|1,0.525,0.525,0.7097837179899216,0.7097837179899216,0.525,0.7097837179899216,2,0.0050000000000000044,2;1,0.530000;0.520000
12,2,group_cv,median,2,0|1,0.5449999999999999,0.5449999999999999,0.9386287182569504,0.9386287182569504,0.5449999999999999,0.9386287182569504,40,0.04499999999999999,1;80,0.500000;0.590000
13,2,group_cv,median,2,0|1,0.63,0.63,1.3128773272037506,1.3128773272037506,0.63,1.3128773272037506,62,0.040000000000000036,73;50,0.670000;0.590000
14,2,group_cv,median,2,0|1,0.64,0.64,0.9799313396215439,0.9799313396215439,0.64,0.9799313396215439,45,0.030000000000000027,64;26,0.610000;0.670000
15,2,group_cv,median,2,0|1,0.88,0.88,0.35847024619579315,0.35847024619579315,0.88,0.35847024619579315,28,0.0,18;37,0.880000;0.880000
16,2,group_cv,median,2,0|1,0.65,0.65,0.8563389778137207,0.8563389778137207,0.65,0.8563389778137207,17,0.010000000000000009,21;13,0.640000;0.660000
17,2,group_cv,median,2,0|1,0.595,0.595,0.8038455992937088,0.8038455992937088,0.595,0.8038455992937088,15,0.025000000000000022,2;28,0.570000;0.620000
18,2,group_cv,median,2,0|1,0.54,0.54,0.7055231928825378,0.7055231928825378,0.54,0.7055231928825378,2,0.010000000000000009,2;3,0.550000;0.530000
19,2,group_cv,median,2,0|1,0.535,0.535,0.7064864784479141,0.7064864784479141,0.535,0.7064864784479141,2,0.025000000000000022,3;1,0.510000;0.560000
20,2,group_cv,median,2,0|1,0.56,0.56,0.8741220831871033,0.8741220831871033,0.56,0.8741220831871033,17,0.0,1;33,0.560000;0.560000
21,2,group_cv,median,2,0|1,0.655,0.655,0.7792637348175049,0.7792637348175049,0.655,0.7792637348175049,19,0.04499999999999999,33;5,0.700000;0.610000
22,2,group_cv,median,2,0|1,0.565,0.565,0.7174803763628006,0.7174803763628006,0.565,0.7174803763628006,6,0.034999999999999976,1;11,0.600000;0.530000
23,2,group_cv,median,2,0|1,0.5549999999999999,0.5549999999999999,0.709234431385994,0.709234431385994,0.5549999999999999,0.709234431385994,4,0.034999999999999976,2;5,0.590000;0.520000
24,2,group_cv,median,2,0|1,0.59,0.59,0.8171155154705048,0.8171155154705048,0.59,0.8171155154705048,12,0.0,2;21,0.590000;0.590000
25,2,group_cv,median,2,0|1,0.575,0.575,0.7685958594083786,0.7685958594083786,0.575,0.7685958594083786,8,0.014999999999999958,7;10,0.590000;0.560000
26,2,group_cv,median,2,0|1,0.625,0.625,0.9466818124055862,0.9466818124055862,0.625,0.9466818124055862,40,0.0050000000000000044,18;61,0.620000;0.630000
27,2,group_cv,median,2,0|1,0.6950000000000001,0.6950000000000001,0.8200241923332214,0.8200241923332214,0.6950000000000001,0.8200241923332214,44,0.024999999999999967,71;16,0.720000;0.670000
28,2,group_cv,median,2,0|1,0.845,0.845,0.6134727224707603,0.6134727224707603,0.845,0.6134727224707603,42,0.025000000000000022,16;69,0.820000;0.870000
29,2,group_cv,median,2,0|1,0.855,0.855,0.3630538070574403,0.3630538070574403,0.855,0.3630538070574403,36,0.10499999999999998,19;54,0.750000;0.960000
30,2,group_cv,median,2,0|1,0.7150000000000001,0.7150000000000001,1.0978768914937973,1.0978768914937973,0.7150000000000001,1.0978768914937973,98,0.04499999999999999,83;112,0.670000;0.760000
31,2,group_cv,median,2,0|1,0.6799999999999999,0.6799999999999999,0.8397071361541748,0.8397071361541748,0.6799999999999999,0.8397071361541748,44,0.019999999999999962,72;16,0.700000;0.660000
32,2,group_cv,median,2,0|1,0.485,0.485,1.0444582104682922,1.0444582104682922,0.485,1.0444582104682922,24,0.024999999999999994,1;46,0.460000;0.510000
33,2,group_cv,median,2,0|1,0.595,0.595,1.7344246804714203,1.7344246804714203,0.595,1.7344246804714203,64,0.065,58;71,0.660000;0.530000
34,2,group_cv,median,2,0|1,0.61,0.61,0.7806220650672913,0.7806220650672913,0.61,0.7806220650672913,10,0.0,10;9,0.610000;0.610000
35,2,group_cv,median,2,0|1,0.98,0.98,0.0648550433525088,0.0648550433525088,0.98,0.0648550433525088,173,0.020000000000000018,92;254,0.960000;1.000000
36,2,group_cv,median,2,0|1,0.865,0.865,0.4983651898801327,0.4983651898801327,0.865,0.4983651898801327,168,0.05499999999999999,224;113,0.810000;0.920000
37,2,group_cv,median,2,0|1,0.605,0.605,0.7265712171792984,0.7265712171792984,0.605,0.7265712171792984,5,0.025000000000000022,6;4,0.580000;0.630000
38,2,group_cv,median,2,0|1,0.605,0.605,1.2555628567934036,1.2555628567934036,0.605,1.2555628567934036,61,0.015000000000000013,38;84,0.590000;0.620000
39,2,group_cv,median,2,0|1,0.625,0.625,1.5742795169353485,1.5742795169353485,0.625,1.5742795169353485,154,0.0050000000000000044,137;172,0.620000;0.630000
40,2,group_cv,median,2,0|1,0.5700000000000001,0.5700000000000001,1.5490973591804504,1.5490973591804504,0.5700000000000001,1.5490973591804504,60,0.009999999999999953,30;90,0.580000;0.560000
41,2,group_cv,median,2,0|1,0.5700000000000001,0.5700000000000001,1.2164355516433716,1.2164355516433716,0.5700000000000001,1.2164355516433716,40,0.009999999999999953,31;50,0.560000;0.580000
42,2,group_cv,median,2,0|1,0.585,0.585,0.8386209011077881,0.8386209011077881,0.585,0.8386209011077881,22,0.0050000000000000044,17;27,0.580000;0.590000
43,2,group_cv,median,2,0|1,0.705,0.705,1.2113841027021408,1.2113841027021408,0.705,1.2113841027021408,112,0.015000000000000013,173;50,0.720000;0.690000
44,2,group_cv,median,2,0|1,0.6699999999999999,0.6699999999999999,1.034202516078949,1.034202516078949,0.6699999999999999,1.034202516078949,52,0.07,75;30,0.740000;0.600000
45,2,group_cv,median,2,0|1,0.645,0.645,1.1052356660366058,1.1052356660366058,0.645,1.1052356660366058,94,0.015000000000000013,126;61,0.660000;0.630000
46,2,group_cv,median,2,0|1,0.53,0.53,0.7001366317272186,0.7001366317272186,0.53,0.7001366317272186,1,0.010000000000000009,1;1,0.520000;0.540000
47,2,group_cv,median,2,0|1,0.5449999999999999,0.5449999999999999,0.8340374231338501,0.8340374231338501,0.5449999999999999,0.8340374231338501,6,0.034999999999999976,4;8,0.510000;0.580000
48,2,group_cv,median,2,0|1,0.7250000000000001,0.7250000000000001,1.0410551875829697,1.0410551875829697,0.7250000000000001,1.0410551875829697,48,0.065,54;42,0.660000;0.790000
49,2,group_cv,median,2,0|1,0.625,0.625,0.8281707167625427,0.8281707167625427,0.625,0.8281707167625427,18,0.015000000000000013,7;28,0.610000;0.640000
50,2,group_cv,median,2,0|1,0.55,0.55,0.6851242631673813,0.6851242631673813,0.55,0.6851242631673813,1,0.019999999999999962,1;1,0.530000;0.570000
51,2,group_cv,median,2,0|1,0.6799999999999999,0.6799999999999999,1.3158695548772812,1.3158695548772812,0.6799999999999999,1.3158695548772812,130,0.009999999999999953,115;146,0.690000;0.670000
52,2,group_cv,median,2,0|1,0.56,0.56,0.7033081352710724,0.7033081352710724,0.56,0.7033081352710724,3,0.009999999999999953,4;2,0.550000;0.570000
53,2,group_cv,median,2,0|1,0.525,0.525,1.0608697980642319,1.0608697980642319,0.525,1.0608697980642319,24,0.015000000000000013,1;48,0.510000;0.540000
54,2,group_cv,median,2,0|1,0.56,0.56,0.6814355105161667,0.6814355105161667,0.56,0.6814355105161667,4,0.019999999999999962,5;2,0.580000;0.540000
