group,subjects,runs,trials,subject_macro_accuracy_pct,pooled_nll,pooled_ece10_pct,single_class_prediction_runs
bp830-20260929__bp830_nodemean_final,54,162,32400,66.49382716049382,0.5725251760035208,4.181737583544515,0
bp830-20260929__bp830_rd_final,54,162,32400,66.67592592592592,0.5704371411303462,4.215049091864516,0
common-duration-20260928__no_at_no,54,162,32400,66.59567901234567,0.8482111129884319,14.118377076438918,3
common-duration-20260928__no_at_rd,54,162,32400,66.91975308641973,0.8637864714542993,14.944972681410517,3
common-duration-20260928__rd_at_no,54,162,32400,70.33333333333334,0.6259170184258386,8.251457881228427,0
common-duration-20260928__rd_at_rd,54,162,32400,70.87654320987654,0.6282725571365687,8.95728768500281,0
component-author-20260926__fbcnet_author_training,54,162,32400,69.70679012345681,0.6538904258956726,12.465866717659393,0
component-author-20260926__no_spectral_prior,54,162,32400,64.94444444444446,0.6987018974003596,10.377453522181801,0
component-author-20260926__spectral_only,54,162,32400,67.26234567901234,0.810850067480854,15.99806414930909,2
methods-audit-20260928__current_nodemean,54,162,32400,66.44753086419755,0.8448982746584344,14.171939800182976,3
methods-audit-20260928__current_rd,54,162,32400,70.77160493827161,0.6306650451361602,8.646129242615933,0
methods-audit-20260928__fft_reflect_nodemean,54,162,32400,66.69444444444446,0.8271120021607493,13.854696821651341,3
methods-audit-20260928__fft_reflect_rd,54,162,32400,70.92283950617283,0.6174073570250371,8.147204064476636,0
methods-audit-20260928__raw_reflect_nodemean,54,162,32400,66.94753086419753,0.8318042414294123,14.063218781425629,3
methods-audit-20260928__raw_reflect_rd,54,162,32400,70.9506172839506,0.6270958718429155,8.84266144460366,0
openbmi-fbcnet-audit-20260922__final_gpu1,27,81,16200,66.05555555555556,0.6183916464037589,8.295397747078063,0
openbmi-fbcnet-audit-20260922__final_gpu2,27,81,16200,68.24691358024691,0.5722613473935998,7.058053493131826,0
paper-20260917__openbmi_atcnet_final_demean_3seed,54,162,32400,60.817901234567906,0.786524710853381,14.959275779900727,0
paper-20260917__openbmi_baseline_final_eegnet_demean_3seed,54,162,32400,64.60493827160492,0.7152381651262164,9.88976242347264,0
paper-20260917__openbmi_eegconformer_final_demean_3seed,54,162,32400,62.299382716049365,1.0697128369502187,20.20350835794284,0
paper-20260917__openbmi_final_npf_nodemean_3seed,54,162,32400,66.45061728395063,0.8359492005605299,14.33605457695178,3
paper-20260917__openbmi_final_npf_raw_demean_3seed,54,162,32400,70.6358024691358,0.63633714176785,9.119184704842386,0
paper-20260917__openbmi_preprocess_control_final_fulldemean_3seed,54,162,32400,70.4135802469136,0.6389648693182559,9.08887744152252,0
paper-20260917__openbmi_preprocess_control_final_highpass1hz_3seed,54,162,32400,64.5432098765432,0.6452531917507269,8.516863617264192,0
reviewer-controls-20260925__bnci2015_001_eegnet_demean_final,12,36,7200,67.34722222222223,0.6256743080392055,7.782602800263301,0
reviewer-controls-20260925__bnci2015_001_nodemean_final,12,36,7200,76.04166666666666,0.565473178052727,6.745135385957028,0
reviewer-controls-20260925__bnci2015_001_rd_final,12,36,7200,76.34722222222223,0.547712408409711,6.398065423799888,0
reviewer-controls-20260925__eegnet_large_final,54,162,32400,65.79938271604937,0.8486921895441368,16.111637723850613,0
reviewer-controls-20260925__fbcnet_hp05__output__final_gpu0,27,81,16200,65.67283950617285,0.6052239921620781,7.348288225171007,0
reviewer-controls-20260925__fbcnet_hp05__output__final_gpu1,27,81,16200,69.48765432098764,0.5378815843991936,5.459876196987838,0
reviewer-controls-20260925__hp05_eegnet_large_demean_final,54,162,32400,63.916666666666664,0.8302057900991662,15.219510459237629,0
reviewer-controls-20260925__hp05_eegnet_large_nodemean_final,54,162,32400,63.515432098765444,0.8338796675477834,14.912512270572748,0
reviewer-controls-20260925__hp05_eegnet_small_demean_final,54,162,32400,62.88888888888887,0.7028212704265464,9.325988813866802,0
reviewer-controls-20260925__hp05_eegnet_small_nodemean_final,54,162,32400,62.36728395061729,0.7106855072708425,9.636353788736427,0
reviewer-controls-20260925__hp05_nodemean_final,54,162,32400,68.91358024691357,0.6296431558839755,8.195356317324407,0
reviewer-controls-20260925__hp05_rd_final,54,162,32400,69.33024691358024,0.6293066984615014,8.396663609478207,0
zhou2016-20260927__zhou2016_eegnet_demean_final,4,12,1758,49.94816450004087,1.339679781536087,9.90390615861977,0
zhou2016-20260927__zhou2016_nodemean_final,4,12,1758,67.47968277328101,1.3020887866556978,8.879691660743257,0
zhou2016-20260927__zhou2016_rd_final,4,12,1758,65.95490965579266,1.2088338296000856,9.323694001760362,0
zhou2020-20260927__zhou2020_a_eegnet_demean_final,8,24,5754,31.976832399626513,2.7795493723739084,24.797082297454743,0
zhou2020-20260927__zhou2020_a_nodemean_final,8,24,5754,35.451242997198875,2.9381954330649527,27.094505568801175,0
zhou2020-20260927__zhou2020_a_rd_final,8,24,5754,36.44170168067227,3.0329103233014814,26.31264259552516,0
zhou2020-20260927__zhou2020_s_eegnet_demean_final,12,36,8637,37.20963117929645,2.8308942530867314,26.08830440171383,0
zhou2020-20260927__zhou2020_s_nodemean_final,12,36,8637,40.32276654269333,2.7885312288447,26.391733518087907,0
zhou2020-20260927__zhou2020_s_rd_final,12,36,8637,40.219519990702,2.771634106371642,26.683778212870163,0
