subject,core_seed0,core_seed1,core_seed2,sr_seed0,sr_seed1,sr_seed2,core_3seed_mean,sr_3seed_mean,delta_pp
B01,0.775,0.81875,0.7375,0.7875,0.83125,0.775,0.7770833333,0.7979166667,2.0833333333
B02,0.525,0.66875,0.65,0.6375,0.675,0.66875,0.6145833333,0.6604166667,4.5833333333
B03,0.69375,0.69375,0.74375,0.7125,0.70625,0.74375,0.7104166667,0.7208333333,1.0416666667
B04,0.99375,0.9875,1.0,1.0,0.99375,1.0,0.99375,0.9979166667,0.4166666667
B05,0.84375,0.81875,0.8625,0.8375,0.8125,0.86875,0.8416666667,0.8395833333,-0.2083333333
B06,0.75,0.8125,0.73125,0.7875,0.8125,0.775,0.7645833333,0.7916666667,2.7083333333
B07,0.9,0.86875,0.8875,0.91875,0.86875,0.90625,0.8854166667,0.8979166667,1.25
B08,0.86875,0.89375,0.88125,0.88125,0.89375,0.9125,0.88125,0.8958333333,1.4583333333
B09,0.75625,0.76875,0.7875,0.7875,0.7875,0.85625,0.7708333333,0.8104166667,3.9583333333
MEAN,0.7895833333,0.8145833333,0.8090277778,0.8166666667,0.8201388889,0.8340277778,0.8043981481,0.8236111111,1.9212962963
