subject,seed,retrain_epochs,core_test_accuracy,raw_demean_test_accuracy,test_accuracy_change,core_test_kappa,raw_demean_test_kappa,test_kappa_change,fused_nll,fused_ece,fused_min_class_share,fused_max_class_share,raw_test_accuracy,spectral_test_accuracy,source_summary
1,0,69,0.58125,0.9375,0.35624999999999996,0.44166666666666665,0.9166666666666666,0.475,0.22106881439685822,0.01913186702877286,0.2375,0.2625,0.9125,0.78125,C:\Users\Hacker\Desktop\EEG-CSANet\output\final_hgd_raw_demean_h01_h09_3seed_preselected\NPFEEGNet\2026-08-30--18-52\summary.csv
1,1,87,0.8875,0.9125,0.025000000000000022,0.85,0.8833333333333333,0.033333333333333326,0.2342519760131836,0.038576784171164044,0.2375,0.25625,0.9125,0.71875,C:\Users\Hacker\Desktop\EEG-CSANet\output\final_hgd_raw_demean_h01_h09_3seed_preselected\NPFEEGNet\2026-08-30--18-52\summary.csv
1,2,118,0.85625,0.925,0.06875000000000009,0.8083333333333333,0.9,0.09166666666666667,0.25567618012428284,0.06104809157550334,0.23125,0.26875,0.90625,0.8,C:\Users\Hacker\Desktop\EEG-CSANet\output\final_hgd_raw_demean_h01_h09_3seed_preselected\NPFEEGNet\2026-08-30--18-52\summary.csv
2,0,86,0.86875,0.95,0.08124999999999993,0.825,0.9333333333333333,0.10833333333333339,0.1677180528640747,0.05392107255756859,0.21875,0.2625,0.8125,0.83125,C:\Users\Hacker\Desktop\EEG-CSANet\output\final_hgd_raw_demean_h01_h09_3seed_preselected\NPFEEGNet\2026-08-30--18-52\summary.csv
2,1,109,0.875,0.85625,-0.018750000000000044,0.8333333333333334,0.8083333333333333,-0.025000000000000022,0.29541295766830444,0.04337339792400598,0.18125,0.30625,0.74375,0.825,C:\Users\Hacker\Desktop\EEG-CSANet\output\final_hgd_raw_demean_h01_h09_3seed_preselected\NPFEEGNet\2026-08-30--18-52\summary.csv
2,2,98,0.7625,0.925,0.1625000000000001,0.6833333333333333,0.9,0.21666666666666667,0.269600510597229,0.062270124815404435,0.2125,0.28125,0.725,0.775,C:\Users\Hacker\Desktop\EEG-CSANet\output\final_hgd_raw_demean_h01_h09_3seed_preselected\NPFEEGNet\2026-08-30--18-52\summary.csv
3,0,151,0.9625,0.975,0.012499999999999956,0.95,0.9666666666666667,0.01666666666666672,0.05671025440096855,0.015205041691660908,0.2375,0.2625,0.88125,0.94375,C:\Users\Hacker\Desktop\EEG-CSANet\output\final_hgd_raw_demean_h01_h09_3seed_preselected\NPFEEGNet\2026-08-30--18-52\summary.csv
3,1,115,0.96875,0.94375,-0.025000000000000022,0.9583333333333334,0.925,-0.033333333333333326,0.19991585612297058,0.03550099097192286,0.2375,0.2625,0.825,0.9125,C:\Users\Hacker\Desktop\EEG-CSANet\output\final_hgd_raw_demean_h01_h09_3seed_preselected\NPFEEGNet\2026-08-30--18-52\summary.csv
3,2,143,0.9875,0.9625,-0.025000000000000022,0.9833333333333333,0.95,-0.033333333333333326,0.14970140159130096,0.031186888553202136,0.24375,0.2625,0.85,0.96875,C:\Users\Hacker\Desktop\EEG-CSANet\output\final_hgd_raw_demean_h01_h09_3seed_preselected\NPFEEGNet\2026-08-30--18-52\summary.csv
4,0,243,0.9,0.95625,0.05625000000000002,0.8666666666666667,0.9416666666666667,0.07499999999999996,0.08761260658502579,0.024335452914237967,0.2125,0.26875,0.90625,0.95625,C:\Users\Hacker\Desktop\EEG-CSANet\output\final_hgd_raw_demean_h01_h09_3seed_preselected\NPFEEGNet\2026-08-30--18-52\summary.csv
4,1,224,0.9125,0.95625,0.04375000000000007,0.8833333333333333,0.9416666666666667,0.05833333333333335,0.15339024364948273,0.010362811386585217,0.21875,0.275,0.83125,0.9625,C:\Users\Hacker\Desktop\EEG-CSANet\output\final_hgd_raw_demean_h01_h09_3seed_preselected\NPFEEGNet\2026-08-30--18-52\summary.csv
4,2,226,0.8875,0.98125,0.09375,0.85,0.975,0.125,0.10007011890411377,0.019464937224984193,0.23125,0.2625,0.8875,0.925,C:\Users\Hacker\Desktop\EEG-CSANet\output\final_hgd_raw_demean_h01_h09_3seed_preselected\NPFEEGNet\2026-08-30--18-52\summary.csv
5,0,99,0.64375,0.95,0.3062499999999999,0.525,0.9333333333333333,0.4083333333333333,0.1193474754691124,0.027452637627720853,0.24375,0.25625,0.95,0.8375,C:\Users\Hacker\Desktop\EEG-CSANet\output\final_hgd_raw_demean_h01_h09_3seed_preselected\NPFEEGNet\2026-08-30--18-52\summary.csv
5,1,136,0.86875,0.9625,0.09375,0.825,0.95,0.125,0.13467033207416534,0.03580090776085855,0.24375,0.25625,0.925,0.9,C:\Users\Hacker\Desktop\EEG-CSANet\output\final_hgd_raw_demean_h01_h09_3seed_preselected\NPFEEGNet\2026-08-30--18-52\summary.csv
5,2,129,0.8875,0.95,0.0625,0.85,0.9333333333333333,0.08333333333333337,0.1964326798915863,0.03246647845953707,0.23125,0.26875,0.9,0.86875,C:\Users\Hacker\Desktop\EEG-CSANet\output\final_hgd_raw_demean_h01_h09_3seed_preselected\NPFEEGNet\2026-08-30--18-52\summary.csv
6,0,108,0.875,0.9,0.025000000000000022,0.8333333333333334,0.8666666666666667,0.033333333333333326,0.3182588219642639,0.04848429206758737,0.23125,0.28125,0.84375,0.81875,C:\Users\Hacker\Desktop\EEG-CSANet\output\final_hgd_raw_demean_h01_h09_3seed_preselected\NPFEEGNet\2026-08-30--18-52\summary.csv
6,1,120,0.88125,0.91875,0.03749999999999998,0.8416666666666667,0.8916666666666666,0.04999999999999993,0.270930677652359,0.040972770377993614,0.2375,0.2625,0.85625,0.81875,C:\Users\Hacker\Desktop\EEG-CSANet\output\final_hgd_raw_demean_h01_h09_3seed_preselected\NPFEEGNet\2026-08-30--18-52\summary.csv
6,2,134,0.66875,0.93125,0.26250000000000007,0.5583333333333333,0.9083333333333333,0.35,0.24870237708091736,0.07295330315828322,0.24375,0.25625,0.84375,0.7875,C:\Users\Hacker\Desktop\EEG-CSANet\output\final_hgd_raw_demean_h01_h09_3seed_preselected\NPFEEGNet\2026-08-30--18-52\summary.csv
7,0,122,0.34375,0.9,0.55625,0.125,0.8666666666666667,0.7416666666666667,0.34142476320266724,0.07283724676817652,0.24375,0.26875,0.8625,0.7875,C:\Users\Hacker\Desktop\EEG-CSANet\output\final_hgd_raw_demean_h01_h09_3seed_preselected\NPFEEGNet\2026-08-30--18-52\summary.csv
7,1,144,0.26875,0.86875,0.6000000000000001,0.025000000000000022,0.825,0.7999999999999999,0.4183425009250641,0.08254049532115455,0.1875,0.3125,0.8875,0.75,C:\Users\Hacker\Desktop\EEG-CSANet\output\final_hgd_raw_demean_h01_h09_3seed_preselected\NPFEEGNet\2026-08-30--18-52\summary.csv
7,2,58,0.475,0.85625,0.38125,0.30000000000000004,0.8083333333333333,0.5083333333333333,0.40229907631874084,0.06897742357105015,0.2125,0.28125,0.83125,0.70625,C:\Users\Hacker\Desktop\EEG-CSANet\output\final_hgd_raw_demean_h01_h09_3seed_preselected\NPFEEGNet\2026-08-30--18-52\summary.csv
8,0,160,0.9,0.91875,0.018749999999999933,0.8666666666666667,0.8916666666666666,0.02499999999999991,0.24777981638908386,0.05718129388988015,0.24375,0.2625,0.875,0.8875,C:\Users\Hacker\Desktop\EEG-CSANet\output\final_hgd_raw_demean_h01_h09_3seed_preselected\NPFEEGNet\2026-08-30--18-52\summary.csv
8,1,106,0.86875,0.925,0.05625000000000002,0.825,0.9,0.07500000000000007,0.2355642020702362,0.03923524990677831,0.23125,0.26875,0.90625,0.88125,C:\Users\Hacker\Desktop\EEG-CSANet\output\final_hgd_raw_demean_h01_h09_3seed_preselected\NPFEEGNet\2026-08-30--18-52\summary.csv
8,2,127,0.8375,0.925,0.08750000000000002,0.7833333333333333,0.9,0.1166666666666667,0.23044583201408386,0.03539187088608745,0.24375,0.2625,0.8875,0.91875,C:\Users\Hacker\Desktop\EEG-CSANet\output\final_hgd_raw_demean_h01_h09_3seed_preselected\NPFEEGNet\2026-08-30--18-52\summary.csv
9,0,104,0.9625,0.9625,0.0,0.95,0.95,0.0,0.18728065490722656,0.0291314532980323,0.23125,0.26875,0.93125,0.90625,C:\Users\Hacker\Desktop\EEG-CSANet\output\final_hgd_raw_demean_h01_h09_3seed_preselected\NPFEEGNet\2026-08-30--18-52\summary.csv
9,1,111,0.94375,0.95625,0.012500000000000067,0.925,0.9416666666666667,0.016666666666666607,0.19323661923408508,0.030532803013920737,0.225,0.26875,0.9375,0.8375,C:\Users\Hacker\Desktop\EEG-CSANet\output\final_hgd_raw_demean_h01_h09_3seed_preselected\NPFEEGNet\2026-08-30--18-52\summary.csv
9,2,76,0.9625,0.95,-0.012500000000000067,0.95,0.9333333333333333,-0.016666666666666607,0.23188218474388123,0.0274361647665501,0.2125,0.28125,0.925,0.8,C:\Users\Hacker\Desktop\EEG-CSANet\output\final_hgd_raw_demean_h01_h09_3seed_preselected\NPFEEGNet\2026-08-30--18-52\summary.csv
10,0,113,0.94375,0.9125,-0.03125,0.925,0.8833333333333333,-0.04166666666666674,0.33686915040016174,0.06233275700360535,0.2125,0.275,0.8,0.90625,C:\Users\Hacker\Desktop\EEG-CSANet\output\final_hgd_raw_demean_h10_h14_3seed_preselected\NPFEEGNet\2026-08-30--19-57\summary.csv
10,1,80,0.8875,0.84375,-0.043749999999999956,0.85,0.7916666666666666,-0.05833333333333335,0.446911096572876,0.07116074860095982,0.1625,0.3125,0.74375,0.9,C:\Users\Hacker\Desktop\EEG-CSANet\output\final_hgd_raw_demean_h10_h14_3seed_preselected\NPFEEGNet\2026-08-30--19-57\summary.csv
10,2,87,0.91875,0.8875,-0.03125,0.8916666666666666,0.85,-0.04166666666666663,0.3332652449607849,0.05810608863830563,0.18125,0.29375,0.7875,0.91875,C:\Users\Hacker\Desktop\EEG-CSANet\output\final_hgd_raw_demean_h10_h14_3seed_preselected\NPFEEGNet\2026-08-30--19-57\summary.csv
11,0,138,0.725,0.81875,0.09375,0.6333333333333333,0.7583333333333333,0.125,0.6188501119613647,0.11155561227351428,0.225,0.30625,0.725,0.75625,C:\Users\Hacker\Desktop\EEG-CSANet\output\final_hgd_raw_demean_h10_h14_3seed_preselected\NPFEEGNet\2026-08-30--19-57\summary.csv
11,1,92,0.83125,0.8,-0.03125,0.775,0.7333333333333334,-0.04166666666666663,0.5338892936706543,0.11214595288038251,0.21875,0.3125,0.71875,0.74375,C:\Users\Hacker\Desktop\EEG-CSANet\output\final_hgd_raw_demean_h10_h14_3seed_preselected\NPFEEGNet\2026-08-30--19-57\summary.csv
11,2,138,0.7875,0.80625,0.018750000000000044,0.7166666666666667,0.7416666666666667,0.025000000000000022,0.47929826378822327,0.09573904331773522,0.225,0.30625,0.7375,0.74375,C:\Users\Hacker\Desktop\EEG-CSANet\output\final_hgd_raw_demean_h10_h14_3seed_preselected\NPFEEGNet\2026-08-30--19-57\summary.csv
12,0,112,0.93125,0.94375,0.012499999999999956,0.9083333333333333,0.925,0.01666666666666672,0.1701750010251999,0.034633845835924194,0.225,0.26875,0.86875,0.93125,C:\Users\Hacker\Desktop\EEG-CSANet\output\final_hgd_raw_demean_h10_h14_3seed_preselected\NPFEEGNet\2026-08-30--19-57\summary.csv
12,1,144,0.93125,0.94375,0.012499999999999956,0.9083333333333333,0.925,0.01666666666666672,0.17526185512542725,0.04282650016248227,0.21875,0.275,0.925,0.9375,C:\Users\Hacker\Desktop\EEG-CSANet\output\final_hgd_raw_demean_h10_h14_3seed_preselected\NPFEEGNet\2026-08-30--19-57\summary.csv
12,2,127,0.91875,0.9375,0.018750000000000044,0.8916666666666666,0.9166666666666666,0.025000000000000022,0.2525450587272644,0.04233184047043321,0.21875,0.275,0.9,0.95,C:\Users\Hacker\Desktop\EEG-CSANet\output\final_hgd_raw_demean_h10_h14_3seed_preselected\NPFEEGNet\2026-08-30--19-57\summary.csv
13,0,187,0.925,0.94375,0.018749999999999933,0.9,0.925,0.025000000000000022,0.15762284398078918,0.03443809822201726,0.2375,0.2625,0.9,0.86875,C:\Users\Hacker\Desktop\EEG-CSANet\output\final_hgd_raw_demean_h10_h14_3seed_preselected\NPFEEGNet\2026-08-30--19-57\summary.csv
13,1,132,0.8,0.925,0.125,0.7333333333333334,0.9,0.16666666666666663,0.26263371109962463,0.052123083546757654,0.225,0.26875,0.9,0.83125,C:\Users\Hacker\Desktop\EEG-CSANet\output\final_hgd_raw_demean_h10_h14_3seed_preselected\NPFEEGNet\2026-08-30--19-57\summary.csv
13,2,87,0.94375,0.91875,-0.025000000000000022,0.925,0.8916666666666666,-0.03333333333333344,0.2085382491350174,0.029780613258481074,0.2375,0.25625,0.8875,0.79375,C:\Users\Hacker\Desktop\EEG-CSANet\output\final_hgd_raw_demean_h10_h14_3seed_preselected\NPFEEGNet\2026-08-30--19-57\summary.csv
14,0,148,0.6625,0.71875,0.05625000000000002,0.55,0.625,0.07499999999999996,1.6356003284454346,0.24078313112258912,0.13125,0.48125,0.68125,0.68125,C:\Users\Hacker\Desktop\EEG-CSANet\output\final_hgd_raw_demean_h10_h14_3seed_preselected\NPFEEGNet\2026-08-30--19-57\summary.csv
14,1,155,0.68125,0.7125,0.03125,0.575,0.6166666666666667,0.04166666666666674,1.827042579650879,0.2160676050931215,0.125,0.34375,0.675,0.6625,C:\Users\Hacker\Desktop\EEG-CSANet\output\final_hgd_raw_demean_h10_h14_3seed_preselected\NPFEEGNet\2026-08-30--19-57\summary.csv
14,2,129,0.64375,0.75,0.10624999999999996,0.525,0.6666666666666667,0.14166666666666672,1.6095466613769531,0.21718856878578666,0.1375,0.40625,0.725,0.66875,C:\Users\Hacker\Desktop\EEG-CSANet\output\final_hgd_raw_demean_h10_h14_3seed_preselected\NPFEEGNet\2026-08-30--19-57\summary.csv
