subject,seed,core_accuracy,raw_demean_accuracy,accuracy_change,core_fold_std,raw_demean_fold_std,selected_epoch,balanced_accuracy,nll,ece,min_predicted_class_share,max_predicted_class_share
1,0,0.921875,0.871875,-0.050000000000000044,0.02841287853538719,0.04448782605013049,69,0.871875,0.36180195212364197,0.048138510994613186,0.234375,0.26875
1,1,0.9375,0.921875,-0.015625,0.029901458530015253,0.025685058345704066,87,0.921875,0.2611722946166992,0.033366006147116434,0.225,0.26875
1,2,0.9249999999999999,0.9156249999999999,-0.009375000000000022,0.016404183070857933,0.02700308624336609,118,0.915625,0.30807843804359436,0.039656032808125005,0.23125,0.26875
2,0,0.8597785977859778,0.9028290282902829,0.043050430504305126,0.07874944583158457,0.0167003821435297,86,0.9028656614574816,0.3775022625923157,0.031647955726140244,0.23985239852398524,0.25953259532595324
2,1,0.8536285362853628,0.9188191881918819,0.06519065190651907,0.06364510986932899,0.02590523236193449,109,0.9188271587228267,0.3530994951725006,0.03743594657597654,0.24354243542435425,0.25338253382533826
2,2,0.8216482164821648,0.9040590405904059,0.08241082410824108,0.0751890383251934,0.025014735402532955,98,0.9041152992436305,0.33976855874061584,0.033370924978385244,0.24477244772447723,0.25953259532595324
3,0,0.9602272727272727,0.9556818181818183,-0.004545454545454408,0.014641089334936094,0.009173503342793694,151,0.9556818181818183,0.24409595131874084,0.03016526495868513,0.24431818181818182,0.25681818181818183
3,1,0.9545454545454546,0.9420454545454546,-0.012499999999999956,0.022292640165659048,0.00820209153542895,115,0.9420454545454545,0.17760173976421356,0.0282196099107916,0.22386363636363638,0.2772727272727273
3,2,0.9545454545454546,0.9522727272727273,-0.002272727272727315,0.005311478659992509,0.012842529172852038,143,0.9522727272727274,0.19523169100284576,0.027353594181212505,0.24545454545454545,0.2590909090909091
4,0,0.9464882943143813,0.9542920847268674,0.0078037904124861335,0.03189095894442245,0.03044091499208844,243,0.9543253968253969,0.21942861378192902,0.019844712521320234,0.24303232998885171,0.2564102564102564
4,1,0.9464882943143813,0.9431438127090301,-0.0033444816053511683,0.03646276542440028,0.027311547421128523,224,0.9431646825396824,0.24820391833782196,0.02439135332968722,0.24414715719063546,0.2608695652173913
4,2,0.9331103678929766,0.9476031215161651,0.01449275362318847,0.03832697298176721,0.027973950108558288,226,0.9476140873015872,0.20862078666687012,0.01752210427553228,0.241917502787068,0.2564102564102564
5,0,0.8277777777777777,0.9208333333333334,0.09305555555555567,0.10548243081137518,0.012266334536566462,99,0.9208333333333334,0.2793586850166321,0.03581199679109786,0.24305555555555555,0.25972222222222224
5,1,0.8527777777777777,0.9305555555555556,0.07777777777777783,0.054680610236193146,0.012880025688188483,136,0.9305555555555556,0.22355690598487854,0.031842481137977684,0.2388888888888889,0.25833333333333336
5,2,0.7944444444444444,0.9277777777777778,0.13333333333333341,0.1262132479204037,0.01934498371831131,129,0.9277777777777778,0.2807878851890564,0.04716417777041591,0.23472222222222222,0.2611111111111111
6,0,0.8318181818181818,0.8886363636363636,0.05681818181818177,0.09425532535631442,0.03403486320789681,108,0.8886363636363637,0.3426499664783478,0.039717476679520185,0.24431818181818182,0.25681818181818183
6,1,0.8090909090909091,0.8988636363636363,0.08977272727272723,0.1373640250786299,0.03706343098886914,120,0.8988636363636364,0.3170233368873596,0.03743214681744579,0.2375,0.25795454545454544
6,2,0.7954545454545454,0.8840909090909091,0.08863636363636374,0.08045821465553132,0.04678875811348776,134,0.8840909090909091,0.3468640148639679,0.041184825551780824,0.23977272727272728,0.26704545454545453
7,0,0.6818181818181819,0.9340909090909091,0.2522727272727272,0.1430993730089533,0.005892556509887875,122,0.9340909090909091,0.34485164284706116,0.04084407511082565,0.23977272727272728,0.2556818181818182
7,1,0.5840909090909092,0.9181818181818182,0.334090909090909,0.19435948044509918,0.005196746370519394,144,0.9181818181818182,0.3662465810775757,0.04108738760379225,0.24431818181818182,0.2545454545454545
7,2,0.5875,0.9215909090909091,0.3340909090909091,0.13030413142593242,0.011294066643951788,58,0.9215909090909091,0.3264918327331543,0.01797494746067305,0.23977272727272728,0.25681818181818183
8,0,0.9128440366972477,0.9296636085626911,0.016819571865443472,0.01914187614425617,0.005826007202053591,160,0.9297845279066288,0.2801676392555237,0.04167711680088565,0.2308868501529052,0.26299694189602446
8,1,0.9296636085626913,0.9159021406727829,-0.013761467889908396,0.0008804969497533371,0.017847092256598283,106,0.9160556636241208,0.28508514165878296,0.045719213806525646,0.24617737003058104,0.25688073394495414
8,2,0.934250764525994,0.9235474006116209,-0.010703363914373099,0.01368642897024121,0.008668714674801724,127,0.9236776148436332,0.2679073214530945,0.037690711905467716,0.2400611620795107,0.25688073394495414
9,0,0.9204545454545455,0.9386363636363636,0.018181818181818077,0.027669058073800757,0.013749298523071756,104,0.9386363636363637,0.2482943832874298,0.025460960953073108,0.24204545454545454,0.26022727272727275
9,1,0.9011363636363636,0.9397727272727272,0.03863636363636358,0.03964116146253494,0.006750771560841514,111,0.9397727272727272,0.27142563462257385,0.036458225040273226,0.23977272727272728,0.26022727272727275
9,2,0.9068181818181819,0.9306818181818182,0.02386363636363631,0.040525459723517884,0.00510310363079827,76,0.9306818181818182,0.28600433468818665,0.030818965997208268,0.24431818181818182,0.2556818181818182
