subject,core_mean,core_seed_std,raw_demean_mean,raw_demean_seed_std,mean_change,minimum_class_share
1,0.928125,0.006750771560841531,0.9031249999999998,0.02224391302506524,-0.025000000000000133,0.225
2,0.8450184501845017,0.016714897179696174,0.9085690856908569,0.00726529116304607,0.0635506355063552,0.23985239852398524
3,0.9564393939393939,0.0026784347772217426,0.9500000000000001,0.005794340356355436,-0.006439393939393856,0.22386363636363638
4,0.9420289855072465,0.006306414993859952,0.9483463396506876,0.004581504275710895,0.006317354143441145,0.241917502787068
5,0.8249999999999998,0.023895347964007302,0.9263888888888889,0.00408877817885547,0.10138888888888908,0.23472222222222222
6,0.8121212121212121,0.014999234752441921,0.890530303030303,0.006177843344810604,0.07840909090909087,0.2375
7,0.6178030303030303,0.045286938461602554,0.9246212121212122,0.006839193214116569,0.3068181818181819,0.23977272727272728
8,0.925586136595311,0.009202584141319019,0.9230377166156982,0.005629643739646937,-0.0025484199796127482,0.2308868501529052
9,0.909469696969697,0.008106414605694235,0.9363636363636364,0.004044347822739115,0.02689393939393936,0.23977272727272728
