subject,seed,selection_strategy,cv_epoch_aggregation,cv_num_folds,cv_group_partitions,cv_mean_peak_val_accuracy,cv_weighted_peak_val_accuracy,cv_mean_peak_val_loss,cv_weighted_peak_val_loss,best_val_accuracy,best_val_loss,best_val_epoch,cv_val_accuracy_std,cv_fold_epochs,cv_fold_accuracies,retrain_epochs,test_loss,test_accuracy,test_kappa,source_summary
1,0,group_cv,median,3,0;1|2|3,0.93125,0.921875,0.2694669423831834,0.2964068123449882,0.921875,0.2964068123449882,77,0.02841287853538719,77;32;150,0.893750;0.937500;0.962500,77,2.0099063316980996,0.58125,0.44166666666666665,C:\Users\Hacker\Desktop\EEG-CSANet\output\final_hgd_core_h01_h09_3seed_groupcv\NPFEEGNet\2026-08-28--14-45\summary.csv
1,1,group_cv,median,3,0;1|2|3,0.9479166666666666,0.9375,0.2096746607373158,0.24844745127484202,0.9375,0.24844745127484202,133,0.029901458530015253,83;133;166,0.906250;0.975000;0.962500,133,0.378380686044693,0.8875,0.85,C:\Users\Hacker\Desktop\EEG-CSANet\output\final_hgd_core_h01_h09_3seed_groupcv\NPFEEGNet\2026-08-28--14-45\summary.csv
1,2,group_cv,median,3,0;1|2|3,0.9229166666666666,0.9249999999999999,0.2544836931758457,0.24476017554601032,0.9249999999999999,0.24476017554601032,90,0.016404183070857933,101;61;90,0.931250;0.937500;0.900000,90,0.629880021015803,0.85625,0.8083333333333333,C:\Users\Hacker\Desktop\EEG-CSANet\output\final_hgd_core_h01_h09_3seed_groupcv\NPFEEGNet\2026-08-28--14-45\summary.csv
2,0,group_cv,median,3,0;1;2;3|4;5;6;7|8;9;10,0.870628612716763,0.8597785977859778,0.8086687432395089,0.9134587661598784,0.8597785977859778,0.9134587661598784,88,0.07874944583158457,51;88;173,0.759375;0.921875;0.930636,88,0.3628237545490265,0.86875,0.825,C:\Users\Hacker\Desktop\EEG-CSANet\output\final_hgd_core_h01_h09_3seed_groupcv\NPFEEGNet\2026-08-28--14-45\summary.csv
2,1,group_cv,median,3,0;1;2;3|4;5;6;7|8;9;10,0.861879816955684,0.8536285362853628,2.3683727939923607,2.739711473055578,0.8536285362853628,2.739711473055578,88,0.06364510986932899,88;77;110,0.771875;0.906250;0.907514,88,0.4361103028059006,0.875,0.8333333333333334,C:\Users\Hacker\Desktop\EEG-CSANet\output\final_hgd_core_h01_h09_3seed_groupcv\NPFEEGNet\2026-08-28--14-45\summary.csv
2,2,group_cv,median,3,0;1;2;3|4;5;6;7|8;9;10,0.8347964836223506,0.8216482164821648,6.561644716395272,7.700625946918635,0.8216482164821648,7.700625946918635,80,0.0751890383251934,75;80;92,0.731250;0.865625;0.907514,80,0.8185348113377889,0.7625,0.6833333333333333,C:\Users\Hacker\Desktop\EEG-CSANet\output\final_hgd_core_h01_h09_3seed_groupcv\NPFEEGNet\2026-08-28--14-45\summary.csv
3,0,group_cv,median,3,0;1;2;3|4;5;6;7|8;9;10,0.9607638888888889,0.9602272727272727,0.14592795353382826,0.1472407290711999,0.9602272727272727,0.1472407290711999,114,0.014641089334936094,148;114;94,0.940625;0.975000;0.966667,114,0.07530087108413379,0.9625,0.95,C:\Users\Hacker\Desktop\EEG-CSANet\output\final_hgd_core_h01_h09_3seed_groupcv\NPFEEGNet\2026-08-28--14-45\summary.csv
3,1,group_cv,median,3,0;1;2;3|4;5;6;7|8;9;10,0.9552083333333333,0.9545454545454546,0.13960519942144553,0.13878268677402628,0.9545454545454546,0.13878268677402628,192,0.022292640165659048,115;192;199,0.925000;0.978125;0.962500,192,0.08299601900701721,0.96875,0.9583333333333334,C:\Users\Hacker\Desktop\EEG-CSANet\output\final_hgd_core_h01_h09_3seed_groupcv\NPFEEGNet\2026-08-28--14-45\summary.csv
3,2,group_cv,median,3,0;1;2;3|4;5;6;7|8;9;10,0.9552083333333333,0.9545454545454546,0.1507613013188044,0.15067174996842037,0.9545454545454546,0.15067174996842037,189,0.005311478659992509,127;189;202,0.953125;0.950000;0.962500,189,0.04530304670333862,0.9875,0.9833333333333333,C:\Users\Hacker\Desktop\EEG-CSANet\output\final_hgd_core_h01_h09_3seed_groupcv\NPFEEGNet\2026-08-28--14-45\summary.csv
4,0,group_cv,median,3,0;1;2;3|4;5;6;7|8;9;10;11,0.949489299610895,0.9464882943143813,0.15782291937309006,0.16693662977632065,0.9464882943143813,0.16693662977632065,157,0.03189095894442245,202;157;121,0.940625;0.915625;0.992218,157,0.28429649273554486,0.9,0.8666666666666667,C:\Users\Hacker\Desktop\EEG-CSANet\output\final_hgd_core_h01_h09_3seed_groupcv\NPFEEGNet\2026-08-28--14-45\summary.csv
4,1,group_cv,median,3,0;1;2;3|4;5;6;7|8;9;10;11,0.949489299610895,0.9464882943143813,0.1849311885734399,0.1959083849329547,0.9464882943143813,0.1959083849329547,174,0.03646276542440028,174;213;161,0.903125;0.953125;0.992218,174,0.2719537913799286,0.9125,0.8833333333333333,C:\Users\Hacker\Desktop\EEG-CSANet\output\final_hgd_core_h01_h09_3seed_groupcv\NPFEEGNet\2026-08-28--14-45\summary.csv
4,2,group_cv,median,3,0;1;2;3|4;5;6;7|8;9;10;11,0.93647859922179,0.9331103678929766,0.23067424496014913,0.2413294024624288,0.9331103678929766,0.2413294024624288,98,0.03832697298176721,220;98;93,0.934375;0.890625;0.984436,98,0.3471558094024658,0.8875,0.85,C:\Users\Hacker\Desktop\EEG-CSANet\output\final_hgd_core_h01_h09_3seed_groupcv\NPFEEGNet\2026-08-28--14-45\summary.csv
5,0,group_cv,median,3,0;1;2|3;4;5|6;7;8,0.8277777777777778,0.8277777777777777,0.8383011339853207,0.8383011339853207,0.8277777777777777,0.8383011339853207,47,0.10548243081137518,47;27;95,0.700000;0.825000;0.958333,47,2.3633230527242026,0.64375,0.525,C:\Users\Hacker\Desktop\EEG-CSANet\output\final_hgd_core_h01_h09_3seed_groupcv\NPFEEGNet\2026-08-28--14-45\summary.csv
5,1,group_cv,median,3,0;1;2|3;4;5|6;7;8,0.8527777777777779,0.8527777777777777,0.8448372520506382,0.8448372520506381,0.8527777777777777,0.8448372520506381,43,0.054680610236193146,43;73;38,0.804167;0.825000;0.929167,43,0.2717200269301732,0.86875,0.825,C:\Users\Hacker\Desktop\EEG-CSANet\output\final_hgd_core_h01_h09_3seed_groupcv\NPFEEGNet\2026-08-28--14-45\summary.csv
5,2,group_cv,median,3,0;1;2|3;4;5|6;7;8,0.7944444444444444,0.7944444444444444,1.7444640236596267,1.7444640236596265,0.7944444444444444,1.7444640236596265,89,0.1262132479204037,17;89;122,0.658333;0.762500;0.962500,89,0.4610932320356369,0.8875,0.85,C:\Users\Hacker\Desktop\EEG-CSANet\output\final_hgd_core_h01_h09_3seed_groupcv\NPFEEGNet\2026-08-28--14-45\summary.csv
6,0,group_cv,median,3,0;1;2;3|4;5;6;7|8;9;10,0.8388888888888889,0.8318181818181818,2.033879234890143,2.1960976761850444,0.8318181818181818,2.1960976761850444,135,0.09425532535631442,107;135;143,0.706250;0.893750;0.916667,135,0.2707967559496562,0.875,0.8333333333333334,C:\Users\Hacker\Desktop\EEG-CSANet\output\final_hgd_core_h01_h09_3seed_groupcv\NPFEEGNet\2026-08-28--14-45\summary.csv
6,1,group_cv,median,3,0;1;2;3|4;5;6;7|8;9;10,0.8201388888888889,0.8090909090909091,7.473779622589549,8.138650610670448,0.8090909090909091,8.138650610670448,156,0.1373640250786299,159;122;156,0.628125;0.890625;0.941667,156,0.32594390710194904,0.88125,0.8416666666666667,C:\Users\Hacker\Desktop\EEG-CSANet\output\final_hgd_core_h01_h09_3seed_groupcv\NPFEEGNet\2026-08-28--14-45\summary.csv
6,2,group_cv,median,3,0;1;2;3|4;5;6;7|8;9;10,0.8052083333333333,0.7954545454545454,1.1141931466758253,1.1908803635700183,0.7954545454545454,1.1908803635700183,130,0.08045821465553132,154;68;130,0.718750;0.784375;0.912500,130,1.2874167760213215,0.66875,0.5583333333333333,C:\Users\Hacker\Desktop\EEG-CSANet\output\final_hgd_core_h01_h09_3seed_groupcv\NPFEEGNet\2026-08-28--14-45\summary.csv
7,0,group_cv,median,3,0;1;2;3|4;5;6;7|8;9;10,0.6854166666666667,0.6818181818181819,11.911975926657519,9.899651680073955,0.6818181818181819,9.899651680073955,76,0.1430993730089533,76;7;93,0.837500;0.493750;0.725000,76,4.110520680745442,0.34375,0.125,C:\Users\Hacker\Desktop\EEG-CSANet\output\final_hgd_core_h01_h09_3seed_groupcv\NPFEEGNet\2026-08-28--14-45\summary.csv
7,1,group_cv,median,3,0;1;2;3|4;5;6;7|8;9;10,0.5927083333333334,0.5840909090909092,12.284411456187565,10.223393484679136,0.5840909090909092,10.223393484679136,80,0.19435948044509918,86;3;80,0.768750;0.321875;0.687500,80,2.810084342956543,0.26875,0.025000000000000022,C:\Users\Hacker\Desktop\EEG-CSANet\output\final_hgd_core_h01_h09_3seed_groupcv\NPFEEGNet\2026-08-28--14-45\summary.csv
7,2,group_cv,median,3,0;1;2;3|4;5;6;7|8;9;10,0.6,0.5875,6.933782029648622,5.942022302340376,0.5875,5.942022302340376,78,0.13030413142593242,78;12;81,0.637500;0.425000;0.737500,78,2.339991887410482,0.475,0.30000000000000004,C:\Users\Hacker\Desktop\EEG-CSANet\output\final_hgd_core_h01_h09_3seed_groupcv\NPFEEGNet\2026-08-28--14-45\summary.csv
8,0,group_cv,median,3,0;1;2|3;4;5|6;7;8,0.9155651340996168,0.9128440366972477,0.2990097072389391,0.30804726271818905,0.9128440366972477,0.30804726271818905,132,0.01914187614425617,132;91;178,0.904167;0.900000;0.942529,132,0.32071620722611743,0.9,0.8666666666666667,C:\Users\Hacker\Desktop\EEG-CSANet\output\final_hgd_core_h01_h09_3seed_groupcv\NPFEEGNet\2026-08-28--14-45\summary.csv
8,1,group_cv,median,3,0;1;2|3;4;5|6;7;8,0.9297892720306513,0.9296636085626913,0.27760377898812294,0.27686405004164494,0.9296636085626913,0.27686405004164494,103,0.0008804969497533371,103;135;84,0.929167;0.929167;0.931034,103,0.4265601734320323,0.86875,0.825,C:\Users\Hacker\Desktop\EEG-CSANet\output\final_hgd_core_h01_h09_3seed_groupcv\NPFEEGNet\2026-08-28--14-45\summary.csv
8,2,group_cv,median,3,0;1;2|3;4;5|6;7;8,0.9360632183908045,0.934250764525994,0.2546382604373826,0.2580267626120046,0.934250764525994,0.2580267626120046,108,0.01368642897024121,108;87;181,0.933333;0.920833;0.954023,108,0.6724504033724467,0.8375,0.7833333333333333,C:\Users\Hacker\Desktop\EEG-CSANet\output\final_hgd_core_h01_h09_3seed_groupcv\NPFEEGNet\2026-08-28--14-45\summary.csv
9,0,group_cv,median,3,0;1;2;3|4;5;6;7|8;9;10,0.9236111111111112,0.9204545454545455,0.5678112214431167,0.6046267099509186,0.9204545454545455,0.6046267099509186,117,0.027669058073800757,112;117;136,0.890625;0.921875;0.958333,117,0.1024811218182246,0.9625,0.95,C:\Users\Hacker\Desktop\EEG-CSANet\output\final_hgd_core_h01_h09_3seed_groupcv\NPFEEGNet\2026-08-28--14-45\summary.csv
9,1,group_cv,median,3,0;1;2;3|4;5;6;7|8;9;10,0.9059027777777778,0.9011363636363636,0.4051631707698107,0.4280658528547395,0.9011363636363636,0.4280658528547395,47,0.03964116146253494,45;66;47,0.862500;0.896875;0.958333,47,0.145620067914327,0.94375,0.925,C:\Users\Hacker\Desktop\EEG-CSANet\output\final_hgd_core_h01_h09_3seed_groupcv\NPFEEGNet\2026-08-28--14-45\summary.csv
9,2,group_cv,median,3,0;1;2;3|4;5;6;7|8;9;10,0.9111111111111111,0.9068181818181819,0.5027111641441783,0.5366820805621418,0.9068181818181819,0.5366820805621418,90,0.040525459723517884,45;155;90,0.859375;0.915625;0.958333,90,0.11797742048899333,0.9625,0.95,C:\Users\Hacker\Desktop\EEG-CSANet\output\final_hgd_core_h01_h09_3seed_groupcv\NPFEEGNet\2026-08-28--14-45\summary.csv
10,0,group_cv,median,3,0;1;2;3|4;5;6;7|8;9;10,0.8625000000000002,0.8738636363636365,1.3794395623107751,1.177793718942187,0.8738636363636365,1.177793718942187,102,0.09017488794928809,104;50;102,0.903125;0.946875;0.737500,102,0.26441625133156776,0.94375,0.925,C:\Users\Hacker\Desktop\EEG-CSANet\output\final_hgd_core_h10_h14_3seed_groupcv\NPFEEGNet\2026-08-28--09-59\summary.csv
10,1,group_cv,median,3,0;1;2;3|4;5;6;7|8;9;10,0.8687499999999999,0.8772727272727274,0.7725748032331466,0.6856742620468139,0.8772727272727274,0.6856742620468139,79,0.0670723334666885,127;79;34,0.903125;0.928125;0.775000,79,0.41278076171875,0.8875,0.85,C:\Users\Hacker\Desktop\EEG-CSANet\output\final_hgd_core_h10_h14_3seed_groupcv\NPFEEGNet\2026-08-28--09-59\summary.csv
10,2,group_cv,median,3,0;1;2;3|4;5;6;7|8;9;10,0.8694444444444445,0.8795454545454546,1.3335817550619442,1.132728656042706,0.8795454545454546,1.132728656042706,140,0.07922755942750924,117;140;189,0.912500;0.937500;0.758333,140,0.28787702570358914,0.91875,0.8916666666666666,C:\Users\Hacker\Desktop\EEG-CSANet\output\final_hgd_core_h10_h14_3seed_groupcv\NPFEEGNet\2026-08-28--09-59\summary.csv
11,0,group_cv,median,3,0;1;2;3|4;5;6;7|8;9;10,0.8013888888888889,0.7988636363636363,2.4984266499678296,2.679784985022111,0.7988636363636363,2.679784985022111,104,0.06188548202771368,51;104;204,0.715625;0.859375;0.829167,104,0.7462563912073771,0.725,0.6333333333333333,C:\Users\Hacker\Desktop\EEG-CSANet\output\final_hgd_core_h10_h14_3seed_groupcv\NPFEEGNet\2026-08-28--09-59\summary.csv
11,1,group_cv,median,3,0;1;2;3|4;5;6;7|8;9;10,0.7927083333333332,0.7920454545454545,7.939993157486121,8.615400882065298,0.7920454545454545,8.615400882065298,154,0.05510012981432577,198;154;88,0.721875;0.856250;0.800000,154,0.5155397554238638,0.83125,0.775,C:\Users\Hacker\Desktop\EEG-CSANet\output\final_hgd_core_h10_h14_3seed_groupcv\NPFEEGNet\2026-08-28--09-59\summary.csv
11,2,group_cv,median,3,0;1;2;3|4;5;6;7|8;9;10,0.7770833333333332,0.775,2.507911833624045,2.6904163949868893,0.775,2.6904163949868893,126,0.06334498248129485,59;126;143,0.690625;0.840625;0.800000,126,0.5104375680287679,0.7875,0.7166666666666667,C:\Users\Hacker\Desktop\EEG-CSANet\output\final_hgd_core_h10_h14_3seed_groupcv\NPFEEGNet\2026-08-28--09-59\summary.csv
12,0,group_cv,median,3,0;1;2;3|4;5;6;7|8;9;10,0.9559027777777778,0.9556818181818182,0.24931774232536555,0.25864707998592745,0.9556818181818182,0.25864707998592745,68,0.011609898262014211,61;68;90,0.940625;0.968750;0.958333,68,0.13951735198497772,0.93125,0.9083333333333333,C:\Users\Hacker\Desktop\EEG-CSANet\output\final_hgd_core_h10_h14_3seed_groupcv\NPFEEGNet\2026-08-28--09-59\summary.csv
12,1,group_cv,median,3,0;1;2;3|4;5;6;7|8;9;10,0.9479166666666666,0.9511363636363637,0.25375398819645245,0.2438474051654339,0.9511363636363637,0.2438474051654339,94,0.025173012444988707,83;180;94,0.962500;0.968750;0.912500,94,0.14117606232563654,0.93125,0.9083333333333333,C:\Users\Hacker\Desktop\EEG-CSANet\output\final_hgd_core_h10_h14_3seed_groupcv\NPFEEGNet\2026-08-28--09-59\summary.csv
12,2,group_cv,median,3,0;1;2;3|4;5;6;7|8;9;10,0.9465277777777779,0.9465909090909091,0.20396806181718907,0.20157673208212307,0.9465909090909091,0.20157673208212307,69,0.007670389595268951,69;61;105,0.937500;0.956250;0.945833,69,0.23591122031211853,0.91875,0.8916666666666666,C:\Users\Hacker\Desktop\EEG-CSANet\output\final_hgd_core_h10_h14_3seed_groupcv\NPFEEGNet\2026-08-28--09-59\summary.csv
13,0,group_cv,median,3,0;1;2;3|4;5;6|7;8;9,0.938888888888889,0.9375,0.21675736953814825,0.22273574098944665,0.9375,0.22273574098944665,155,0.01678200829665912,100;155;168,0.925000;0.962500;0.929167,155,0.1840014929572741,0.925,0.9,C:\Users\Hacker\Desktop\EEG-CSANet\output\final_hgd_core_h10_h14_3seed_groupcv\NPFEEGNet\2026-08-28--09-59\summary.csv
13,1,group_cv,median,3,0;1;2;3|4;5;6|7;8;9,0.9336805555555555,0.9325000000000001,0.21484726928174494,0.2201259970292449,0.9325000000000001,0.2201259970292449,153,0.009784029724725939,124;153;195,0.921875;0.945833;0.933333,153,0.6966653267542521,0.8,0.7333333333333334,C:\Users\Hacker\Desktop\EEG-CSANet\output\final_hgd_core_h10_h14_3seed_groupcv\NPFEEGNet\2026-08-28--09-59\summary.csv
13,2,group_cv,median,3,0;1;2;3|4;5;6|7;8;9,0.9385416666666666,0.9375,0.2027974882473548,0.20743473369628193,0.9375,0.20743473369628193,215,0.007559562867040707,244;113;215,0.928125;0.945833;0.941667,215,0.16513701031605402,0.94375,0.925,C:\Users\Hacker\Desktop\EEG-CSANet\output\final_hgd_core_h10_h14_3seed_groupcv\NPFEEGNet\2026-08-28--09-59\summary.csv
14,0,group_cv,median,3,0;1;2;3|4;5;6;7|8;9;10,0.9350694444444444,0.9306818181818182,0.19167644158005714,0.20203228362581946,0.9306818181818182,0.20203228362581946,80,0.05419559412756267,53;136;80,0.859375;0.962500;0.983333,80,3.6948617696762085,0.6625,0.55,C:\Users\Hacker\Desktop\EEG-CSANet\output\final_hgd_core_h10_h14_3seed_groupcv\NPFEEGNet\2026-08-28--09-59\summary.csv
14,1,group_cv,median,3,0;1;2;3|4;5;6;7|8;9;10,0.9513888888888888,0.9488636363636365,0.18248622690637906,0.19340121759609744,0.9488636363636365,0.19340121759609744,119,0.036377224593635515,86;119;153,0.900000;0.975000;0.979167,119,1.5334577560424805,0.68125,0.575,C:\Users\Hacker\Desktop\EEG-CSANet\output\final_hgd_core_h10_h14_3seed_groupcv\NPFEEGNet\2026-08-28--09-59\summary.csv
14,2,group_cv,median,3,0;1;2;3|4;5;6;7|8;9;10,0.970138888888889,0.9681818181818183,0.10330543890595435,0.11054914180528033,0.9681818181818183,0.11054914180528033,115,0.021589293828763623,115;188;102,0.940625;0.978125;0.991667,115,2.3308102612694106,0.64375,0.525,C:\Users\Hacker\Desktop\EEG-CSANet\output\final_hgd_core_h10_h14_3seed_groupcv\NPFEEGNet\2026-08-28--09-59\summary.csv
