subject,NPFEEGNet-NoDemean,NPFEEGNet-RawDemean,NPFEEGNet-FullDemean,NPFEEGNet-HighPass1Hz,EEGNet-Demean,RD_minus_FullDemean,RD_minus_HighPass1Hz
1,0.5116666666666667,0.6733333333333333,0.6116666666666667,0.5483333333333333,0.6,0.06166666666666665,0.125
2,0.6466666666666666,0.6183333333333333,0.6016666666666667,0.5816666666666667,0.675,0.016666666666666607,0.036666666666666625
3,0.8333333333333334,0.76,0.7766666666666666,0.935,0.5166666666666667,-0.016666666666666607,-0.17500000000000004
4,0.6866666666666666,0.82,0.8133333333333334,0.6433333333333333,0.79,0.006666666666666599,0.17666666666666664
5,0.7183333333333334,0.7483333333333333,0.8116666666666666,0.7716666666666666,0.615,-0.06333333333333335,-0.023333333333333317
6,0.8933333333333333,0.9083333333333333,0.905,0.7433333333333333,0.8933333333333333,0.0033333333333332993,0.16500000000000004
7,0.5,0.7866666666666666,0.775,0.565,0.8016666666666666,0.011666666666666603,0.22166666666666668
8,0.6866666666666666,0.675,0.6566666666666666,0.6033333333333334,0.6683333333333333,0.018333333333333424,0.07166666666666666
9,0.685,0.6933333333333334,0.6866666666666666,0.6783333333333333,0.48833333333333334,0.00666666666666671,0.015000000000000013
10,0.535,0.5966666666666667,0.5733333333333334,0.53,0.5116666666666667,0.023333333333333317,0.06666666666666665
11,0.51,0.5166666666666667,0.5183333333333333,0.49333333333333335,0.5033333333333333,-0.0016666666666665941,0.023333333333333373
12,0.6016666666666667,0.5983333333333334,0.6283333333333333,0.4666666666666667,0.5933333333333334,-0.029999999999999916,0.1316666666666667
13,0.5333333333333333,0.6016666666666667,0.6116666666666667,0.5316666666666666,0.6166666666666667,-0.010000000000000009,0.07000000000000006
14,0.5266666666666666,0.5566666666666666,0.55,0.52,0.5783333333333334,0.006666666666666599,0.036666666666666625
15,0.645,0.76,0.7316666666666667,0.5833333333333334,0.745,0.02833333333333332,0.17666666666666664
16,0.75,0.685,0.65,0.49666666666666665,0.59,0.03500000000000003,0.1883333333333334
17,0.565,0.56,0.595,0.5716666666666667,0.57,-0.03499999999999992,-0.011666666666666603
18,0.8283333333333334,0.845,0.8066666666666666,0.815,0.5466666666666666,0.03833333333333333,0.030000000000000027
19,0.7066666666666667,0.7033333333333334,0.75,0.7333333333333333,0.57,-0.046666666666666634,-0.029999999999999916
20,0.6333333333333333,0.6166666666666667,0.63,0.5733333333333334,0.62,-0.013333333333333308,0.043333333333333335
21,0.9783333333333334,0.945,0.9733333333333334,0.965,0.5416666666666666,-0.028333333333333433,-0.020000000000000018
22,0.555,0.6033333333333334,0.5733333333333334,0.6416666666666667,0.5483333333333333,0.030000000000000027,-0.03833333333333333
23,0.505,0.5216666666666666,0.5466666666666666,0.53,0.535,-0.025000000000000022,-0.008333333333333415
24,0.49666666666666665,0.5116666666666667,0.52,0.53,0.48833333333333334,-0.008333333333333304,-0.018333333333333313
25,0.7966666666666666,0.8716666666666667,0.8816666666666667,0.7683333333333333,0.8716666666666667,-0.010000000000000009,0.10333333333333339
26,0.7366666666666667,0.76,0.7683333333333333,0.5516666666666666,0.7766666666666666,-0.008333333333333304,0.20833333333333337
27,0.7766666666666666,0.7733333333333333,0.7783333333333333,0.5383333333333333,0.7816666666666666,-0.0050000000000000044,0.235
28,0.7183333333333334,0.8,0.795,0.8166666666666667,0.75,0.0050000000000000044,-0.016666666666666607
29,0.7983333333333333,0.8916666666666667,0.885,0.965,0.865,0.00666666666666671,-0.07333333333333325
30,0.58,0.6383333333333333,0.6666666666666666,0.5583333333333333,0.655,-0.02833333333333332,0.07999999999999996
31,0.695,0.735,0.7316666666666667,0.5416666666666666,0.7266666666666667,0.0033333333333332993,0.19333333333333336
32,0.5866666666666667,0.6133333333333333,0.5966666666666667,0.7183333333333334,0.5166666666666667,0.016666666666666607,-0.1050000000000001
33,0.8366666666666667,0.9316666666666666,0.9333333333333333,0.9533333333333334,0.6433333333333333,-0.0016666666666667052,-0.021666666666666723
34,0.5916666666666667,0.6083333333333333,0.5766666666666667,0.5233333333333333,0.595,0.03166666666666662,0.08499999999999996
35,0.8183333333333334,0.905,0.89,0.8716666666666667,0.8983333333333333,0.015000000000000013,0.033333333333333326
36,0.9583333333333334,0.985,0.965,0.975,0.7866666666666666,0.020000000000000018,0.010000000000000009
37,0.9366666666666666,0.9266666666666666,0.9316666666666666,0.9166666666666666,0.49833333333333335,-0.0050000000000000044,0.010000000000000009
38,0.49166666666666664,0.5666666666666667,0.575,0.545,0.555,-0.008333333333333304,0.021666666666666612
39,0.5466666666666666,0.635,0.6566666666666666,0.54,0.5966666666666667,-0.021666666666666612,0.09499999999999997
40,0.585,0.68,0.6,0.545,0.6616666666666666,0.08000000000000007,0.135
41,0.5566666666666666,0.5483333333333333,0.5516666666666666,0.5383333333333333,0.5583333333333333,-0.0033333333333332993,0.010000000000000009
42,0.6266666666666667,0.6483333333333333,0.635,0.5416666666666666,0.65,0.013333333333333308,0.10666666666666669
43,0.59,0.855,0.8533333333333334,0.7,0.835,0.0016666666666665941,0.15500000000000003
44,0.9516666666666667,0.97,0.955,0.9483333333333334,0.7,0.015000000000000013,0.021666666666666612
45,0.825,0.765,0.8,0.8766666666666667,0.615,-0.03500000000000003,-0.11166666666666669
46,0.675,0.68,0.665,0.59,0.685,0.015000000000000013,0.09000000000000008
47,0.775,0.775,0.7583333333333333,0.5283333333333333,0.7766666666666666,0.01666666666666672,0.2466666666666667
48,0.6,0.6983333333333334,0.6933333333333334,0.6166666666666667,0.7116666666666667,0.0050000000000000044,0.08166666666666667
49,0.5316666666666666,0.6633333333333333,0.645,0.5216666666666666,0.6716666666666666,0.018333333333333313,0.14166666666666672
50,0.505,0.535,0.5283333333333333,0.5116666666666667,0.5266666666666666,0.00666666666666671,0.023333333333333317
51,0.59,0.6333333333333333,0.6466666666666666,0.4816666666666667,0.65,-0.013333333333333308,0.15166666666666662
52,0.61,0.6316666666666667,0.6616666666666666,0.5933333333333334,0.6116666666666667,-0.029999999999999916,0.03833333333333333
53,0.515,0.5566666666666666,0.55,0.49833333333333335,0.5533333333333333,0.006666666666666599,0.05833333333333329
54,0.5466666666666666,0.5566666666666666,0.5516666666666666,0.5266666666666666,0.5566666666666666,0.0050000000000000044,0.030000000000000027
