variant,subject,seed,retrain_epochs,accuracy,kappa,balanced_accuracy,nll,ece,class0_recall,class1_recall
EEGNet-NoDemean,1,0,46,0.51,0.020000000000000018,0.51,0.9278409364581942,0.27247885882854467,0.11,0.91
EEGNet-NoDemean,1,1,11,0.55,0.10000000000000009,0.55,0.6877505126757424,0.04001685738563538,0.24,0.86
EEGNet-NoDemean,1,2,16,0.495,-0.010000000000000009,0.495,0.7630123905617959,0.14284484803676603,0.36,0.63
EEGNet-NoDemean,2,0,87,0.655,0.31000000000000005,0.655,0.884027847048625,0.20472085505723953,0.92,0.39
EEGNet-NoDemean,2,1,138,0.665,0.33000000000000007,0.665,0.9624248052249519,0.1996016377210617,0.8,0.53
EEGNet-NoDemean,2,2,80,0.615,0.22999999999999998,0.615,0.9285890606909081,0.2097369262576103,0.78,0.45
EEGNet-NoDemean,3,0,8,0.5,0.0,0.5,0.7476989843921872,0.19496770650148393,0.96,0.04
EEGNet-NoDemean,3,1,12,0.505,0.010000000000000009,0.505,1.1215883319456363,0.3564976993203163,0.98,0.03
EEGNet-NoDemean,3,2,14,0.53,0.06000000000000005,0.53,0.6993217412610719,0.08840135782957076,0.57,0.49
EEGNet-NoDemean,4,0,28,0.61,0.21999999999999997,0.61,1.3949329609661152,0.3229006788134575,1.0,0.22
EEGNet-NoDemean,4,1,70,0.76,0.52,0.76,0.969170238837894,0.18478355407714844,1.0,0.52
EEGNet-NoDemean,4,2,40,0.585,0.16999999999999993,0.585,1.2368791142493558,0.33898777276277536,1.0,0.17
EEGNet-NoDemean,5,0,8,0.53,0.06000000000000005,0.53,0.7092021171953311,0.12670551151037213,0.22,0.84
EEGNet-NoDemean,5,1,44,0.565,0.1299999999999999,0.565,0.8365347704109944,0.1909671550989151,0.77,0.36
EEGNet-NoDemean,5,2,75,0.535,0.07000000000000006,0.5349999999999999,1.222082330229686,0.34443799197673797,0.94,0.13
EEGNet-NoDemean,6,0,66,0.905,0.81,0.905,0.25818592386619665,0.04702944487333299,0.85,0.96
EEGNet-NoDemean,6,1,103,0.935,0.8700000000000001,0.935,0.22671310914013984,0.04171475559473038,0.98,0.89
EEGNet-NoDemean,6,2,44,0.8,0.6000000000000001,0.8,0.5099096564329015,0.12420265525579455,0.97,0.63
EEGNet-NoDemean,7,0,62,0.495,-0.010000000000000009,0.495,2.680348509089928,0.4859560233354568,0.99,0.0
EEGNet-NoDemean,7,1,28,0.5,0.0,0.5,3.4851918052102,0.49847751200199125,1.0,0.0
EEGNet-NoDemean,7,2,39,0.5,0.0,0.5,2.172908483959253,0.47091215789318086,1.0,0.0
EEGNet-NoDemean,8,0,46,0.64,0.28,0.64,0.75608828896532,0.14898813217878343,0.72,0.56
EEGNet-NoDemean,8,1,101,0.635,0.27,0.635,1.47644295244015,0.23874959260225298,0.81,0.46
EEGNet-NoDemean,8,2,62,0.65,0.30000000000000004,0.6499999999999999,0.7681269398657536,0.17360957205295563,0.7,0.6
EEGNet-NoDemean,9,0,50,0.505,0.010000000000000009,0.505,0.7383623906071693,0.10418357700109479,0.28,0.73
EEGNet-NoDemean,9,1,35,0.48,-0.040000000000000036,0.48,0.8310172871228246,0.20592929303646088,0.27,0.69
EEGNet-NoDemean,9,2,20,0.485,-0.030000000000000027,0.485,0.733546619308305,0.0966722777485848,0.25,0.72
EEGNet-NoDemean,10,0,4,0.58,0.15999999999999992,0.58,0.685964742223989,0.05299356967210772,0.42,0.74
EEGNet-NoDemean,10,1,7,0.505,0.010000000000000009,0.505,0.7074045490516148,0.05335035413503651,0.48,0.53
EEGNet-NoDemean,10,2,35,0.495,-0.010000000000000009,0.495,0.7274798022296942,0.1399807745218277,0.39,0.6
EEGNet-NoDemean,11,0,6,0.525,0.050000000000000044,0.525,0.7170938934081699,0.07989830315113072,0.65,0.4
EEGNet-NoDemean,11,1,56,0.505,0.010000000000000009,0.505,1.0384727859127547,0.3054145181179047,0.69,0.32
EEGNet-NoDemean,11,2,52,0.49,-0.020000000000000018,0.49,0.9681354326910432,0.29356823414564126,0.7,0.28
EEGNet-NoDemean,12,0,10,0.575,0.1499999999999999,0.575,1.0360267906793765,0.26174306869506836,0.44,0.71
EEGNet-NoDemean,12,1,26,0.545,0.09000000000000008,0.5449999999999999,1.1802038746681103,0.31725236803293233,0.37,0.72
EEGNet-NoDemean,12,2,74,0.595,0.18999999999999995,0.595,0.8861557503725996,0.232834800183773,0.28,0.91
EEGNet-NoDemean,13,0,42,0.515,0.030000000000000027,0.515,1.5854329394106847,0.3668386936187744,0.3,0.73
EEGNet-NoDemean,13,1,36,0.52,0.040000000000000036,0.52,1.1536927900046718,0.305517370402813,0.33,0.71
EEGNet-NoDemean,13,2,58,0.54,0.08000000000000007,0.54,1.1967614357638023,0.30152738273143764,0.18,0.9
EEGNet-NoDemean,14,0,16,0.52,0.040000000000000036,0.52,0.7185250174894418,0.12198135226964951,0.74,0.3
EEGNet-NoDemean,14,1,70,0.58,0.15999999999999992,0.5800000000000001,1.0368667091325603,0.23292013823986057,0.48,0.68
EEGNet-NoDemean,14,2,26,0.52,0.040000000000000036,0.52,0.7141355909088165,0.06507112532854079,0.37,0.67
EEGNet-NoDemean,15,0,100,0.655,0.31000000000000005,0.655,1.2163333114648227,0.24793444186449054,0.65,0.66
EEGNet-NoDemean,15,1,32,0.635,0.27,0.635,1.0975849918485432,0.2544441291689873,0.65,0.62
EEGNet-NoDemean,15,2,29,0.615,0.22999999999999998,0.615,1.0010951335015121,0.2591084212064743,0.83,0.4
EEGNet-NoDemean,16,0,7,0.79,0.5800000000000001,0.79,0.42872690691682713,0.041194529533386225,0.92,0.66
EEGNet-NoDemean,16,1,34,0.765,0.53,0.7649999999999999,0.509250795819385,0.09022639214992523,0.94,0.59
EEGNet-NoDemean,16,2,13,0.73,0.45999999999999996,0.73,0.5735989654641882,0.10053816080093382,0.92,0.54
EEGNet-NoDemean,17,0,2,0.52,0.040000000000000036,0.52,0.6963904922148817,0.03032729744911197,0.66,0.38
EEGNet-NoDemean,17,1,45,0.555,0.1100000000000001,0.5549999999999999,0.799904037574996,0.1711496260762215,0.82,0.29
EEGNet-NoDemean,17,2,19,0.545,0.09000000000000008,0.5449999999999999,0.7308369300199351,0.11405104398727417,0.85,0.24
EEGNet-NoDemean,18,0,26,0.48,-0.040000000000000036,0.48,0.7008561086969775,0.09491855502128606,0.43,0.53
EEGNet-NoDemean,18,1,18,0.47,-0.06000000000000005,0.47,0.7307780578675471,0.13453825682401654,0.88,0.06
EEGNet-NoDemean,18,2,14,0.545,0.09000000000000008,0.5449999999999999,0.6939953269914112,0.03882810294628146,0.58,0.51
EEGNet-NoDemean,19,0,10,0.49,-0.020000000000000018,0.49,0.8272945870114914,0.20860503852367404,0.63,0.35
EEGNet-NoDemean,19,1,21,0.51,0.020000000000000018,0.51,0.8421443830603199,0.23772160172462464,0.95,0.07
EEGNet-NoDemean,19,2,22,0.51,0.020000000000000018,0.51,0.8190863188494216,0.1707894179224968,0.48,0.54
EEGNet-NoDemean,20,0,32,0.595,0.18999999999999995,0.595,0.7700448759135711,0.176533197760582,0.5,0.69
EEGNet-NoDemean,20,1,82,0.59,0.17999999999999994,0.59,0.9449730584028635,0.23095605075359343,0.43,0.75
EEGNet-NoDemean,20,2,88,0.63,0.26,0.63,0.8255937666766431,0.19717107862234118,0.6,0.66
EEGNet-NoDemean,21,0,12,0.5,0.0,0.5,0.7524363337697929,0.11662492811679838,0.38,0.62
EEGNet-NoDemean,21,1,6,0.515,0.030000000000000027,0.515,0.730164412189854,0.09587859094142918,0.4,0.63
EEGNet-NoDemean,21,2,80,0.505,0.010000000000000009,0.505,0.9497749802023617,0.254039925634861,0.28,0.73
EEGNet-NoDemean,22,0,12,0.555,0.1100000000000001,0.5549999999999999,0.6920685758450721,0.06997611284255982,0.42,0.69
EEGNet-NoDemean,22,1,10,0.505,0.010000000000000009,0.505,0.7667700520904386,0.14977002859115598,0.56,0.45
EEGNet-NoDemean,22,2,13,0.57,0.1399999999999999,0.5700000000000001,0.7969158781261734,0.1503459843993187,0.53,0.61
EEGNet-NoDemean,23,0,2,0.5,0.0,0.5,0.6958358689292312,0.05618598252534868,0.95,0.05
EEGNet-NoDemean,23,1,38,0.51,0.020000000000000018,0.51,0.7514793831462546,0.13982932776212695,0.91,0.11
EEGNet-NoDemean,23,2,15,0.495,-0.010000000000000009,0.495,0.6981235181679915,0.04911944806575771,0.53,0.46
EEGNet-NoDemean,24,0,12,0.54,0.08000000000000007,0.54,0.7199031601928396,0.093145632147789,0.4,0.68
EEGNet-NoDemean,24,1,20,0.54,0.08000000000000007,0.54,0.7171049992613824,0.09234447687864307,0.51,0.57
EEGNet-NoDemean,24,2,13,0.51,0.020000000000000018,0.51,0.7702228727430206,0.12743226438760757,0.43,0.59
EEGNet-NoDemean,25,0,14,0.8,0.6000000000000001,0.8,0.48362688228817036,0.13836895942687985,0.86,0.74
EEGNet-NoDemean,25,1,2,0.575,0.1499999999999999,0.575,0.6734990887598051,0.020971596539020552,0.28,0.87
EEGNet-NoDemean,25,2,30,0.915,0.8300000000000001,0.915,0.2534135864429502,0.042957693636417375,0.88,0.95
EEGNet-NoDemean,26,0,48,0.7,0.3999999999999999,0.7,0.8973754951715815,0.2028584235906601,0.48,0.92
EEGNet-NoDemean,26,1,128,0.74,0.48,0.74,0.9063855597418722,0.16526122957468037,0.64,0.84
EEGNet-NoDemean,26,2,61,0.725,0.44999999999999996,0.725,0.7591426830143071,0.1530800461769104,0.62,0.83
EEGNet-NoDemean,27,0,20,0.65,0.30000000000000004,0.6499999999999999,0.7701497957203779,0.1966406887769699,0.95,0.35
EEGNet-NoDemean,27,1,41,0.775,0.55,0.7749999999999999,0.44897970051271074,0.053995204865932456,0.84,0.71
EEGNet-NoDemean,27,2,52,0.8,0.6000000000000001,0.8,0.4359097656954222,0.06802655518054962,0.77,0.83
EEGNet-NoDemean,28,0,78,0.645,0.29000000000000004,0.645,1.1051102525687417,0.2601638513803482,0.33,0.96
EEGNet-NoDemean,28,1,72,0.695,0.3899999999999999,0.6950000000000001,0.8555204367035312,0.22297359019517898,0.56,0.83
EEGNet-NoDemean,28,2,116,0.62,0.24,0.62,1.0626026717657169,0.2804933294653893,0.32,0.92
EEGNet-NoDemean,29,0,96,0.67,0.3400000000000001,0.67,0.8718822388131122,0.22989352196455004,1.0,0.34
EEGNet-NoDemean,29,1,30,0.605,0.20999999999999996,0.605,0.7439250261597877,0.24869778752326965,0.99,0.22
EEGNet-NoDemean,29,2,20,0.565,0.1299999999999999,0.565,0.8132766272266396,0.2904539647698403,1.0,0.13
EEGNet-NoDemean,30,0,8,0.565,0.1299999999999999,0.565,2.502454437191132,0.23740691244602202,0.3,0.83
EEGNet-NoDemean,30,1,24,0.59,0.17999999999999994,0.59,0.8378898063666902,0.18472044557332992,0.34,0.84
EEGNet-NoDemean,30,2,76,0.61,0.21999999999999997,0.61,3.7387130820689034,0.2540075036883354,0.83,0.39
EEGNet-NoDemean,31,0,56,0.69,0.3799999999999999,0.69,0.7457723771741006,0.14895582884550096,0.57,0.81
EEGNet-NoDemean,31,1,61,0.59,0.17999999999999994,0.59,1.1067849019383307,0.3084836813807488,0.22,0.96
EEGNet-NoDemean,31,2,124,0.635,0.27,0.635,1.0930764758666436,0.2610023987293244,0.36,0.91
EEGNet-NoDemean,32,0,30,0.555,0.1100000000000001,0.5549999999999999,0.8613801754138288,0.1933205851912499,0.73,0.38
EEGNet-NoDemean,32,1,32,0.52,0.040000000000000036,0.52,0.9640081558077508,0.23780452221632004,0.48,0.56
EEGNet-NoDemean,32,2,19,0.545,0.09000000000000008,0.545,0.80960662740021,0.17555178105831148,0.79,0.3
EEGNet-NoDemean,33,0,50,0.59,0.17999999999999994,0.5900000000000001,0.8656883303327302,0.2411065873503685,0.91,0.27
EEGNet-NoDemean,33,1,18,0.475,-0.050000000000000044,0.475,0.7827130886813436,0.18802138686180117,0.66,0.29
EEGNet-NoDemean,33,2,49,0.525,0.050000000000000044,0.525,1.2253844329780947,0.31673725068569186,0.86,0.19
EEGNet-NoDemean,34,0,13,0.68,0.3600000000000001,0.6799999999999999,0.5920810481176213,0.0332065764069557,0.82,0.54
EEGNet-NoDemean,34,1,62,0.55,0.10000000000000009,0.55,0.7384294104749994,0.16484611332416535,0.55,0.55
EEGNet-NoDemean,34,2,40,0.57,0.1399999999999999,0.5700000000000001,0.7257797379017353,0.13170673877000805,0.67,0.47
EEGNet-NoDemean,35,0,136,0.935,0.8700000000000001,0.935,0.3683602007392237,0.04566294699907298,0.89,0.98
EEGNet-NoDemean,35,1,96,0.66,0.32000000000000006,0.66,1.8134948521716654,0.29667021661996845,0.32,1.0
EEGNet-NoDemean,35,2,150,0.825,0.6499999999999999,0.825,1.0019134131808902,0.1400485152006149,0.67,0.98
EEGNet-NoDemean,36,0,33,0.735,0.47,0.735,0.5691723549902505,0.06788716256618499,0.64,0.83
EEGNet-NoDemean,36,1,108,0.685,0.3700000000000001,0.685,0.6393387168120183,0.17030291467905043,0.46,0.91
EEGNet-NoDemean,36,2,56,0.77,0.54,0.77,0.5283035014523972,0.07287819445133213,0.7,0.84
EEGNet-NoDemean,37,0,65,0.52,0.040000000000000036,0.52,0.8299097170454174,0.22140569657087325,0.95,0.09
EEGNet-NoDemean,37,1,76,0.49,-0.020000000000000018,0.49,0.7459289811734342,0.1383127948641777,0.54,0.44
EEGNet-NoDemean,37,2,17,0.51,0.020000000000000018,0.51,0.6932197297019329,0.024959622025489785,0.66,0.36
EEGNet-NoDemean,38,0,71,0.595,0.18999999999999995,0.595,0.6698040836153276,0.10902063429355625,0.26,0.93
EEGNet-NoDemean,38,1,2,0.505,0.010000000000000009,0.505,0.697742880450009,0.04554035574197774,0.98,0.03
EEGNet-NoDemean,38,2,19,0.495,-0.010000000000000009,0.495,0.7425822725785797,0.1393541780114174,0.07,0.92
EEGNet-NoDemean,39,0,54,0.535,0.07000000000000006,0.535,0.8111283741621341,0.17652351379394532,0.54,0.53
EEGNet-NoDemean,39,1,48,0.515,0.030000000000000027,0.515,0.9214231292300391,0.23905172169208527,0.59,0.44
EEGNet-NoDemean,39,2,8,0.51,0.020000000000000018,0.51,0.7727063560104203,0.15209450513124467,0.25,0.77
EEGNet-NoDemean,40,0,23,0.555,0.1100000000000001,0.555,0.9129022405551039,0.2438382539153099,0.19,0.92
EEGNet-NoDemean,40,1,40,0.58,0.15999999999999992,0.58,0.8537253791772907,0.17411302983760835,0.42,0.74
EEGNet-NoDemean,40,2,80,0.615,0.22999999999999998,0.615,0.8394143792997936,0.1999256512522698,0.51,0.72
EEGNet-NoDemean,41,0,20,0.53,0.06000000000000005,0.53,0.7076515487480803,0.07005239605903621,0.44,0.62
EEGNet-NoDemean,41,1,48,0.54,0.08000000000000007,0.54,0.8322802960064741,0.16831363826990126,0.72,0.36
EEGNet-NoDemean,41,2,56,0.505,0.010000000000000009,0.505,0.9750764862271717,0.26383362233638763,0.74,0.27
EEGNet-NoDemean,42,0,39,0.645,0.29000000000000004,0.645,0.8669938409438482,0.2261917194724083,0.96,0.33
EEGNet-NoDemean,42,1,39,0.645,0.29000000000000004,0.645,0.9120471943479679,0.2228919991850853,0.95,0.34
EEGNet-NoDemean,42,2,86,0.63,0.26,0.63,1.0695766242494227,0.2643843418359757,0.95,0.31
EEGNet-NoDemean,43,0,67,0.545,0.09000000000000008,0.545,2.903735016272896,0.4314612510800362,0.09,1.0
EEGNet-NoDemean,43,1,104,0.505,0.010000000000000009,0.505,3.537899411568804,0.49065049320459364,0.01,1.0
EEGNet-NoDemean,43,2,144,0.585,0.16999999999999993,0.585,1.8737141146441325,0.3637470465898514,0.19,0.98
EEGNet-NoDemean,44,0,22,0.49,-0.020000000000000018,0.49000000000000005,0.9466353266642779,0.284387788772583,0.05,0.93
EEGNet-NoDemean,44,1,2,0.495,-0.010000000000000009,0.495,0.7231633938331566,0.1518435367941856,0.18,0.81
EEGNet-NoDemean,44,2,7,0.485,-0.030000000000000027,0.485,0.7233888680654854,0.1671142613887787,0.7,0.27
EEGNet-NoDemean,45,0,84,0.52,0.040000000000000036,0.52,1.0325920373126525,0.2604942810535431,0.47,0.57
EEGNet-NoDemean,45,1,47,0.525,0.050000000000000044,0.525,0.8786767800810915,0.23409356325864789,0.37,0.68
EEGNet-NoDemean,45,2,28,0.49,-0.020000000000000018,0.49,0.7538207215543195,0.13963580280542368,0.72,0.26
EEGNet-NoDemean,46,0,54,0.59,0.17999999999999994,0.59,1.0118726619619742,0.29262327492237084,0.21,0.97
EEGNet-NoDemean,46,1,88,0.74,0.48,0.74,0.6453937637693619,0.11603728652000428,0.61,0.87
EEGNet-NoDemean,46,2,90,0.605,0.20999999999999996,0.605,1.0822759884594297,0.2815928936004639,0.25,0.96
EEGNet-NoDemean,47,0,77,0.8,0.6000000000000001,0.8,0.4070127656741455,0.04085517048835753,0.9,0.7
EEGNet-NoDemean,47,1,12,0.76,0.52,0.76,0.5240343136795231,0.06570877820253371,0.89,0.63
EEGNet-NoDemean,47,2,134,0.68,0.3600000000000001,0.6799999999999999,0.6600201498496082,0.12895775020122527,0.84,0.52
EEGNet-NoDemean,48,0,75,0.565,0.1299999999999999,0.5650000000000001,3.108782184782578,0.39998805642127994,0.68,0.45
EEGNet-NoDemean,48,1,100,0.605,0.20999999999999996,0.605,2.2317327080795892,0.32854442059993755,0.68,0.53
EEGNet-NoDemean,48,2,62,0.63,0.26,0.63,1.669185935256156,0.3119483211636543,0.68,0.58
EEGNet-NoDemean,49,0,2,0.535,0.07000000000000006,0.535,0.7112347717583425,0.09283273309469228,0.93,0.14
EEGNet-NoDemean,49,1,80,0.485,-0.030000000000000027,0.485,2.178556584526584,0.4874324905872345,0.95,0.02
EEGNet-NoDemean,49,2,34,0.53,0.06000000000000005,0.53,1.1406520294806919,0.33330126941204075,0.94,0.12
EEGNet-NoDemean,50,0,2,0.445,-0.10999999999999999,0.445,0.7052350467250857,0.09466242939233775,0.27,0.62
EEGNet-NoDemean,50,1,4,0.475,-0.050000000000000044,0.475,0.7261015238025479,0.11752232640981675,0.84,0.11
EEGNet-NoDemean,50,2,19,0.54,0.08000000000000007,0.54,0.696160978061134,0.07406990200281144,0.42,0.66
EEGNet-NoDemean,51,0,29,0.53,0.06000000000000005,0.53,1.5878880923441716,0.332243187725544,0.64,0.42
EEGNet-NoDemean,51,1,176,0.61,0.21999999999999997,0.61,2.0173964172473022,0.2688708412647247,0.69,0.53
EEGNet-NoDemean,51,2,182,0.6,0.19999999999999996,0.6000000000000001,1.7962988633016688,0.30608508527278905,0.67,0.53
EEGNet-NoDemean,52,0,9,0.585,0.16999999999999993,0.585,0.6702059514954917,0.09667472153902053,0.67,0.5
EEGNet-NoDemean,52,1,14,0.61,0.21999999999999997,0.6100000000000001,0.6455676818119673,0.028093618154525754,0.67,0.55
EEGNet-NoDemean,52,2,106,0.635,0.27,0.635,0.7108270390561665,0.15366457939147948,0.87,0.4
EEGNet-NoDemean,53,0,80,0.565,0.1299999999999999,0.565,1.2592141996319863,0.2896224382519722,0.83,0.3
EEGNet-NoDemean,53,1,8,0.535,0.07000000000000006,0.535,1.0749465069953232,0.2933218711614609,0.91,0.16
EEGNet-NoDemean,53,2,48,0.555,0.1100000000000001,0.555,0.870432883521354,0.2147518104314804,0.8,0.31
EEGNet-NoDemean,54,0,19,0.55,0.10000000000000009,0.55,0.7069988847077462,0.06437830090522764,0.59,0.51
EEGNet-NoDemean,54,1,30,0.585,0.16999999999999993,0.585,0.7180329430071546,0.09785463839769364,0.31,0.86
EEGNet-NoDemean,54,2,94,0.525,0.050000000000000044,0.525,1.0187803474095114,0.26563298881053926,0.73,0.32
EEGNet-Demean,1,0,20,0.61,0.21999999999999997,0.6100000000000001,0.6765462241652352,0.06808640480041497,0.54,0.68
EEGNet-Demean,1,1,54,0.61,0.21999999999999997,0.61,0.7370900571812689,0.0885695993900299,0.61,0.61
EEGNet-Demean,1,2,48,0.58,0.15999999999999992,0.5800000000000001,0.7512122861890507,0.13402255922555922,0.66,0.5
EEGNet-Demean,2,0,68,0.69,0.3799999999999999,0.69,0.613824423074595,0.12162011533975602,0.6,0.78
EEGNet-Demean,2,1,63,0.71,0.41999999999999993,0.71,0.6164331756821773,0.10844650775194167,0.57,0.85
EEGNet-Demean,2,2,28,0.625,0.25,0.625,0.6625128412915373,0.03434517443180082,0.5,0.75
EEGNet-Demean,3,0,2,0.485,-0.030000000000000027,0.485,0.697628581527131,0.05035222381353384,0.6,0.37
EEGNet-Demean,3,1,4,0.53,0.06000000000000005,0.53,0.6920429621691536,0.02232813566923143,0.56,0.5
EEGNet-Demean,3,2,24,0.535,0.07000000000000006,0.5349999999999999,0.7166031103127889,0.10690678447484973,0.59,0.48
EEGNet-Demean,4,0,36,0.785,0.5700000000000001,0.7849999999999999,0.38551434428861414,0.07666343808174135,0.73,0.84
EEGNet-Demean,4,1,54,0.79,0.5800000000000001,0.79,0.44220718077179577,0.09562737673521038,0.72,0.86
EEGNet-Demean,4,2,61,0.795,0.5900000000000001,0.795,0.47109733480244087,0.08332214474678035,0.67,0.92
EEGNet-Demean,5,0,42,0.64,0.28,0.64,0.7756443456790032,0.1531335324048996,0.49,0.79
EEGNet-Demean,5,1,66,0.605,0.20999999999999996,0.605,0.8532260720663655,0.19384591192007067,0.53,0.68
EEGNet-Demean,5,2,24,0.6,0.19999999999999996,0.6,0.7271824554373774,0.10254963606595993,0.6,0.6
EEGNet-Demean,6,0,44,0.9,0.8,0.8999999999999999,0.2690775627170845,0.01500000208616257,0.83,0.97
EEGNet-Demean,6,1,42,0.85,0.7,0.8500000000000001,0.2912984669750731,0.05840235352516173,0.79,0.91
EEGNet-Demean,6,2,42,0.93,0.8600000000000001,0.93,0.2396466479439259,0.04333058655261999,0.93,0.93
EEGNet-Demean,7,0,114,0.795,0.5900000000000001,0.795,0.5135992741802372,0.0809329280257225,0.8,0.79
EEGNet-Demean,7,1,64,0.815,0.6299999999999999,0.815,0.48103705380126777,0.09380111128091817,0.84,0.79
EEGNet-Demean,7,2,128,0.795,0.5900000000000001,0.7949999999999999,0.6697571909352931,0.14999154686927796,0.76,0.83
EEGNet-Demean,8,0,80,0.69,0.3799999999999999,0.69,1.0870384955345045,0.23905337125062945,0.77,0.61
EEGNet-Demean,8,1,82,0.63,0.26,0.63,1.2580039759437311,0.2402032536268234,0.74,0.52
EEGNet-Demean,8,2,101,0.685,0.3700000000000001,0.685,1.116188798596204,0.2272622489929199,0.74,0.63
EEGNet-Demean,9,0,12,0.49,-0.020000000000000018,0.49,0.7275824718485189,0.0800125262141228,0.54,0.44
EEGNet-Demean,9,1,2,0.505,0.010000000000000009,0.505,0.7053638303201204,0.025495542883873044,0.64,0.37
EEGNet-Demean,9,2,29,0.47,-0.06000000000000005,0.47000000000000003,0.7684553404845125,0.16097600221633912,0.39,0.55
EEGNet-Demean,10,0,2,0.51,0.020000000000000018,0.51,0.6873203583865779,0.04312557548284531,0.38,0.64
EEGNet-Demean,10,1,8,0.505,0.010000000000000009,0.505,0.7319170883096917,0.08740230321884153,0.45,0.56
EEGNet-Demean,10,2,8,0.52,0.040000000000000036,0.52,0.7035983689296256,0.03884173065423967,0.59,0.45
EEGNet-Demean,11,0,18,0.465,-0.06999999999999995,0.46499999999999997,0.8720243970035912,0.2654755812883377,0.58,0.35
EEGNet-Demean,11,1,66,0.52,0.040000000000000036,0.52,0.9370717587079035,0.2801756012439728,0.75,0.29
EEGNet-Demean,11,2,18,0.525,0.050000000000000044,0.525,0.6970235105701628,0.09032984018325806,0.65,0.4
EEGNet-Demean,12,0,77,0.55,0.10000000000000009,0.55,1.1920538860759533,0.2996284994482994,0.28,0.82
EEGNet-Demean,12,1,74,0.595,0.18999999999999995,0.595,1.1719937577429251,0.2694966858625413,0.34,0.85
EEGNet-Demean,12,2,57,0.635,0.27,0.635,0.8244180214917981,0.1694387549161911,0.49,0.78
EEGNet-Demean,13,0,71,0.62,0.24,0.62,0.7780740847013601,0.1476483842730522,0.61,0.63
EEGNet-Demean,13,1,56,0.585,0.16999999999999993,0.585,0.9797511208261637,0.2108039644360542,0.63,0.54
EEGNet-Demean,13,2,84,0.645,0.29000000000000004,0.645,0.8821424483129442,0.18516585022211074,0.67,0.62
EEGNet-Demean,14,0,60,0.59,0.17999999999999994,0.5900000000000001,0.7586621350162993,0.15911458104848863,0.67,0.51
EEGNet-Demean,14,1,20,0.54,0.08000000000000007,0.54,0.718055401811521,0.09091668277978895,0.53,0.55
EEGNet-Demean,14,2,81,0.605,0.20999999999999996,0.605,0.9008554524967829,0.2106222933530808,0.54,0.67
EEGNet-Demean,15,0,72,0.765,0.53,0.765,0.7115679488879775,0.13840787380933758,0.66,0.87
EEGNet-Demean,15,1,70,0.735,0.47,0.735,0.6081443878714642,0.11111651271581652,0.78,0.69
EEGNet-Demean,15,2,75,0.735,0.47,0.735,0.6424309789408096,0.15271870136260984,0.72,0.75
EEGNet-Demean,16,0,46,0.645,0.29000000000000004,0.645,0.767059169326332,0.1963473609089851,0.61,0.68
EEGNet-Demean,16,1,73,0.645,0.29000000000000004,0.645,0.9115024835759462,0.20742743492126464,0.44,0.85
EEGNet-Demean,16,2,1,0.48,-0.040000000000000036,0.48,0.6912118682781684,0.09728114366531371,0.54,0.42
EEGNet-Demean,17,0,2,0.575,0.1499999999999999,0.575,0.686755550218538,0.03855325192213055,0.56,0.59
EEGNet-Demean,17,1,32,0.58,0.15999999999999992,0.5800000000000001,0.9557553618121881,0.1774075144529343,0.78,0.38
EEGNet-Demean,17,2,10,0.555,0.1100000000000001,0.5549999999999999,0.7260466542121492,0.07719821691513058,0.75,0.36
EEGNet-Demean,18,0,17,0.52,0.040000000000000036,0.52,0.7238371422100692,0.09756854981184006,0.27,0.77
EEGNet-Demean,18,1,47,0.58,0.15999999999999992,0.58,0.7358186145494908,0.08239823758602141,0.44,0.72
EEGNet-Demean,18,2,4,0.54,0.08000000000000007,0.54,0.6942788100586148,0.019668275117874195,0.68,0.4
EEGNet-Demean,19,0,31,0.585,0.16999999999999993,0.585,0.6970204222541205,0.09279060274362565,0.62,0.55
EEGNet-Demean,19,1,40,0.585,0.16999999999999993,0.585,0.6966746195474446,0.09568882286548612,0.57,0.6
EEGNet-Demean,19,2,3,0.54,0.08000000000000007,0.54,0.6842477221882143,0.03163662165403367,0.55,0.53
EEGNet-Demean,20,0,45,0.68,0.3600000000000001,0.6799999999999999,0.6427287934037526,0.028598227798938745,0.67,0.69
EEGNet-Demean,20,1,111,0.6,0.19999999999999996,0.6,1.0459820410427882,0.2660685512423515,0.59,0.61
EEGNet-Demean,20,2,30,0.58,0.15999999999999992,0.5800000000000001,0.6862879023587374,0.05188260108232501,0.56,0.6
EEGNet-Demean,21,0,93,0.63,0.26,0.63,0.7668677525760375,0.17539898544549942,0.82,0.44
EEGNet-Demean,21,1,36,0.54,0.08000000000000007,0.54,0.7654058464598351,0.14103431403636937,0.54,0.54
EEGNet-Demean,21,2,30,0.455,-0.08999999999999997,0.45499999999999996,0.8078728334846059,0.21333554089069368,0.49,0.42
EEGNet-Demean,22,0,31,0.52,0.040000000000000036,0.52,0.7487364649281933,0.1365781661868095,0.6,0.44
EEGNet-Demean,22,1,2,0.56,0.1200000000000001,0.56,0.6826389872235746,0.02998235255479819,0.66,0.46
EEGNet-Demean,22,2,46,0.565,0.1299999999999999,0.565,0.8123731635910296,0.1379795590043068,0.74,0.39
EEGNet-Demean,23,0,4,0.545,0.09000000000000008,0.5449999999999999,0.6910082125803589,0.02066358536481859,0.59,0.5
EEGNet-Demean,23,1,22,0.525,0.050000000000000044,0.525,0.717628103760121,0.10199678719043731,0.51,0.54
EEGNet-Demean,23,2,13,0.535,0.07000000000000006,0.5349999999999999,0.6946862130079599,0.04850181013345715,0.59,0.48
EEGNet-Demean,24,0,21,0.49,-0.020000000000000018,0.49,0.7848521700830825,0.17864949464797975,0.53,0.45
EEGNet-Demean,24,1,18,0.5,0.0,0.5,0.7633690626270706,0.11299648165702816,0.51,0.49
EEGNet-Demean,24,2,2,0.475,-0.050000000000000044,0.475,0.7189691587372137,0.08588623672723772,0.61,0.34
EEGNet-Demean,25,0,15,0.84,0.6799999999999999,0.84,0.41886393686470386,0.06608325660228728,0.71,0.97
EEGNet-Demean,25,1,24,0.85,0.7,0.85,0.35163155412952013,0.06677198886871337,0.83,0.87
EEGNet-Demean,25,2,51,0.925,0.8500000000000001,0.925,0.21585976684117486,0.06362049221992498,0.87,0.98
EEGNet-Demean,26,0,58,0.785,0.5700000000000001,0.7849999999999999,0.5570148144541196,0.09063656747341156,0.74,0.83
EEGNet-Demean,26,1,52,0.77,0.54,0.77,0.5744979579312112,0.08141710430383686,0.68,0.86
EEGNet-Demean,26,2,82,0.775,0.55,0.7749999999999999,0.6236504001288249,0.11334296166896823,0.73,0.82
EEGNet-Demean,27,0,38,0.75,0.5,0.75,0.537878237097732,0.09662446826696397,0.81,0.69
EEGNet-Demean,27,1,98,0.79,0.5800000000000001,0.79,0.5627594016472314,0.08884845107793812,0.86,0.72
EEGNet-Demean,27,2,113,0.805,0.6100000000000001,0.8049999999999999,0.5902726712964415,0.12626024007797249,0.96,0.65
EEGNet-Demean,28,0,44,0.75,0.5,0.75,0.6292660220417816,0.12175711989402768,0.76,0.74
EEGNet-Demean,28,1,32,0.735,0.47,0.735,0.6187729718348841,0.10326828777790067,0.78,0.69
EEGNet-Demean,28,2,76,0.765,0.53,0.765,0.6842820847299174,0.11062106847763062,0.8,0.73
EEGNet-Demean,29,0,71,0.84,0.6799999999999999,0.8400000000000001,0.4778923219472776,0.08802748858928687,0.81,0.87
EEGNet-Demean,29,1,90,0.86,0.72,0.86,0.33348999718996547,0.047268263101577765,0.87,0.85
EEGNet-Demean,29,2,93,0.895,0.79,0.895,0.24761823496713353,0.035575935840606705,0.88,0.91
EEGNet-Demean,30,0,42,0.635,0.27,0.635,1.1927587649866604,0.15969195783138282,0.59,0.68
EEGNet-Demean,30,1,63,0.655,0.31000000000000005,0.655,1.6799053750116735,0.18412887662649158,0.69,0.62
EEGNet-Demean,30,2,94,0.675,0.3500000000000001,0.675,2.0753027462393763,0.18149133771657944,0.7,0.65
EEGNet-Demean,31,0,104,0.695,0.3899999999999999,0.6950000000000001,0.6832289897055603,0.12813485771417618,0.76,0.63
EEGNet-Demean,31,1,86,0.74,0.48,0.74,0.5735571557267377,0.0729808783531189,0.7,0.78
EEGNet-Demean,31,2,76,0.745,0.49,0.7450000000000001,0.5733056258307728,0.08520084738731384,0.81,0.68
EEGNet-Demean,32,0,4,0.52,0.040000000000000036,0.52,0.6943269515330249,0.024794858396053273,0.47,0.57
EEGNet-Demean,32,1,10,0.51,0.020000000000000018,0.51,0.7083328498484285,0.06250230103731158,0.53,0.49
EEGNet-Demean,32,2,12,0.52,0.040000000000000036,0.52,0.8912359443041205,0.1729919955134392,0.72,0.32
EEGNet-Demean,33,0,28,0.665,0.33000000000000007,0.665,0.6411907396310519,0.08983968794345855,0.74,0.59
EEGNet-Demean,33,1,47,0.655,0.31000000000000005,0.655,0.6598790601590943,0.1017785429954529,0.71,0.6
EEGNet-Demean,33,2,28,0.61,0.21999999999999997,0.61,0.7504224863419614,0.14786547601222993,0.73,0.49
EEGNet-Demean,34,0,45,0.61,0.21999999999999997,0.61,0.670536765415909,0.09383710533380515,0.4,0.82
EEGNet-Demean,34,1,24,0.575,0.1499999999999999,0.575,0.6577681032278122,0.07938245147466663,0.38,0.77
EEGNet-Demean,34,2,38,0.6,0.19999999999999996,0.6,0.6824474371283351,0.11103161931037897,0.36,0.84
EEGNet-Demean,35,0,140,0.9,0.8,0.8999999999999999,0.4862121078525846,0.0936334842443467,0.82,0.98
EEGNet-Demean,35,1,89,0.87,0.74,0.87,0.47111860059206606,0.11461934208869937,0.79,0.95
EEGNet-Demean,35,2,78,0.925,0.8500000000000001,0.925,0.32570694760205887,0.06664143830537803,0.87,0.98
EEGNet-Demean,36,0,6,0.705,0.4099999999999999,0.7050000000000001,0.5921408373647148,0.07537320584058761,0.65,0.76
EEGNet-Demean,36,1,52,0.835,0.6699999999999999,0.835,0.3638986377679224,0.012863205969333668,0.83,0.84
EEGNet-Demean,36,2,62,0.82,0.6399999999999999,0.8200000000000001,0.4049081689395331,0.059938617646694156,0.81,0.83
EEGNet-Demean,37,0,22,0.495,-0.010000000000000009,0.495,0.707773313364715,0.06770501464605333,0.56,0.43
EEGNet-Demean,37,1,34,0.5,0.0,0.5,0.7195077204083469,0.09821444272994997,0.73,0.27
EEGNet-Demean,37,2,1,0.5,0.0,0.5,0.6924101031695911,0.01091677486896514,0.41,0.59
EEGNet-Demean,38,0,42,0.63,0.26,0.63,0.6374572882690641,0.03451741695404053,0.58,0.68
EEGNet-Demean,38,1,8,0.5,0.0,0.5,0.6935904644301426,0.08065523475408554,0.75,0.25
EEGNet-Demean,38,2,19,0.535,0.07000000000000006,0.5349999999999999,0.6939213235324826,0.026687915325164763,0.59,0.48
EEGNet-Demean,39,0,66,0.65,0.30000000000000004,0.65,0.7455583483157383,0.14074627459049224,0.66,0.64
EEGNet-Demean,39,1,104,0.57,0.1399999999999999,0.5700000000000001,1.0134579208480492,0.24668660759925845,0.59,0.55
EEGNet-Demean,39,2,62,0.57,0.1399999999999999,0.5700000000000001,0.8531247858331023,0.21923951745033265,0.66,0.48
EEGNet-Demean,40,0,55,0.68,0.3600000000000001,0.68,0.5813929818439353,0.055482401847839334,0.56,0.8
EEGNet-Demean,40,1,10,0.59,0.17999999999999994,0.5900000000000001,0.6748702268277775,0.028435949385166203,0.67,0.51
EEGNet-Demean,40,2,48,0.715,0.42999999999999994,0.715,0.573492407580897,0.027445882856845846,0.69,0.74
EEGNet-Demean,41,0,34,0.545,0.09000000000000008,0.545,0.8594705945300148,0.2128784227371216,0.41,0.68
EEGNet-Demean,41,1,47,0.59,0.17999999999999994,0.59,0.8947871674642311,0.16811284631490706,0.7,0.48
EEGNet-Demean,41,2,60,0.54,0.08000000000000007,0.54,1.145892631110657,0.3047355541586876,0.55,0.53
EEGNet-Demean,42,0,24,0.65,0.30000000000000004,0.65,0.6634199010409114,0.09223168104887007,0.74,0.56
EEGNet-Demean,42,1,28,0.665,0.33000000000000007,0.665,0.6594377374354966,0.04885318189859391,0.77,0.56
EEGNet-Demean,42,2,33,0.635,0.27,0.635,0.6781728517307346,0.08384195595979695,0.79,0.48
EEGNet-Demean,43,0,74,0.85,0.7,0.85,0.36448185239729525,0.037838762700557714,0.86,0.84
EEGNet-Demean,43,1,54,0.855,0.71,0.855,0.3274109224095468,0.037862121462822015,0.9,0.81
EEGNet-Demean,43,2,106,0.8,0.6000000000000001,0.8,0.49347047955513873,0.10306030243635178,0.85,0.75
EEGNet-Demean,44,0,106,0.715,0.42999999999999994,0.7150000000000001,0.64702372114247,0.12247077941894532,0.77,0.66
EEGNet-Demean,44,1,100,0.725,0.44999999999999996,0.7250000000000001,0.6101982829399414,0.11709161132574081,0.78,0.67
EEGNet-Demean,44,2,76,0.66,0.32000000000000006,0.66,0.6781194736959406,0.12444821685552597,0.76,0.56
EEGNet-Demean,45,0,123,0.6,0.19999999999999996,0.6,1.5180158129161838,0.2855905404686928,0.63,0.57
EEGNet-Demean,45,1,84,0.615,0.22999999999999998,0.615,0.9721306299559528,0.22810105711221695,0.66,0.57
EEGNet-Demean,45,2,42,0.63,0.26,0.63,0.691915148214343,0.09519173026084901,0.64,0.62
EEGNet-Demean,46,0,11,0.67,0.3400000000000001,0.6699999999999999,0.5694789912482566,0.09864116847515099,0.76,0.58
EEGNet-Demean,46,1,8,0.66,0.32000000000000006,0.6599999999999999,0.6484448264181688,0.08295581042766569,0.72,0.6
EEGNet-Demean,46,2,34,0.725,0.44999999999999996,0.725,0.5434980772225889,0.06232590109109881,0.7,0.75
EEGNet-Demean,47,0,22,0.815,0.6299999999999999,0.815,0.44278180902274017,0.06596248298883438,0.77,0.86
EEGNet-Demean,47,1,55,0.8,0.6000000000000001,0.8,0.48550441630980484,0.05570954859256747,0.76,0.84
EEGNet-Demean,47,2,26,0.715,0.42999999999999994,0.715,0.5667700091132765,0.07917992979288106,0.72,0.71
EEGNet-Demean,48,0,44,0.72,0.43999999999999995,0.72,0.8124204741448016,0.16198819816112517,0.72,0.72
EEGNet-Demean,48,1,42,0.685,0.3700000000000001,0.685,0.9643714431092206,0.18083418667316437,0.7,0.67
EEGNet-Demean,48,2,64,0.73,0.45999999999999996,0.73,0.7423348113074681,0.159395979642868,0.8,0.66
EEGNet-Demean,49,0,23,0.67,0.3400000000000001,0.6699999999999999,0.5641950217789747,0.06353750556707387,0.64,0.7
EEGNet-Demean,49,1,34,0.69,0.3799999999999999,0.69,0.609889311403917,0.05685211062431333,0.71,0.67
EEGNet-Demean,49,2,66,0.655,0.31000000000000005,0.655,0.7335853920147304,0.15261875063180924,0.71,0.6
EEGNet-Demean,50,0,30,0.535,0.07000000000000006,0.5349999999999999,0.7329171486799883,0.11457295924425126,0.25,0.82
EEGNet-Demean,50,1,30,0.48,-0.040000000000000036,0.48,0.7960867511320678,0.1834644678235054,0.26,0.7
EEGNet-Demean,50,2,2,0.565,0.1299999999999999,0.565,0.6799649980412393,0.027459734082222,0.59,0.54
EEGNet-Demean,51,0,113,0.625,0.25,0.625,1.011276445046808,0.22388913840055463,0.65,0.6
EEGNet-Demean,51,1,91,0.65,0.30000000000000004,0.65,0.9090583071675203,0.19492579340934751,0.66,0.64
EEGNet-Demean,51,2,52,0.675,0.3500000000000001,0.675,0.8536890355147204,0.1897770798206329,0.71,0.64
EEGNet-Demean,52,0,52,0.65,0.30000000000000004,0.65,0.697896034207597,0.1282246324419975,0.68,0.62
EEGNet-Demean,52,1,13,0.555,0.1100000000000001,0.5549999999999999,0.6869910854357522,0.057551875412464155,0.51,0.6
EEGNet-Demean,52,2,52,0.63,0.26,0.63,0.6724202645769659,0.13173472940921782,0.54,0.72
EEGNet-Demean,53,0,72,0.6,0.19999999999999996,0.6000000000000001,0.9863001508733541,0.24576962679624556,0.68,0.52
EEGNet-Demean,53,1,54,0.565,0.1299999999999999,0.565,0.8347969543397405,0.1851252070069313,0.65,0.48
EEGNet-Demean,53,2,40,0.495,-0.010000000000000009,0.495,0.9442011122928129,0.26281021296977997,0.59,0.4
EEGNet-Demean,54,0,41,0.555,0.1100000000000001,0.5549999999999999,0.8276762985090208,0.14195327311754224,0.57,0.54
EEGNet-Demean,54,1,84,0.57,0.1399999999999999,0.5700000000000001,0.8207771804116603,0.15580702155828474,0.56,0.58
EEGNet-Demean,54,2,23,0.545,0.09000000000000008,0.545,0.6962829077516568,0.0332417476177215,0.63,0.46
