subject,EEGNet-Demean,ATCNet-Matched-Demean,EEGConformer-Matched-Demean,NPFEEGNet-RawDemean,NPF_minus_EEGConformer
1,0.6,0.495,0.545,0.6733333333333333,0.1283333333333333
2,0.675,0.5833333333333334,0.6316666666666667,0.6183333333333333,-0.01333333333333342
3,0.5166666666666667,0.49833333333333335,0.56,0.7600000000000001,0.20000000000000007
4,0.79,0.755,0.8133333333333334,0.82,0.006666666666666599
5,0.615,0.495,0.5616666666666666,0.7483333333333334,0.18666666666666676
6,0.8933333333333333,0.8383333333333334,0.865,0.9083333333333333,0.043333333333333335
7,0.8016666666666666,0.685,0.7333333333333333,0.7866666666666667,0.053333333333333455
8,0.6683333333333333,0.6116666666666667,0.6266666666666667,0.6750000000000002,0.04833333333333345
9,0.48833333333333334,0.505,0.515,0.6933333333333334,0.17833333333333334
10,0.5116666666666667,0.5316666666666666,0.5033333333333333,0.5966666666666667,0.09333333333333338
11,0.5033333333333333,0.515,0.5216666666666666,0.5166666666666667,-0.004999999999999893
12,0.5933333333333334,0.5166666666666667,0.5533333333333333,0.5983333333333333,0.04499999999999993
13,0.6166666666666667,0.5533333333333333,0.5883333333333334,0.6016666666666667,0.013333333333333308
14,0.5783333333333334,0.5616666666666666,0.525,0.5566666666666666,0.03166666666666662
15,0.745,0.6833333333333333,0.7516666666666667,0.7600000000000001,0.008333333333333415
16,0.59,0.5833333333333334,0.6083333333333333,0.685,0.07666666666666677
17,0.57,0.5316666666666666,0.5416666666666666,0.5599999999999999,0.018333333333333313
18,0.5466666666666666,0.5216666666666666,0.5633333333333334,0.8450000000000001,0.28166666666666673
19,0.57,0.57,0.5666666666666667,0.7033333333333333,0.1366666666666666
20,0.62,0.535,0.5716666666666667,0.6166666666666667,0.04500000000000004
21,0.5416666666666666,0.7783333333333333,0.6083333333333333,0.945,0.33666666666666667
22,0.5483333333333333,0.5283333333333333,0.535,0.6033333333333334,0.06833333333333336
23,0.535,0.5266666666666666,0.5016666666666667,0.5216666666666666,0.019999999999999907
24,0.48833333333333334,0.485,0.48833333333333334,0.5116666666666666,0.02333333333333326
25,0.8716666666666667,0.7066666666666667,0.8616666666666667,0.8716666666666667,0.010000000000000009
26,0.7766666666666666,0.675,0.7233333333333334,0.7600000000000001,0.036666666666666736
27,0.7816666666666666,0.6583333333333333,0.7533333333333333,0.7733333333333333,0.020000000000000018
28,0.75,0.7166666666666667,0.7,0.8000000000000002,0.1000000000000002
29,0.865,0.8716666666666667,0.7816666666666666,0.8916666666666667,0.1100000000000001
30,0.655,0.5166666666666667,0.6383333333333333,0.6383333333333333,0.0
31,0.7266666666666667,0.5983333333333334,0.6166666666666667,0.735,0.11833333333333329
32,0.5166666666666667,0.5166666666666667,0.5633333333333334,0.6133333333333333,0.04999999999999993
33,0.6433333333333333,0.8,0.67,0.9316666666666666,0.2616666666666666
34,0.595,0.5283333333333333,0.5766666666666667,0.6083333333333333,0.03166666666666662
35,0.8983333333333333,0.7533333333333333,0.8366666666666667,0.9050000000000001,0.06833333333333347
36,0.7866666666666666,0.9183333333333333,0.7666666666666667,0.985,0.21833333333333327
37,0.49833333333333335,0.6633333333333333,0.5316666666666666,0.9266666666666667,0.39500000000000013
38,0.555,0.49166666666666664,0.5283333333333333,0.5666666666666667,0.03833333333333333
39,0.5966666666666667,0.53,0.5716666666666667,0.635,0.06333333333333335
40,0.6616666666666666,0.58,0.6666666666666666,0.68,0.01333333333333342
41,0.5583333333333333,0.5083333333333333,0.525,0.5483333333333333,0.023333333333333317
42,0.65,0.5666666666666667,0.5933333333333334,0.6483333333333333,0.05499999999999994
43,0.835,0.7733333333333333,0.7933333333333333,0.855,0.06166666666666665
44,0.7,0.7833333333333333,0.6316666666666667,0.9700000000000001,0.3383333333333334
45,0.615,0.58,0.5816666666666667,0.765,0.18333333333333335
46,0.685,0.6483333333333333,0.6583333333333333,0.68,0.021666666666666723
47,0.7766666666666666,0.6633333333333333,0.745,0.775,0.030000000000000027
48,0.7116666666666667,0.635,0.6416666666666667,0.6983333333333333,0.05666666666666653
49,0.6716666666666666,0.5616666666666666,0.6383333333333333,0.6633333333333333,0.025000000000000022
50,0.5266666666666666,0.5316666666666666,0.5066666666666667,0.535,0.02833333333333332
51,0.65,0.6216666666666667,0.6133333333333333,0.6333333333333334,0.02000000000000013
52,0.6116666666666667,0.57,0.5733333333333334,0.6316666666666667,0.05833333333333335
53,0.5533333333333333,0.485,0.555,0.5566666666666668,0.0016666666666667052
54,0.5566666666666666,0.5,0.5183333333333333,0.5566666666666666,0.03833333333333333
