subject,EEGNet-Demean,ATCNet-Matched-Demean,NPFEEGNet-RawDemean,NPF_minus_ATCNet
1,0.6,0.495,0.6733333333333333,0.17833333333333334
2,0.675,0.5833333333333334,0.6183333333333333,0.03499999999999992
3,0.5166666666666667,0.49833333333333335,0.7600000000000001,0.26166666666666677
4,0.79,0.755,0.82,0.06499999999999995
5,0.615,0.495,0.7483333333333334,0.2533333333333334
6,0.8933333333333333,0.8383333333333334,0.9083333333333333,0.06999999999999995
7,0.8016666666666666,0.685,0.7866666666666667,0.10166666666666668
8,0.6683333333333333,0.6116666666666667,0.6750000000000002,0.06333333333333346
9,0.48833333333333334,0.505,0.6933333333333334,0.18833333333333335
10,0.5116666666666667,0.5316666666666666,0.5966666666666667,0.06500000000000006
11,0.5033333333333333,0.515,0.5166666666666667,0.0016666666666667052
12,0.5933333333333334,0.5166666666666667,0.5983333333333333,0.08166666666666655
13,0.6166666666666667,0.5533333333333333,0.6016666666666667,0.04833333333333334
14,0.5783333333333334,0.5616666666666666,0.5566666666666666,-0.0050000000000000044
15,0.745,0.6833333333333333,0.7600000000000001,0.07666666666666677
16,0.59,0.5833333333333334,0.685,0.10166666666666668
17,0.57,0.5316666666666666,0.5599999999999999,0.02833333333333332
18,0.5466666666666666,0.5216666666666666,0.8450000000000001,0.3233333333333335
19,0.57,0.57,0.7033333333333333,0.1333333333333333
20,0.62,0.535,0.6166666666666667,0.08166666666666667
21,0.5416666666666666,0.7783333333333333,0.945,0.16666666666666663
22,0.5483333333333333,0.5283333333333333,0.6033333333333334,0.07500000000000007
23,0.535,0.5266666666666666,0.5216666666666666,-0.0050000000000000044
24,0.48833333333333334,0.485,0.5116666666666666,0.026666666666666616
25,0.8716666666666667,0.7066666666666667,0.8716666666666667,0.16500000000000004
26,0.7766666666666666,0.675,0.7600000000000001,0.08500000000000008
27,0.7816666666666666,0.6583333333333333,0.7733333333333333,0.11499999999999999
28,0.75,0.7166666666666667,0.8000000000000002,0.08333333333333348
29,0.865,0.8716666666666667,0.8916666666666667,0.020000000000000018
30,0.655,0.5166666666666667,0.6383333333333333,0.12166666666666659
31,0.7266666666666667,0.5983333333333334,0.735,0.1366666666666666
32,0.5166666666666667,0.5166666666666667,0.6133333333333333,0.09666666666666657
33,0.6433333333333333,0.8,0.9316666666666666,0.1316666666666666
34,0.595,0.5283333333333333,0.6083333333333333,0.07999999999999996
35,0.8983333333333333,0.7533333333333333,0.9050000000000001,0.15166666666666684
36,0.7866666666666666,0.9183333333333333,0.985,0.06666666666666665
37,0.49833333333333335,0.6633333333333333,0.9266666666666667,0.2633333333333334
38,0.555,0.49166666666666664,0.5666666666666667,0.07500000000000001
39,0.5966666666666667,0.53,0.635,0.10499999999999998
40,0.6616666666666666,0.58,0.68,0.10000000000000009
41,0.5583333333333333,0.5083333333333333,0.5483333333333333,0.040000000000000036
42,0.65,0.5666666666666667,0.6483333333333333,0.08166666666666667
43,0.835,0.7733333333333333,0.855,0.08166666666666667
44,0.7,0.7833333333333333,0.9700000000000001,0.18666666666666676
45,0.615,0.58,0.765,0.18500000000000005
46,0.685,0.6483333333333333,0.68,0.03166666666666673
47,0.7766666666666666,0.6633333333333333,0.775,0.11166666666666669
48,0.7116666666666667,0.635,0.6983333333333333,0.06333333333333324
49,0.6716666666666666,0.5616666666666666,0.6633333333333333,0.10166666666666668
50,0.5266666666666666,0.5316666666666666,0.535,0.0033333333333334103
51,0.65,0.6216666666666667,0.6333333333333334,0.011666666666666714
52,0.6116666666666667,0.57,0.6316666666666667,0.06166666666666676
53,0.5533333333333333,0.485,0.5566666666666668,0.07166666666666677
54,0.5566666666666666,0.5,0.5566666666666666,0.05666666666666664
