variant,subject,seed,retrain_epochs,accuracy,kappa,balanced_accuracy,nll,ece,class0_recall,class1_recall,raw_accuracy,spectral_accuracy
nodemean,1,0,1,0.48,-0.040000000000000036,0.48000000000000004,0.7016056497501395,0.0609697952866554,0.56,0.4,0.47,0.495
nodemean,1,1,4,0.555,0.1100000000000001,0.5549999999999999,0.7266017109849743,0.09622963488101963,0.52,0.59,0.55,0.545
nodemean,1,2,14,0.5,0.0,0.5,0.7164916318178678,0.12648228436708447,0.48,0.52,0.51,0.495
nodemean,2,0,82,0.645,0.29000000000000004,0.645,0.7659940521741554,0.18308463722467427,0.62,0.67,0.66,0.525
nodemean,2,1,170,0.545,0.09000000000000008,0.545,1.6692159658779389,0.3921019074320793,0.11,0.98,0.715,0.505
nodemean,2,2,132,0.75,0.5,0.75,0.6571994973540362,0.15169322371482852,0.53,0.97,0.605,0.64
nodemean,3,0,87,0.955,0.9099999999999999,0.955,0.18864045613782562,0.0785851913690567,0.96,0.95,0.555,0.92
nodemean,3,1,34,0.595,0.18999999999999995,0.595,0.7378685344818419,0.1910927674174309,0.94,0.25,0.5,0.735
nodemean,3,2,82,0.95,0.8999999999999999,0.95,0.18880339317696063,0.05601785242557533,0.92,0.98,0.585,0.935
nodemean,4,0,40,0.715,0.42999999999999994,0.715,1.0549322040995117,0.2201171290874481,1.0,0.43,0.695,0.74
nodemean,4,1,38,0.71,0.41999999999999993,0.71,0.9760552334953772,0.2210652834177017,1.0,0.42,0.7,0.84
nodemean,4,2,64,0.635,0.27,0.635,1.3280034582112727,0.2974912571907044,1.0,0.27,0.605,0.805
nodemean,5,0,58,0.73,0.45999999999999996,0.73,0.6036905821694674,0.10287310719490052,0.75,0.71,0.615,0.745
nodemean,5,1,144,0.79,0.5800000000000001,0.79,0.5508971743156168,0.1202918609976768,0.92,0.66,0.62,0.815
nodemean,5,2,108,0.635,0.27,0.635,0.9764309861888983,0.2412854129076004,0.92,0.35,0.53,0.82
nodemean,6,0,52,0.915,0.8300000000000001,0.915,0.2043887407095717,0.030608085393905637,0.94,0.89,0.91,0.945
nodemean,6,1,94,0.93,0.8600000000000001,0.9299999999999999,0.2306806362586982,0.03729442209005359,0.97,0.89,0.94,0.85
nodemean,6,2,52,0.835,0.6699999999999999,0.835,0.41178405670501106,0.08054210901260374,0.97,0.7,0.805,0.875
nodemean,7,0,54,0.5,0.0,0.5,3.5049646389458893,0.49594510644674306,1.0,0.0,0.5,0.695
nodemean,7,1,70,0.5,0.0,0.5,4.081879599186846,0.4993475794792175,1.0,0.0,0.5,0.65
nodemean,7,2,42,0.5,0.0,0.5,2.17474809310069,0.46851298391819,1.0,0.0,0.5,0.61
nodemean,8,0,48,0.695,0.3899999999999999,0.6950000000000001,0.7355302089853086,0.14376630425453188,0.68,0.71,0.67,0.68
nodemean,8,1,132,0.7,0.3999999999999999,0.7,1.034576027712593,0.190412320792675,0.81,0.59,0.665,0.755
nodemean,8,2,134,0.665,0.33000000000000007,0.665,1.1184287735468852,0.22248917192220688,0.77,0.56,0.65,0.67
nodemean,9,0,107,0.795,0.5900000000000001,0.7949999999999999,0.5271382952341344,0.07380278348922734,0.7,0.89,0.485,0.8
nodemean,9,1,48,0.56,0.1200000000000001,0.56,0.7749243591241434,0.17204731017351155,0.21,0.91,0.47,0.725
nodemean,9,2,69,0.7,0.3999999999999999,0.7,0.5809965519919803,0.0418154665827751,0.6,0.8,0.45,0.76
nodemean,10,0,33,0.585,0.16999999999999993,0.585,0.6927225035916535,0.07168467551469801,0.67,0.5,0.54,0.695
nodemean,10,1,6,0.485,-0.030000000000000027,0.485,0.7080844543083543,0.05836107879877092,0.56,0.41,0.48,0.585
nodemean,10,2,1,0.535,0.07000000000000006,0.535,0.6944105457622807,0.004811804294586184,0.55,0.52,0.525,0.575
nodemean,11,0,6,0.5,0.0,0.5,0.7196270975385848,0.10832466453313833,0.69,0.31,0.49,0.525
nodemean,11,1,104,0.51,0.020000000000000018,0.51,0.9855184495662925,0.28019349157810214,0.61,0.41,0.535,0.53
nodemean,11,2,55,0.52,0.040000000000000036,0.52,0.8531822588448083,0.19244160771369934,0.64,0.4,0.495,0.5
nodemean,12,0,40,0.59,0.17999999999999994,0.5900000000000001,0.9916632818849908,0.27084563076496126,0.27,0.91,0.605,0.61
nodemean,12,1,40,0.57,0.1399999999999999,0.5700000000000001,1.1261815868954892,0.3054925978183746,0.33,0.81,0.56,0.595
nodemean,12,2,96,0.645,0.29000000000000004,0.645,0.9176300450884466,0.21831881582736973,0.43,0.86,0.655,0.615
nodemean,13,0,14,0.525,0.050000000000000044,0.525,1.102082462512912,0.31596944779157643,0.2,0.85,0.505,0.525
nodemean,13,1,70,0.535,0.07000000000000006,0.5349999999999999,1.4170358170994772,0.33930035769939426,0.36,0.71,0.515,0.515
nodemean,13,2,50,0.54,0.08000000000000007,0.54,1.2996496519772853,0.3046074947714806,0.23,0.85,0.52,0.535
nodemean,14,0,29,0.55,0.10000000000000009,0.55,0.7372504686838596,0.15184949606657028,0.74,0.36,0.545,0.505
nodemean,14,1,52,0.555,0.1100000000000001,0.5549999999999999,0.8770985066302376,0.2013544565439224,0.41,0.7,0.55,0.52
nodemean,14,2,14,0.475,-0.050000000000000044,0.475,0.7639524958167893,0.14206559151411055,0.46,0.49,0.475,0.53
nodemean,15,0,110,0.65,0.30000000000000004,0.65,1.3698894890413078,0.28042239099740973,0.78,0.52,0.65,0.605
nodemean,15,1,47,0.67,0.3400000000000001,0.67,0.926793890506114,0.21170255213975905,0.66,0.68,0.655,0.645
nodemean,15,2,24,0.615,0.22999999999999998,0.615,1.1581595340590847,0.26060521870851516,0.82,0.41,0.625,0.59
nodemean,16,0,6,0.77,0.54,0.77,0.4486746255663181,0.08885379612445835,0.95,0.59,0.77,0.47
nodemean,16,1,51,0.745,0.49,0.745,0.5560783603077334,0.141408132314682,0.91,0.58,0.725,0.75
nodemean,16,2,14,0.735,0.47,0.735,0.5398581079398177,0.07009423464536665,0.86,0.61,0.74,0.515
nodemean,17,0,40,0.54,0.08000000000000007,0.54,0.7988639226036617,0.15159767627716061,0.71,0.37,0.55,0.55
nodemean,17,1,27,0.58,0.15999999999999992,0.5800000000000001,0.7484329988427567,0.15720598220825197,0.92,0.24,0.555,0.61
nodemean,17,2,27,0.575,0.1499999999999999,0.575,0.7644262691691626,0.15588066846132279,0.85,0.3,0.555,0.525
nodemean,18,0,141,0.85,0.7,0.85,0.3712994726316664,0.07249389916658402,0.87,0.83,0.56,0.835
nodemean,18,1,128,0.75,0.5,0.75,0.7250539994990648,0.18093590855598451,0.99,0.51,0.545,0.755
nodemean,18,2,157,0.885,0.77,0.885,0.3171498887189222,0.03760507702827454,0.87,0.9,0.515,0.895
nodemean,19,0,116,0.8,0.6000000000000001,0.8,0.5013161555077013,0.08998384118080138,0.8,0.8,0.57,0.77
nodemean,19,1,52,0.67,0.3400000000000001,0.6699999999999999,0.6518153191185363,0.06698336511850357,0.64,0.7,0.57,0.675
nodemean,19,2,80,0.65,0.30000000000000004,0.65,0.8019994521029912,0.17702493488788607,0.93,0.37,0.56,0.7
nodemean,20,0,12,0.645,0.29000000000000004,0.645,0.6807445048166691,0.14200271457433702,0.84,0.45,0.65,0.555
nodemean,20,1,35,0.6,0.19999999999999996,0.6,0.67693631432678,0.10099250912666317,0.63,0.57,0.57,0.585
nodemean,20,2,77,0.655,0.31000000000000005,0.655,0.8645141464203011,0.20050214052200324,0.59,0.72,0.66,0.565
nodemean,21,0,102,0.985,0.97,0.985,0.11552416506404245,0.04738126516342164,1.0,0.97,0.535,0.98
nodemean,21,1,126,0.975,0.95,0.975,0.10229968139582475,0.016580492258071906,1.0,0.95,0.57,0.975
nodemean,21,2,200,0.975,0.95,0.975,0.07774796200593416,0.014816464185714775,0.96,0.99,0.565,0.99
nodemean,22,0,33,0.59,0.17999999999999994,0.59,0.6713024802623042,0.10069424003362656,0.73,0.45,0.54,0.72
nodemean,22,1,9,0.52,0.040000000000000036,0.52,0.7760089930794407,0.1552503702044487,0.51,0.53,0.51,0.605
nodemean,22,2,20,0.555,0.1100000000000001,0.5549999999999999,0.8227370236753494,0.20154818266630176,0.52,0.59,0.565,0.595
nodemean,23,0,2,0.505,0.010000000000000009,0.505,0.7090191507762191,0.07851506918668749,0.96,0.05,0.5,0.505
nodemean,23,1,36,0.545,0.09000000000000008,0.5449999999999999,0.6945249116501493,0.051105089485645294,0.52,0.57,0.53,0.55
nodemean,23,2,2,0.465,-0.06999999999999995,0.46499999999999997,0.6999887919866837,0.05604189783334733,0.52,0.41,0.47,0.505
nodemean,24,0,35,0.48,-0.040000000000000036,0.48,0.8108517042339882,0.21913135915994644,0.2,0.76,0.47,0.495
nodemean,24,1,22,0.48,-0.040000000000000036,0.48,0.7603174905144531,0.17185582399368288,0.25,0.71,0.48,0.45
nodemean,24,2,30,0.53,0.06000000000000005,0.53,0.7523681149579908,0.13101811736822128,0.52,0.54,0.545,0.475
nodemean,25,0,8,0.855,0.71,0.855,0.505008243465272,0.2230346006155014,0.79,0.92,0.86,0.575
nodemean,25,1,5,0.695,0.3899999999999999,0.695,0.5560179207955948,0.08310969591140746,0.44,0.95,0.685,0.66
nodemean,25,2,20,0.84,0.6799999999999999,0.84,0.3691191314554956,0.032738893032073973,0.73,0.95,0.845,0.565
nodemean,26,0,78,0.73,0.45999999999999996,0.73,0.7573752177352965,0.1749914270639419,0.6,0.86,0.755,0.715
nodemean,26,1,75,0.725,0.44999999999999996,0.725,0.8636003247737676,0.18041905134916308,0.57,0.88,0.725,0.695
nodemean,26,2,68,0.755,0.51,0.755,0.6671209933798784,0.1194896149635315,0.64,0.87,0.755,0.69
nodemean,27,0,42,0.75,0.5,0.75,0.5652480421812541,0.12002078741788871,0.87,0.63,0.75,0.675
nodemean,27,1,54,0.775,0.55,0.775,0.49280425408416284,0.08872073024511333,0.93,0.62,0.785,0.6
nodemean,27,2,63,0.805,0.6100000000000001,0.8049999999999999,0.43070194881953,0.07745733648538591,0.79,0.82,0.805,0.55
nodemean,28,0,59,0.665,0.33000000000000007,0.665,1.0279782567315225,0.2593615412712097,0.35,0.98,0.63,0.81
nodemean,28,1,88,0.74,0.48,0.74,0.6792922441446855,0.1651342085003853,0.62,0.86,0.64,0.88
nodemean,28,2,106,0.75,0.5,0.75,0.5424791871660001,0.1273330122232437,0.65,0.85,0.705,0.81
nodemean,29,0,96,0.85,0.7,0.85,0.3951365970677962,0.06495582729578016,0.98,0.72,0.75,0.95
nodemean,29,1,45,0.675,0.3500000000000001,0.675,0.5743238492617525,0.16243531376123432,1.0,0.35,0.57,0.895
nodemean,29,2,62,0.87,0.74,0.87,0.3046409343334206,0.015189782083034535,0.99,0.75,0.725,0.96
nodemean,30,0,4,0.54,0.08000000000000007,0.54,2.205097769457184,0.24825552105903625,0.24,0.84,0.54,0.52
nodemean,30,1,30,0.605,0.20999999999999996,0.605,0.7943807979116977,0.17299952536821364,0.47,0.74,0.605,0.615
nodemean,30,2,48,0.595,0.18999999999999995,0.595,2.7045799891385243,0.24188597291707992,0.64,0.55,0.595,0.535
nodemean,31,0,94,0.75,0.5,0.75,0.6878785198094352,0.10452265858650212,0.66,0.84,0.73,0.7
nodemean,31,1,77,0.675,0.3500000000000001,0.675,0.8511656406076622,0.21096168249845507,0.49,0.86,0.645,0.635
nodemean,31,2,155,0.66,0.32000000000000006,0.66,1.2622437284169565,0.26330649375915527,0.4,0.92,0.67,0.665
nodemean,32,0,35,0.58,0.15999999999999992,0.5800000000000001,0.8986256527925417,0.20483771145343777,0.68,0.48,0.51,0.885
nodemean,32,1,66,0.645,0.29000000000000004,0.645,1.011477736380024,0.19093115270137787,0.69,0.6,0.54,0.855
nodemean,32,2,10,0.535,0.07000000000000006,0.535,0.7127182439418498,0.06898587137460706,0.61,0.46,0.51,0.595
nodemean,33,0,78,0.9,0.8,0.8999999999999999,0.29315264811098385,0.04716058820486066,0.95,0.85,0.64,0.945
nodemean,33,1,81,0.865,0.73,0.865,0.33586330236123174,0.05101247459650038,0.88,0.85,0.625,0.985
nodemean,33,2,44,0.745,0.49,0.745,0.4527742525745647,0.05712483108043675,0.86,0.63,0.505,0.955
nodemean,34,0,22,0.66,0.32000000000000006,0.66,0.5814794792490401,0.044577037692070005,0.76,0.56,0.67,0.485
nodemean,34,1,10,0.54,0.08000000000000007,0.54,0.7087498212805271,0.10644597768783569,0.5,0.58,0.54,0.485
nodemean,34,2,24,0.575,0.1499999999999999,0.575,0.7192878778198692,0.10566820681095121,0.73,0.42,0.565,0.48
nodemean,35,0,140,0.915,0.8300000000000001,0.915,0.4174477509394566,0.05817776083946228,0.86,0.97,0.925,0.8
nodemean,35,1,122,0.765,0.53,0.765,0.9126538269499385,0.17596730738878247,0.54,0.99,0.74,0.895
nodemean,35,2,139,0.775,0.55,0.7749999999999999,1.6014143170395472,0.19144935607910152,0.58,0.97,0.75,0.9
nodemean,36,0,94,0.96,0.9199999999999999,0.96,0.12743900559082935,0.024445582926273315,0.92,1.0,0.74,0.975
nodemean,36,1,92,0.955,0.9099999999999999,0.9550000000000001,0.12534138794803454,0.008379851877689354,0.91,1.0,0.755,0.975
nodemean,36,2,48,0.96,0.9199999999999999,0.96,0.15495330984480604,0.06306437075138091,0.93,0.99,0.81,0.98
nodemean,37,0,124,0.93,0.8600000000000001,0.9299999999999999,0.2556407337060598,0.03466004252433783,0.95,0.91,0.5,0.935
nodemean,37,1,106,0.94,0.8799999999999999,0.94,0.15062092117385967,0.023178939819335914,0.9,0.98,0.465,0.945
nodemean,37,2,136,0.94,0.8799999999999999,0.94,0.18471684415848294,0.009974329471588168,0.95,0.93,0.525,0.955
nodemean,38,0,16,0.48,-0.040000000000000036,0.48,0.7129752699224748,0.13519071698188778,0.06,0.9,0.49,0.485
nodemean,38,1,2,0.505,0.010000000000000009,0.505,0.698494851024939,0.03895427316427227,0.41,0.6,0.51,0.505
nodemean,38,2,8,0.49,-0.020000000000000018,0.49,0.702551567364079,0.05844353348016744,0.31,0.67,0.495,0.495
nodemean,39,0,32,0.53,0.06000000000000005,0.53,0.8641264021748049,0.22018384188413623,0.71,0.35,0.525,0.57
nodemean,39,1,6,0.555,0.1100000000000001,0.555,0.7338054471778186,0.12399463385343551,0.55,0.56,0.53,0.595
nodemean,39,2,20,0.555,0.1100000000000001,0.5549999999999999,0.7291170971669143,0.10365628242492674,0.54,0.57,0.54,0.55
nodemean,40,0,46,0.58,0.15999999999999992,0.5800000000000001,1.0022524683411649,0.2511834463477135,0.35,0.81,0.56,0.585
nodemean,40,1,58,0.585,0.16999999999999993,0.585,0.8134989935618853,0.1967197880148888,0.45,0.72,0.56,0.625
nodemean,40,2,8,0.59,0.17999999999999994,0.5900000000000001,0.6960105830682194,0.05433264493942259,0.64,0.54,0.585,0.505
nodemean,41,0,5,0.54,0.08000000000000007,0.54,0.7022198207896005,0.03194444000720978,0.53,0.55,0.54,0.505
nodemean,41,1,44,0.595,0.18999999999999995,0.595,0.7975703768503263,0.15493926376104356,0.71,0.48,0.575,0.525
nodemean,41,2,54,0.535,0.07000000000000006,0.5349999999999999,0.8115716161610287,0.16521999061107634,0.71,0.36,0.515,0.535
nodemean,42,0,34,0.62,0.24,0.62,0.8904607412135016,0.23873123705387111,0.97,0.27,0.615,0.595
nodemean,42,1,38,0.665,0.33000000000000007,0.665,0.9170418017771673,0.20020381569862364,0.93,0.4,0.675,0.59
nodemean,42,2,93,0.595,0.18999999999999995,0.595,1.172937461505542,0.30719090789556497,0.95,0.24,0.59,0.66
nodemean,43,0,72,0.565,0.1299999999999999,0.565,1.8232331531381767,0.3862070554494858,0.13,1.0,0.56,0.69
nodemean,43,1,52,0.57,0.1399999999999999,0.57,1.1499729896952267,0.3495035731792451,0.17,0.97,0.605,0.53
nodemean,43,2,125,0.635,0.27,0.635,1.6977041141735625,0.32203567385673526,0.27,1.0,0.635,0.69
nodemean,44,0,151,0.98,0.96,0.98,0.07940714347638858,0.01643152564764014,0.98,0.98,0.71,0.975
nodemean,44,1,92,0.96,0.9199999999999999,0.96,0.12974373539691858,0.043772678077220906,0.98,0.94,0.675,0.95
nodemean,44,2,151,0.915,0.8300000000000001,0.915,0.21595299094377018,0.023127004206180562,0.83,1.0,0.595,0.965
nodemean,45,0,128,0.885,0.77,0.885,0.4133719376359376,0.065257280766964,0.85,0.92,0.57,0.89
nodemean,45,1,90,0.865,0.73,0.865,0.3107900607624009,0.04747513711452484,0.8,0.93,0.57,0.875
nodemean,45,2,138,0.725,0.44999999999999996,0.7250000000000001,0.8511934239193003,0.17699851393699648,0.77,0.68,0.49,0.86
nodemean,46,0,23,0.605,0.20999999999999996,0.605,0.7948576766916691,0.2371340963244438,0.26,0.95,0.6,0.665
nodemean,46,1,64,0.675,0.3500000000000001,0.675,0.7454995462133701,0.1635100987553596,0.42,0.93,0.645,0.72
nodemean,46,2,44,0.745,0.49,0.745,0.6217700880791809,0.11949890583753586,0.58,0.91,0.69,0.63
nodemean,47,0,85,0.835,0.6699999999999999,0.835,0.38133795647534163,0.011015738844871533,0.88,0.79,0.81,0.665
nodemean,47,1,16,0.785,0.5700000000000001,0.785,0.48746877705701874,0.058524693846702586,0.9,0.67,0.79,0.495
nodemean,47,2,56,0.705,0.4099999999999999,0.7050000000000001,0.5625220614905131,0.06483552217483521,0.75,0.66,0.67,0.69
nodemean,48,0,90,0.585,0.16999999999999993,0.585,2.888297295045055,0.38012468099594116,0.67,0.5,0.575,0.585
nodemean,48,1,74,0.6,0.19999999999999996,0.6000000000000001,2.0050941574384074,0.3189783623814583,0.65,0.55,0.615,0.59
nodemean,48,2,70,0.615,0.22999999999999998,0.615,1.9004030453671934,0.33828474253416063,0.7,0.53,0.615,0.605
nodemean,49,0,18,0.57,0.1399999999999999,0.5700000000000001,1.0814769827345538,0.27709904104471206,0.93,0.21,0.565,0.54
nodemean,49,1,43,0.49,-0.020000000000000018,0.49,1.7071501452337379,0.46172149449586875,0.97,0.01,0.5,0.655
nodemean,49,2,62,0.535,0.07000000000000006,0.5349999999999999,1.2080830489932022,0.35900755047798155,0.95,0.12,0.515,0.57
nodemean,50,0,20,0.51,0.020000000000000018,0.51,0.7377271453205012,0.11272319763898848,0.18,0.84,0.51,0.535
nodemean,50,1,13,0.465,-0.06999999999999995,0.46499999999999997,0.7138319867614675,0.10193983584642408,0.41,0.52,0.45,0.5
nodemean,50,2,56,0.54,0.08000000000000007,0.54,0.8631013579028045,0.22302194833755495,0.21,0.87,0.545,0.535
nodemean,51,0,60,0.545,0.09000000000000008,0.545,1.430111951525524,0.33437143117189405,0.68,0.41,0.54,0.605
nodemean,51,1,80,0.61,0.21999999999999997,0.61,1.489183177663881,0.25504343986511235,0.7,0.52,0.61,0.535
nodemean,51,2,164,0.615,0.22999999999999998,0.615,1.6790077951837492,0.3070474931597709,0.67,0.56,0.58,0.58
nodemean,52,0,33,0.615,0.22999999999999998,0.615,0.7466384459348656,0.15951075732707978,0.87,0.36,0.61,0.595
nodemean,52,1,64,0.585,0.16999999999999993,0.585,0.8360005967493457,0.2397012376785278,0.2,0.97,0.56,0.68
nodemean,52,2,60,0.63,0.26,0.63,0.6484056747895712,0.1304646813869476,0.72,0.54,0.595,0.61
nodemean,53,0,6,0.495,-0.010000000000000009,0.495,0.7918952854585704,0.18598171025514607,0.86,0.13,0.5,0.48
nodemean,53,1,22,0.53,0.06000000000000005,0.53,1.1361502789249691,0.30860817730426787,0.88,0.18,0.53,0.54
nodemean,53,2,36,0.52,0.040000000000000036,0.52,0.8074041459480569,0.20194025427103043,0.72,0.32,0.5,0.52
nodemean,54,0,35,0.56,0.1200000000000001,0.56,0.7432522303397883,0.10436294764280324,0.68,0.44,0.555,0.555
nodemean,54,1,50,0.57,0.1399999999999999,0.57,0.7594122948820171,0.14262426882982257,0.31,0.83,0.59,0.51
nodemean,54,2,54,0.51,0.020000000000000018,0.51,0.8578755340417381,0.19105838239192963,0.64,0.38,0.5,0.49
raw_demean,1,0,95,0.815,0.6299999999999999,0.815,0.4519810975480404,0.08678096741437913,0.82,0.81,0.625,0.845
raw_demean,1,1,52,0.65,0.30000000000000004,0.6499999999999999,0.6769255211788796,0.11349630177021025,0.7,0.6,0.625,0.585
raw_demean,1,2,72,0.555,0.1100000000000001,0.5549999999999999,0.803731193060058,0.19160093605518339,0.71,0.4,0.56,0.56
raw_demean,2,0,160,0.595,0.18999999999999995,0.595,1.4285434840836493,0.3287536695599556,0.24,0.95,0.665,0.545
raw_demean,2,1,101,0.565,0.1299999999999999,0.565,1.4307286898993434,0.3554777678847313,0.14,0.99,0.685,0.505
raw_demean,2,2,120,0.695,0.3899999999999999,0.6950000000000001,0.8984462682468376,0.22935513168573374,0.39,1.0,0.71,0.685
raw_demean,3,0,8,0.495,-0.010000000000000009,0.495,0.7277405669589748,0.11640042215585714,0.57,0.42,0.485,0.59
raw_demean,3,1,74,0.86,0.72,0.86,0.32405193341892075,0.046562612652778675,0.74,0.98,0.69,0.84
raw_demean,3,2,108,0.925,0.8500000000000001,0.925,0.19545000874788962,0.029764153063297275,0.87,0.98,0.77,0.88
raw_demean,4,0,59,0.835,0.6699999999999999,0.835,0.36263951336446726,0.0661658385396004,0.8,0.87,0.815,0.77
raw_demean,4,1,71,0.82,0.6399999999999999,0.8200000000000001,0.39638704181592277,0.07306382775306708,0.8,0.84,0.8,0.82
raw_demean,4,2,52,0.805,0.6100000000000001,0.8049999999999999,0.44797958326082,0.08879318177700041,0.76,0.85,0.805,0.675
raw_demean,5,0,64,0.7,0.3999999999999999,0.7,0.7274707126083146,0.12767597466707226,0.62,0.78,0.615,0.77
raw_demean,5,1,110,0.785,0.5700000000000001,0.7849999999999999,0.48447176481122683,0.0687452772259712,0.87,0.7,0.65,0.81
raw_demean,5,2,75,0.76,0.52,0.76,0.5538297880099159,0.07432171523571014,0.73,0.79,0.63,0.8
raw_demean,6,0,32,0.915,0.8300000000000001,0.915,0.2156545527072908,0.021398577988147673,0.86,0.97,0.89,0.9
raw_demean,6,1,38,0.885,0.77,0.885,0.2289097417700779,0.04408550083637238,0.85,0.92,0.865,0.845
raw_demean,6,2,48,0.925,0.8500000000000001,0.925,0.26581470487780334,0.04936554551124579,0.92,0.93,0.885,0.875
raw_demean,7,0,64,0.8,0.6000000000000001,0.8,0.4480224965524296,0.05824930727481843,0.77,0.83,0.815,0.68
raw_demean,7,1,48,0.795,0.5900000000000001,0.795,0.4805847841982521,0.045563470721244795,0.81,0.78,0.775,0.7
raw_demean,7,2,80,0.765,0.53,0.765,0.5116467472871146,0.0874083796143532,0.74,0.79,0.755,0.66
raw_demean,8,0,90,0.695,0.3899999999999999,0.6950000000000001,1.0280614446429883,0.1953775304555893,0.81,0.58,0.675,0.69
raw_demean,8,1,54,0.655,0.31000000000000005,0.655,0.8412672591436009,0.1828335836529732,0.74,0.57,0.63,0.745
raw_demean,8,2,78,0.675,0.3500000000000001,0.675,0.9637136159118884,0.20322559386491776,0.72,0.63,0.685,0.655
raw_demean,9,0,102,0.765,0.53,0.7649999999999999,0.546019567162905,0.06218754827976225,0.71,0.82,0.455,0.82
raw_demean,9,1,154,0.725,0.44999999999999996,0.725,0.785115269532103,0.15306301772594452,0.49,0.96,0.51,0.72
raw_demean,9,2,54,0.59,0.17999999999999994,0.5900000000000001,0.7066474412796836,0.11232911735773082,0.5,0.68,0.505,0.72
raw_demean,10,0,67,0.605,0.20999999999999996,0.605,0.7803769733832538,0.15431042343378068,0.62,0.59,0.56,0.63
raw_demean,10,1,34,0.585,0.16999999999999993,0.585,0.7379251675008678,0.15195238739252087,0.52,0.65,0.51,0.63
raw_demean,10,2,37,0.6,0.19999999999999996,0.6000000000000001,0.6952093300928814,0.07262940794229508,0.64,0.56,0.495,0.615
raw_demean,11,0,30,0.49,-0.020000000000000018,0.49,0.8611874169947484,0.2467013853788376,0.66,0.32,0.505,0.51
raw_demean,11,1,44,0.505,0.010000000000000009,0.505,0.800300702400184,0.16994025260210038,0.54,0.47,0.49,0.51
raw_demean,11,2,21,0.555,0.1100000000000001,0.555,0.752532807862082,0.1269049081206322,0.68,0.43,0.55,0.465
raw_demean,12,0,46,0.64,0.28,0.64,0.8199702246704519,0.1851912423968315,0.42,0.86,0.62,0.57
raw_demean,12,1,36,0.57,0.1399999999999999,0.5700000000000001,0.9485258449560399,0.24157428026199346,0.33,0.81,0.565,0.59
raw_demean,12,2,100,0.585,0.16999999999999993,0.585,1.1424577437196672,0.28286307990550996,0.37,0.8,0.585,0.615
raw_demean,13,0,59,0.565,0.1299999999999999,0.565,0.7964339082745577,0.19714798152446747,0.4,0.73,0.595,0.52
raw_demean,13,1,38,0.6,0.19999999999999996,0.6000000000000001,0.884227975735542,0.19395675331354142,0.53,0.67,0.58,0.505
raw_demean,13,2,92,0.64,0.28,0.64,0.8067549104056024,0.16234314084053036,0.65,0.63,0.635,0.56
raw_demean,14,0,38,0.595,0.18999999999999995,0.595,0.711108293969983,0.10224665671586994,0.71,0.48,0.62,0.52
raw_demean,14,1,48,0.585,0.16999999999999993,0.585,0.76991341319631,0.154045846760273,0.71,0.46,0.595,0.52
raw_demean,14,2,20,0.49,-0.020000000000000018,0.49,0.7254641501651173,0.11950200200080868,0.71,0.27,0.49,0.495
raw_demean,15,0,31,0.77,0.54,0.77,0.5109876434500118,0.05570816934108733,0.73,0.81,0.75,0.645
raw_demean,15,1,20,0.765,0.53,0.765,0.48099293391199227,0.060946372449398004,0.86,0.67,0.755,0.67
raw_demean,15,2,42,0.745,0.49,0.745,0.5310997651248567,0.0685669922828674,0.75,0.74,0.74,0.655
raw_demean,16,0,56,0.66,0.32000000000000006,0.66,0.749625419901474,0.18780883997678754,0.67,0.65,0.645,0.58
raw_demean,16,1,78,0.715,0.42999999999999994,0.7150000000000001,0.6569361688947083,0.13632341384887697,0.66,0.77,0.67,0.765
raw_demean,16,2,58,0.68,0.3600000000000001,0.6799999999999999,0.60139727677308,0.12352869153022768,0.64,0.72,0.685,0.64
raw_demean,17,0,2,0.505,0.010000000000000009,0.505,0.7041514125194125,0.06611724525690074,0.4,0.61,0.495,0.535
raw_demean,17,1,46,0.6,0.19999999999999996,0.6,1.0571591115488903,0.18203804761171344,0.7,0.5,0.565,0.625
raw_demean,17,2,24,0.575,0.1499999999999999,0.575,0.7698390228458257,0.11803915798664094,0.78,0.37,0.565,0.53
raw_demean,18,0,118,0.85,0.7,0.85,0.38738587962396226,0.05757156282663345,0.82,0.88,0.56,0.845
raw_demean,18,1,152,0.88,0.76,0.88,0.32408276339559605,0.05537220478057857,0.91,0.85,0.565,0.86
raw_demean,18,2,89,0.805,0.6100000000000001,0.8049999999999999,0.4331556390737562,0.061184129416942616,0.72,0.89,0.52,0.86
raw_demean,19,0,102,0.77,0.54,0.77,0.6223712954488518,0.10267510533332827,0.79,0.75,0.605,0.75
raw_demean,19,1,79,0.73,0.45999999999999996,0.73,0.5476230368692628,0.062394806146621684,0.62,0.84,0.65,0.725
raw_demean,19,2,37,0.61,0.21999999999999997,0.61,0.6725006866860287,0.0922702768445015,0.7,0.52,0.5,0.74
raw_demean,20,0,103,0.65,0.30000000000000004,0.6499999999999999,0.8359468728531558,0.17115998297929763,0.73,0.57,0.605,0.605
raw_demean,20,1,68,0.66,0.32000000000000006,0.66,0.6903027544158313,0.09770954936742784,0.54,0.78,0.6,0.64
raw_demean,20,2,2,0.54,0.08000000000000007,0.54,0.6959897499297771,0.008721516430378053,0.58,0.5,0.54,0.49
raw_demean,21,0,124,0.96,0.9199999999999999,0.96,0.16092529715843137,0.02902153968811038,1.0,0.92,0.615,0.975
raw_demean,21,1,109,0.935,0.8700000000000001,0.935,0.20663891545043117,0.020785662531852708,1.0,0.87,0.53,0.94
raw_demean,21,2,106,0.94,0.8799999999999999,0.94,0.25943626764608596,0.05383986741304396,0.99,0.89,0.515,0.935
raw_demean,22,0,20,0.555,0.1100000000000001,0.5549999999999999,0.6871356837576293,0.06873635351657867,0.61,0.5,0.52,0.645
raw_demean,22,1,51,0.61,0.21999999999999997,0.61,0.7024202443571519,0.10651326298713684,0.9,0.32,0.525,0.625
raw_demean,22,2,56,0.645,0.29000000000000004,0.645,0.6887066165443304,0.0997924774885178,0.71,0.58,0.53,0.7
raw_demean,23,0,2,0.52,0.040000000000000036,0.52,0.6913972983569662,0.029409734904766102,0.46,0.58,0.525,0.505
raw_demean,23,1,10,0.545,0.09000000000000008,0.5449999999999999,0.704005036905047,0.07077703803777693,0.59,0.5,0.555,0.54
raw_demean,23,2,8,0.5,0.0,0.5,0.7058657872574545,0.06729552328586581,0.7,0.3,0.5,0.505
raw_demean,24,0,2,0.53,0.06000000000000005,0.53,0.6951330648137999,0.04465682357549667,0.41,0.65,0.54,0.51
raw_demean,24,1,20,0.475,-0.050000000000000044,0.475,0.8256932229053736,0.1637943452596665,0.42,0.53,0.465,0.455
raw_demean,24,2,2,0.53,0.06000000000000005,0.53,0.7321630886239561,0.08016696691513064,0.68,0.38,0.53,0.43
raw_demean,25,0,22,0.83,0.6599999999999999,0.83,0.4564846782205475,0.0787702199816703,0.69,0.97,0.82,0.755
raw_demean,25,1,38,0.88,0.76,0.88,0.3117945413934065,0.06572394579648969,0.85,0.91,0.865,0.815
raw_demean,25,2,29,0.905,0.81,0.905,0.200794178351914,0.025557499527931203,0.89,0.92,0.905,0.55
raw_demean,26,0,79,0.76,0.52,0.76,0.6092917263402076,0.1208810630440712,0.69,0.83,0.775,0.725
raw_demean,26,1,118,0.77,0.54,0.77,0.8017248200488014,0.1436020803451538,0.66,0.88,0.765,0.715
raw_demean,26,2,72,0.75,0.5,0.75,0.5904888933452583,0.11561815291643143,0.72,0.78,0.76,0.685
raw_demean,27,0,61,0.755,0.51,0.755,0.5638034272519405,0.11056827694177629,0.77,0.74,0.735,0.715
raw_demean,27,1,80,0.79,0.5800000000000001,0.79,0.5254615449701281,0.08955373108386996,0.83,0.75,0.805,0.65
raw_demean,27,2,66,0.775,0.55,0.775,0.5423491313907489,0.11669794350862506,0.92,0.63,0.785,0.595
raw_demean,28,0,102,0.81,0.6200000000000001,0.81,0.6029251970106642,0.09002959370613103,0.81,0.81,0.735,0.86
raw_demean,28,1,77,0.805,0.6100000000000001,0.805,0.48190856584954217,0.09055868685245516,0.8,0.81,0.745,0.86
raw_demean,28,2,64,0.785,0.5700000000000001,0.7849999999999999,0.5689020780573986,0.0904023134708404,0.74,0.83,0.695,0.805
raw_demean,29,0,116,0.865,0.73,0.865,0.4270783897285236,0.07121832311153409,0.83,0.9,0.82,0.945
raw_demean,29,1,130,0.88,0.76,0.88,0.2818038261177659,0.05086613595485692,0.85,0.91,0.84,0.915
raw_demean,29,2,108,0.93,0.8600000000000001,0.9299999999999999,0.18982532409188477,0.024023222923278752,0.91,0.95,0.89,0.95
raw_demean,30,0,20,0.64,0.28,0.6399999999999999,1.0802490223364405,0.14343797981739043,0.58,0.7,0.635,0.57
raw_demean,30,1,60,0.64,0.28,0.6399999999999999,1.9470051683319616,0.2137480935454369,0.71,0.57,0.605,0.65
raw_demean,30,2,44,0.635,0.27,0.635,2.144387717518504,0.2168513947725296,0.69,0.58,0.62,0.555
raw_demean,31,0,110,0.715,0.42999999999999994,0.7150000000000001,0.6513745715474485,0.11521951049566267,0.63,0.8,0.685,0.635
raw_demean,31,1,118,0.705,0.4099999999999999,0.7050000000000001,0.7723467213884412,0.1664518043398857,0.56,0.85,0.735,0.65
raw_demean,31,2,108,0.785,0.5700000000000001,0.785,0.5661751194308424,0.09066206365823748,0.79,0.78,0.725,0.68
raw_demean,32,0,23,0.6,0.19999999999999996,0.6000000000000001,0.7423086709392777,0.09220164716243742,0.64,0.56,0.53,0.795
raw_demean,32,1,44,0.725,0.44999999999999996,0.725,0.6919283195716254,0.13807697445154188,0.84,0.61,0.525,0.865
raw_demean,32,2,1,0.515,0.030000000000000027,0.515,0.7052632577148868,0.028587885200977364,0.6,0.43,0.515,0.53
raw_demean,33,0,98,0.935,0.8700000000000001,0.935,0.16663658368053005,0.021068634688854206,0.94,0.93,0.685,0.96
raw_demean,33,1,170,0.945,0.8899999999999999,0.9450000000000001,0.12601035448040615,0.023230085670948083,0.92,0.97,0.65,0.975
raw_demean,33,2,60,0.915,0.8300000000000001,0.915,0.2286114295689309,0.05500139534473418,0.96,0.87,0.635,0.98
raw_demean,34,0,41,0.63,0.26,0.63,0.6513890847479168,0.11767796277999878,0.4,0.86,0.6,0.59
raw_demean,34,1,46,0.62,0.24,0.62,0.6498514185910866,0.046464416086673774,0.45,0.79,0.62,0.605
raw_demean,34,2,50,0.575,0.1499999999999999,0.575,0.6994115246067258,0.14631812155246735,0.29,0.86,0.555,0.56
raw_demean,35,0,136,0.91,0.8200000000000001,0.9099999999999999,0.4844861155941952,0.08376358896493905,0.82,1.0,0.9,0.83
raw_demean,35,1,101,0.895,0.79,0.895,0.3764616295028599,0.09500373333692552,0.82,0.97,0.87,0.895
raw_demean,35,2,130,0.91,0.8200000000000001,0.9099999999999999,0.4335989792861018,0.07176267057657251,0.86,0.96,0.895,0.895
raw_demean,36,0,142,0.975,0.95,0.975,0.04722075878042755,0.021347384154796648,0.99,0.96,0.935,0.985
raw_demean,36,1,184,0.985,0.97,0.985,0.053273111111430745,0.010083185434341457,0.97,1.0,0.975,0.97
raw_demean,36,2,132,0.995,0.99,0.995,0.018640231300573462,0.01200464963912963,0.99,1.0,0.905,0.99
raw_demean,37,0,104,0.925,0.8500000000000001,0.925,0.21731899136632982,0.02706651806831356,0.95,0.9,0.54,0.925
raw_demean,37,1,102,0.945,0.8899999999999999,0.9450000000000001,0.14831110860439284,0.04633051007986072,0.92,0.97,0.54,0.945
raw_demean,37,2,89,0.91,0.8200000000000001,0.9099999999999999,0.2586411212543476,0.03977392256259918,0.96,0.86,0.47,0.915
raw_demean,38,0,66,0.695,0.3899999999999999,0.6950000000000001,0.5719863070794231,0.018786735236644675,0.63,0.76,0.695,0.545
raw_demean,38,1,8,0.505,0.010000000000000009,0.505,0.7004377810407835,0.06163220912218097,0.74,0.27,0.495,0.515
raw_demean,38,2,2,0.5,0.0,0.5,0.6963300359270466,0.02908680796623231,0.59,0.41,0.5,0.495
raw_demean,39,0,50,0.65,0.30000000000000004,0.65,0.7861451366648424,0.12023532837629317,0.66,0.64,0.61,0.645
raw_demean,39,1,84,0.64,0.28,0.64,0.7512971517788977,0.15932357609272002,0.68,0.6,0.6,0.69
raw_demean,39,2,68,0.615,0.22999999999999998,0.615,0.8315113751425659,0.19167906582355498,0.64,0.59,0.57,0.575
raw_demean,40,0,72,0.655,0.31000000000000005,0.655,0.6540448963216045,0.1231926450133324,0.44,0.87,0.68,0.57
raw_demean,40,1,44,0.68,0.3600000000000001,0.6799999999999999,0.5928849369051551,0.07487635225057604,0.7,0.66,0.66,0.57
raw_demean,40,2,51,0.705,0.4099999999999999,0.705,0.5939045180854211,0.06005205750465395,0.69,0.72,0.685,0.55
raw_demean,41,0,43,0.58,0.15999999999999992,0.5800000000000001,0.8310882788977091,0.20799007922410964,0.5,0.66,0.595,0.475
raw_demean,41,1,52,0.53,0.06000000000000005,0.53,0.9721550688229971,0.23261990904808044,0.67,0.39,0.54,0.525
raw_demean,41,2,58,0.535,0.07000000000000006,0.535,1.2751867337167038,0.2779339998960495,0.79,0.28,0.535,0.505
raw_demean,42,0,39,0.635,0.27,0.635,0.7314881464973614,0.15201490223407743,0.75,0.52,0.645,0.565
raw_demean,42,1,22,0.655,0.31000000000000005,0.655,0.6888003825887098,0.08383875608444216,0.78,0.53,0.65,0.585
raw_demean,42,2,44,0.655,0.31000000000000005,0.655,0.7483410655763909,0.12362167507410052,0.93,0.38,0.63,0.6
raw_demean,43,0,86,0.87,0.74,0.87,0.3620890673934029,0.05582420825958253,0.87,0.87,0.785,0.77
raw_demean,43,1,72,0.855,0.71,0.855,0.34060356071680187,0.04708507120609284,0.83,0.88,0.865,0.545
raw_demean,43,2,132,0.84,0.6799999999999999,0.8400000000000001,0.4271652981854339,0.0825723510980606,0.81,0.87,0.8,0.705
raw_demean,44,0,162,0.965,0.9299999999999999,0.965,0.11614598025111768,0.010457777082920085,0.96,0.97,0.725,0.975
raw_demean,44,1,199,0.985,0.97,0.985,0.07895050438241132,0.027848235070705378,0.98,0.99,0.69,0.975
raw_demean,44,2,235,0.96,0.9199999999999999,0.96,0.12483647519102509,0.01238448649644853,1.0,0.92,0.69,0.97
raw_demean,45,0,129,0.8,0.6000000000000001,0.8,0.57940349080182,0.08866902351379398,0.87,0.73,0.57,0.865
raw_demean,45,1,95,0.77,0.54,0.77,0.5223622858043875,0.10295501708984375,0.8,0.74,0.625,0.895
raw_demean,45,2,100,0.725,0.44999999999999996,0.7250000000000001,0.8807457461765084,0.16245471268892286,0.79,0.66,0.565,0.81
raw_demean,46,0,26,0.66,0.32000000000000006,0.6599999999999999,0.6067085286544864,0.0865403625369072,0.69,0.63,0.645,0.675
raw_demean,46,1,10,0.65,0.30000000000000004,0.6499999999999999,0.6266216551107984,0.06564585477113725,0.71,0.59,0.645,0.645
raw_demean,46,2,28,0.73,0.45999999999999996,0.73,0.5252052312134685,0.05754015862941744,0.79,0.67,0.715,0.605
raw_demean,47,0,16,0.775,0.55,0.7749999999999999,0.4755942571574032,0.05913302212953567,0.85,0.7,0.775,0.5
raw_demean,47,1,51,0.81,0.6200000000000001,0.81,0.4896457980775137,0.057302309870719936,0.77,0.85,0.785,0.695
raw_demean,47,2,46,0.74,0.48,0.74,0.5103839218396429,0.04101018846035,0.69,0.79,0.715,0.665
raw_demean,48,0,46,0.69,0.3799999999999999,0.69,0.9413030103690722,0.207027879357338,0.68,0.7,0.705,0.605
raw_demean,48,1,46,0.71,0.41999999999999993,0.71,0.8422174134861988,0.13899902462959288,0.72,0.7,0.705,0.605
raw_demean,48,2,50,0.695,0.3899999999999999,0.6950000000000001,0.8000536231106942,0.18706042587757105,0.73,0.66,0.71,0.635
raw_demean,49,0,53,0.725,0.44999999999999996,0.725,0.5182978817871432,0.039707563519477865,0.82,0.63,0.705,0.645
raw_demean,49,1,44,0.67,0.3400000000000001,0.6699999999999999,0.6098521613235129,0.08926589280366895,0.65,0.69,0.645,0.66
raw_demean,49,2,16,0.595,0.18999999999999995,0.595,0.674410622625492,0.06430025964975357,0.68,0.51,0.605,0.535
raw_demean,50,0,62,0.545,0.09000000000000008,0.545,0.9009354238642346,0.21587442904710769,0.22,0.87,0.53,0.515
raw_demean,50,1,66,0.55,0.10000000000000009,0.55,0.9482579841425715,0.24080164998769762,0.27,0.83,0.455,0.565
raw_demean,50,2,19,0.51,0.020000000000000018,0.51,0.7248691098874082,0.13851205170154576,0.24,0.78,0.51,0.505
raw_demean,51,0,50,0.645,0.29000000000000004,0.645,0.7925990618418581,0.1547435009479523,0.66,0.63,0.62,0.565
raw_demean,51,1,94,0.64,0.28,0.6399999999999999,0.8861271038094771,0.19193774431943894,0.69,0.59,0.65,0.53
raw_demean,51,2,86,0.615,0.22999999999999998,0.615,0.9815819774648866,0.23036989629268645,0.6,0.63,0.62,0.555
raw_demean,52,0,52,0.645,0.29000000000000004,0.645,0.6356488498800396,0.10107472777366638,0.67,0.62,0.615,0.67
raw_demean,52,1,30,0.64,0.28,0.64,0.6025477833627059,0.052765168249607114,0.52,0.76,0.625,0.635
raw_demean,52,2,68,0.61,0.21999999999999997,0.61,0.6626269181046545,0.14878282636404033,0.49,0.73,0.6,0.615
raw_demean,53,0,68,0.61,0.21999999999999997,0.6100000000000001,0.9639131777367379,0.2276943880319595,0.67,0.55,0.56,0.54
raw_demean,53,1,17,0.53,0.06000000000000005,0.53,0.7083001744196545,0.10070509135723112,0.58,0.48,0.515,0.565
raw_demean,53,2,1,0.53,0.06000000000000005,0.53,0.692236504073334,0.0027359944581986095,0.72,0.34,0.53,0.555
raw_demean,54,0,60,0.545,0.09000000000000008,0.545,1.0530301007001857,0.22286329448223116,0.55,0.54,0.535,0.54
raw_demean,54,1,58,0.56,0.1200000000000001,0.56,0.7946707254238641,0.15366293787956237,0.45,0.67,0.56,0.52
raw_demean,54,2,50,0.565,0.1299999999999999,0.5650000000000001,0.7502447971018911,0.08755548059940343,0.46,0.67,0.535,0.5
