subject,source_trials,target_trials,source_within_session_10fold_accuracy,source_within_session_10fold_sd,session1_to_session2_accuracy
1,167,180,0.4,0.16518953265672254,0.35
2,171,178,0.3160130718954248,0.10502863282302884,0.33146067415730335
3,178,178,0.6238562091503268,0.10067210215688265,0.33707865168539325
4,179,180,0.3732026143790849,0.12671612816074082,0.3277777777777778
5,172,178,0.4947712418300654,0.09772644371474191,0.33707865168539325
6,179,180,0.6758169934640523,0.044802903212011906,0.49444444444444446
7,180,179,0.6444444444444446,0.08364140585656454,0.5921787709497207
8,180,180,0.2833333333333333,0.1029403119236096,0.3333333333333333
9,180,180,0.6833333333333333,0.09091064969358204,0.48333333333333334
10,178,180,0.28137254901960784,0.08950311619693678,0.2777777777777778
11,180,180,0.3666666666666667,0.11475506210984938,0.35
12,180,180,0.3388888888888889,0.06651216665210359,0.39444444444444443
13,180,179,0.33888888888888885,0.08050764858994132,0.39106145251396646
14,180,178,0.6444444444444444,0.12058385626740523,0.38202247191011235
15,180,180,0.8166666666666668,0.09460770203292443,0.3333333333333333
16,180,180,0.3555555555555555,0.11770554505237558,0.3388888888888889
17,200,180,0.34500000000000003,0.10394977419675118,0.3333333333333333
18,180,180,0.7388888888888888,0.07878536068956538,0.5
19,180,180,0.4666666666666667,0.09868824144054983,0.3611111111111111
20,173,179,0.657843137254902,0.11491264698738532,0.35195530726256985
