subject,npfeegnet_rd,spectral_only,no_spectral_prior,fbcnet_author_training
1,0.6733333333333333,0.6016666666666667,0.5750000000000001,0.8250000000000001
2,0.6183333333333333,0.5983333333333333,0.695,0.7600000000000001
3,0.7600000000000001,0.9216666666666667,0.61,0.9516666666666667
4,0.82,0.7783333333333333,0.8216666666666668,0.7483333333333334
5,0.7483333333333334,0.835,0.5966666666666666,0.8250000000000001
6,0.9083333333333333,0.8916666666666666,0.9166666666666666,0.8716666666666667
7,0.7866666666666667,0.6016666666666667,0.7616666666666667,0.6033333333333334
8,0.6750000000000002,0.7066666666666666,0.6333333333333333,0.6316666666666667
9,0.6933333333333334,0.7383333333333333,0.5233333333333333,0.7383333333333333
10,0.5966666666666667,0.6383333333333333,0.52,0.6233333333333334
11,0.5166666666666667,0.48500000000000004,0.49666666666666665,0.505
12,0.5983333333333333,0.56,0.605,0.6033333333333334
13,0.6016666666666667,0.5016666666666666,0.61,0.5483333333333333
14,0.5566666666666666,0.49666666666666676,0.5633333333333334,0.5483333333333333
15,0.7600000000000001,0.645,0.7483333333333334,0.6749999999999999
16,0.685,0.6583333333333333,0.6750000000000002,0.6366666666666666
17,0.5599999999999999,0.5466666666666667,0.5766666666666667,0.6316666666666667
18,0.8450000000000001,0.8516666666666666,0.5166666666666667,0.8466666666666667
19,0.7033333333333333,0.7233333333333333,0.5583333333333333,0.6933333333333334
20,0.6166666666666667,0.5716666666666668,0.605,0.6166666666666667
21,0.945,0.98,0.52,0.9966666666666667
22,0.6033333333333334,0.6183333333333333,0.5433333333333333,0.6416666666666667
23,0.5216666666666666,0.5566666666666668,0.5233333333333334,0.5716666666666667
24,0.5116666666666666,0.4883333333333333,0.49,0.5016666666666666
25,0.8716666666666667,0.6350000000000001,0.8683333333333333,0.6416666666666667
26,0.7600000000000001,0.7316666666666668,0.7783333333333333,0.63
27,0.7733333333333333,0.6116666666666667,0.7799999999999999,0.5366666666666666
28,0.8000000000000002,0.7999999999999999,0.7733333333333334,0.9366666666666666
29,0.8916666666666667,0.9433333333333334,0.86,0.9316666666666666
30,0.6383333333333333,0.5983333333333333,0.6349999999999999,0.6466666666666666
31,0.735,0.5933333333333333,0.7233333333333333,0.6516666666666667
32,0.6133333333333333,0.6816666666666666,0.535,0.8283333333333333
33,0.9316666666666666,0.9733333333333333,0.6316666666666667,0.9700000000000001
34,0.6083333333333333,0.5533333333333333,0.6016666666666666,0.59
35,0.9050000000000001,0.8716666666666667,0.8966666666666666,0.68
36,0.985,0.9900000000000001,0.8649999999999999,0.9583333333333334
37,0.9266666666666667,0.8966666666666666,0.5,0.9199999999999999
38,0.5666666666666667,0.5183333333333334,0.535,0.52
39,0.635,0.6333333333333333,0.5966666666666667,0.7583333333333333
40,0.68,0.5633333333333334,0.6566666666666667,0.5766666666666667
41,0.5483333333333333,0.5083333333333333,0.5433333333333333,0.49833333333333335
42,0.6483333333333333,0.64,0.66,0.6366666666666667
43,0.855,0.615,0.835,0.7833333333333333
44,0.9700000000000001,0.9566666666666667,0.71,0.9816666666666666
45,0.765,0.8383333333333334,0.5983333333333333,0.8649999999999999
46,0.68,0.6266666666666666,0.6983333333333334,0.6749999999999999
47,0.775,0.575,0.775,0.5950000000000001
48,0.6983333333333333,0.5966666666666666,0.7033333333333333,0.6316666666666667
49,0.6633333333333333,0.5616666666666666,0.6866666666666666,0.63
50,0.535,0.5083333333333334,0.5233333333333333,0.5383333333333332
51,0.6333333333333334,0.5833333333333334,0.6216666666666666,0.63
52,0.6316666666666667,0.6583333333333333,0.6666666666666666,0.7233333333333333
53,0.5566666666666668,0.5466666666666667,0.5833333333333334,0.5416666666666666
54,0.5566666666666666,0.5166666666666667,0.5433333333333333,0.54
