subject,seed,retrain_epochs,accuracy,kappa,nll,ece
1,0,184,0.785,0.5700000000000001,0.4981055978180693,0.04762789160013201
1,1,182,0.785,0.5700000000000001,0.4376894439203568,0.04208750426769259
1,2,240,0.85,0.7,0.39785807775673215,0.0674754345417023
2,0,288,0.75,0.5,0.5738090224584684,0.11032356351614003
2,1,280,0.81,0.62,0.4830356499560672,0.06319412559270862
2,2,276,0.6,0.19999999999999996,0.9554469323301487,0.32126424551010135
3,0,223,0.935,0.87,0.16453661037686543,0.03052453726530073
3,1,206,0.945,0.89,0.15806229135662836,0.0297696459293365
3,2,203,0.955,0.91,0.1405956784395277,0.032697341740131336
4,0,48,0.72,0.43999999999999995,0.5446935766543095,0.09117216289043426
4,1,84,0.775,0.55,0.5052043653458078,0.046266306936740866
4,2,96,0.75,0.5,0.5098159905348767,0.06709521085023881
5,0,270,0.845,0.69,0.3673055346331384,0.062182865440845475
5,1,246,0.85,0.7,0.346427449585484,0.03696575403213501
5,2,194,0.845,0.69,0.36106190283137324,0.04164421737194063
6,0,25,0.71,0.42000000000000004,0.5343865009676406,0.07305363744497298
6,1,70,0.79,0.5800000000000001,0.43796630719151525,0.03536747783422471
6,2,16,0.775,0.55,0.5468398499679537,0.11789084196090695
7,0,24,0.55,0.09999999999999998,0.7333894737447443,0.13004097640514375
7,1,22,0.52,0.040000000000000036,0.9521625853094505,0.30447216629981994
7,2,8,0.5,0.0,0.7775878003935973,0.16917846560478209
8,0,39,0.645,0.29000000000000004,0.6195938359927772,0.03804428666830061
8,1,56,0.645,0.29000000000000004,0.6055542139966863,0.05625438719987866
8,2,25,0.575,0.15000000000000002,0.6671350941399811,0.09870946884155272
9,0,248,0.8,0.6,0.4554253659444614,0.07015251100063324
9,1,124,0.725,0.44999999999999996,0.5939139150943668,0.09616248935461046
9,2,204,0.775,0.55,0.4732021171416278,0.0686948144435882
10,0,32,0.62,0.24,0.6437240946096771,0.08811731755733491
10,1,46,0.65,0.30000000000000004,0.609731232731246,0.041757802665233615
10,2,115,0.62,0.24,0.6252660476629851,0.10417447537183759
11,0,18,0.5,0.0,0.7429684903907944,0.12574098587036134
11,1,58,0.5,0.0,0.7914792500867008,0.16546323597431184
11,2,17,0.48,-0.040000000000000036,0.7434204768850476,0.13614043742418291
12,0,7,0.46,-0.08000000000000007,0.7253552008600637,0.1683937522768974
12,1,4,0.525,0.050000000000000044,0.7399260592875396,0.14719541043043138
12,2,11,0.54,0.07999999999999996,0.7289555746311772,0.11317332804203033
13,0,10,0.505,0.010000000000000009,0.7277763471195067,0.09561508208513259
13,1,30,0.555,0.10999999999999999,0.749844798623269,0.09246168971061702
13,2,8,0.485,-0.030000000000000027,0.798439045246567,0.18887157887220382
14,0,74,0.515,0.030000000000000027,0.8580579288353982,0.2497954431176186
14,1,40,0.46,-0.08000000000000007,0.8185651199795764,0.23380347281694414
14,2,38,0.52,0.040000000000000036,0.8127828164502625,0.18968891680240635
15,0,222,0.58,0.16000000000000003,0.6887198342214984,0.12149907767772677
15,1,124,0.595,0.18999999999999995,0.6874747685317658,0.10733454734086993
15,2,219,0.585,0.17000000000000004,0.7184092959056625,0.1315542858839035
16,0,40,0.58,0.16000000000000003,0.6984663454585214,0.10458824366331099
16,1,44,0.64,0.28,0.7008973370102349,0.09112665891647337
16,2,10,0.505,0.010000000000000009,0.7563869580700806,0.1616142675280571
17,0,94,0.6,0.19999999999999996,0.7207179045437914,0.13186318308115008
17,1,79,0.625,0.25,0.7133132712959958,0.11097145527601242
17,2,205,0.685,0.37,0.6390304741880537,0.0623030790686607
18,0,172,0.82,0.64,0.3320367192108374,0.059971705675125137
18,1,132,0.81,0.62,0.36842125868887726,0.082461165189743
18,2,156,0.86,0.72,0.27855344044376884,0.08639132618904116
19,0,78,0.67,0.33999999999999997,0.5412122712029166,0.08950224310159684
19,1,160,0.745,0.49,0.5397320593070064,0.0626304265856743
19,2,54,0.72,0.43999999999999995,0.5628793273022081,0.047905017137527484
20,0,44,0.56,0.12,0.6813145318251179,0.12166722536087039
20,1,16,0.575,0.15000000000000002,0.7016673087011003,0.10208766162395477
20,2,95,0.59,0.18000000000000005,0.6465372792118339,0.10870914965868002
21,0,280,0.995,0.99,0.053205938925708726,0.04345135957002641
21,1,218,0.99,0.98,0.06520794281137551,0.045082457959651934
21,2,270,1.0,1.0,0.05183037680912342,0.046056239306926684
22,0,116,0.74,0.48,0.5419597138881405,0.05670459985733036
22,1,80,0.72,0.43999999999999995,0.5816844465396177,0.06076028883457185
22,2,112,0.715,0.43000000000000005,0.5355685439497516,0.055800733268260995
23,0,38,0.58,0.16000000000000003,0.7033968463578314,0.09473812580108647
23,1,30,0.52,0.040000000000000036,0.7340421367374226,0.13040818512439728
23,2,15,0.52,0.040000000000000036,0.732721610422434,0.11699480414390562
24,0,20,0.525,0.050000000000000044,0.7344602669234419,0.10221770703792567
24,1,5,0.505,0.010000000000000009,0.7505714977997456,0.14798045307397845
24,2,44,0.45,-0.10000000000000009,0.9089581487452706,0.2603826880455017
25,0,29,0.625,0.25,0.6673639949910668,0.0666749221086502
25,1,16,0.65,0.30000000000000004,0.6486684911117709,0.07335042268037796
25,2,50,0.64,0.28,0.6133999971722252,0.07374532610177993
26,0,24,0.55,0.09999999999999998,0.7274070235249012,0.09628164112567898
26,1,18,0.5,0.0,0.771239802041871,0.14421325504779822
26,2,30,0.55,0.09999999999999998,0.700713334674949,0.08467357486486436
27,0,43,0.515,0.030000000000000027,0.8659823845044307,0.22149675130844118
27,1,53,0.485,-0.030000000000000027,0.9003018813810294,0.22117361903190616
27,2,42,0.53,0.06000000000000005,0.801590933414486,0.16574257731437686
28,0,190,0.945,0.89,0.18896360388763322,0.06563928216695782
28,1,158,0.93,0.86,0.19792726431661833,0.07714166671037676
28,2,296,0.955,0.91,0.17124874390978287,0.06682659953832629
29,0,106,0.925,0.85,0.18922010244408605,0.04181893646717068
29,1,67,0.96,0.92,0.1319719487680932,0.03865770608186718
29,2,46,0.93,0.86,0.19223427189518424,0.015236666798591607
30,0,167,0.63,0.26,0.6867696143303965,0.10704596251249314
30,1,32,0.54,0.07999999999999996,0.7957121382472274,0.19278978139162056
30,2,15,0.54,0.07999999999999996,0.8015601621909166,0.19084157675504682
31,0,32,0.54,0.07999999999999996,0.7185434935225001,0.09977503776550294
31,1,100,0.64,0.28,0.643471488213573,0.10900683850049969
31,2,34,0.54,0.07999999999999996,0.7179610311765394,0.10930258661508561
32,0,22,0.73,0.45999999999999996,0.5211045844523542,0.039258070290088626
32,1,74,0.9,0.8,0.3107781012699351,0.10693336874246596
32,2,118,0.89,0.78,0.2991369107631161,0.0794506055116653
33,0,290,0.95,0.9,0.12413546803589817,0.041204847395420116
33,1,249,0.94,0.88,0.14421549824824542,0.043651838302612295
33,2,256,0.965,0.9299999999999999,0.11104846201768356,0.04966575324535369
34,0,38,0.515,0.030000000000000027,0.6886823706015965,0.10732608646154401
34,1,25,0.54,0.07999999999999996,0.7017764648109602,0.08075119644403454
34,2,13,0.51,0.020000000000000018,0.762021498255886,0.15019469469785687
35,0,178,0.765,0.53,0.4563662025047753,0.04483737438917162
35,1,145,0.745,0.49,0.4931633874180425,0.052763721942901604
35,2,164,0.8,0.6,0.44658927725464714,0.04013076335191726
36,0,224,0.965,0.9299999999999999,0.0693475216893863,0.0217984822392464
36,1,208,0.975,0.95,0.06861024632438471,0.019007648825645415
36,2,78,0.98,0.96,0.06349464026530453,0.029030205607414213
37,0,142,0.935,0.87,0.17378683685667157,0.030003272294998176
37,1,210,0.925,0.85,0.18409648749852056,0.040519616901874535
37,2,204,0.95,0.9,0.14606371436084387,0.04207631915807727
38,0,138,0.565,0.13,0.7337511467168517,0.1145702040195465
38,1,23,0.56,0.12,0.7047859273363933,0.06228158712387086
38,2,80,0.545,0.08999999999999997,0.7662981826722983,0.1385171753168106
39,0,62,0.695,0.39,0.5765084191666766,0.07533601224422455
39,1,200,0.725,0.44999999999999996,0.5225788681063872,0.05807373076677323
39,2,194,0.79,0.5800000000000001,0.46364379396342187,0.05249833375215528
40,0,28,0.615,0.22999999999999998,0.6824989551249616,0.06400785565376284
40,1,26,0.55,0.09999999999999998,0.7477663118916362,0.1417619663476944
40,2,29,0.58,0.16000000000000003,0.7247270531718745,0.07300302296876902
41,0,12,0.495,-0.010000000000000009,0.7360725895484512,0.1271872824430466
41,1,26,0.505,0.010000000000000009,0.7699829424387852,0.1384118163585663
41,2,27,0.515,0.030000000000000027,0.7637320807289685,0.1382188957929611
42,0,18,0.625,0.25,0.6925182369896195,0.0796097415685654
42,1,4,0.535,0.06999999999999995,0.7144021866808913,0.09173046201467512
42,2,15,0.595,0.18999999999999995,0.7258085571341565,0.13960098385810854
43,0,192,0.805,0.61,0.45173660173825625,0.07755619496107101
43,1,148,0.825,0.65,0.4659185639500479,0.11836978971958163
43,2,156,0.775,0.55,0.4841975606573908,0.055957133769989016
44,0,108,0.97,0.94,0.09635909484248989,0.04507353991270063
44,1,110,0.985,0.97,0.08474190546105895,0.04339608728885652
44,2,186,0.98,0.96,0.0816888198923754,0.03186544984579087
45,0,196,0.885,0.77,0.2566740579403068,0.03128422498703
45,1,181,0.88,0.76,0.26447331403665514,0.0325449815392494
45,2,122,0.885,0.77,0.27469399926433025,0.0212043944001198
46,0,14,0.595,0.18999999999999995,0.6576232787372203,0.050417223870754264
46,1,26,0.595,0.18999999999999995,0.6619438548610538,0.08082510381937028
46,2,38,0.685,0.37,0.5962611178891476,0.06592350631952287
47,0,2,0.505,0.010000000000000009,0.7074979482486857,0.09242747604846954
47,1,4,0.495,-0.010000000000000009,0.7358685555807821,0.1217311662435532
47,2,6,0.55,0.09999999999999998,0.7983904282302322,0.17198843240737913
48,0,94,0.565,0.13,0.8213509385415761,0.16477048993110655
48,1,92,0.57,0.14,0.7633978751155638,0.1621149429678917
48,2,28,0.575,0.15000000000000002,0.7622335610928315,0.12925880700349807
49,0,42,0.61,0.21999999999999997,0.6333169087958153,0.0817103856801987
49,1,130,0.665,0.32999999999999996,0.6096273032939696,0.05512284755706787
49,2,82,0.645,0.29000000000000004,0.6245302659515253,0.05356376439332961
50,0,22,0.51,0.020000000000000018,0.8186160453118657,0.20278334170579917
50,1,22,0.525,0.050000000000000044,0.8274624793407221,0.21441908240318297
50,2,108,0.52,0.040000000000000036,0.8159308738531331,0.19237743049860004
51,0,26,0.49,-0.020000000000000018,0.7529773905848526,0.19415688067674636
51,1,79,0.64,0.28,0.6553033948407544,0.04674063980579381
51,2,92,0.605,0.20999999999999996,0.6657775100193577,0.06999189764261246
52,0,122,0.685,0.37,0.5943794402304104,0.07268780708312987
52,1,103,0.64,0.28,0.6189244284896115,0.07527124077081684
52,2,68,0.59,0.18000000000000005,0.7536131233320831,0.20321278810501098
53,0,32,0.465,-0.07000000000000006,0.8061307578052584,0.21020865947008133
53,1,24,0.48,-0.040000000000000036,0.8226628940529449,0.21580277264118194
53,2,36,0.49,-0.020000000000000018,0.7992168528021381,0.18979393303394318
54,0,67,0.55,0.09999999999999998,0.7770984535224283,0.14940488994121556
54,1,51,0.57,0.14,0.7632399456489243,0.144971461892128
54,2,48,0.53,0.06000000000000005,0.7394720051767086,0.15597207248210904
